url,title,words,h1,h2,h3,li,ul,ol,tables,has_visible_faq,has_faq_schema,listicle,comparison,dateModified,schema_types
https://oroinc.com/b2b-ecommerce/,#1 B2B eCommerce Platform and Software - OroCommerce,4182,1,15,25,133,27,1,0,true,true,false,false,true,AggregateRating|Answer|BreadcrumbList|FAQPage|ListItem|Organization|Product|Question|WebPage|WebSite
https://www.optimizely.com/optimization-glossary/b2b-ecommerce,B2B commerce,1433,1,6,12,10,1,1,0,false,false,false,true,false,
https://www.b2bea.org/b2b-ecommerce-platforms,Best B2B eCommerce Platforms 2026 | Ultimate Guide | B2BEA,3840,2,14,32,110,37,4,0,false,false,false,false,true,BreadcrumbList|ImageObject|ListItem|NewsArticle|Organization|Person|SiteNavigationElement|WebPage|WebSite
https://oroinc.com/b2b-ecommerce/blog/best-b2b-ecommerce-platform/,Best B2B Ecommerce Platform: 5 Top Solutions Compared,4224,1,12,22,167,28,3,3,true,false,true,true,false,Article|BreadcrumbList|CommentAction|EntryPoint|ImageObject|ListItem|Organization|Person|PropertyValueSpecification|ReadAction|SearchAction|WebPage|WebSite
https://www.bettercommerce.io/blog/what-is-a-b2b-ecommerce-platform,What is a B2B eCommerce Platform,5250,1,11,10,362,14,1,2,true,false,false,true,false,
https://www.newmediacampaigns.com/b2b-website-design,,0,1,0,0,0,0,0,0,false,false,false,false,false,
https://www.windmillstrategy.com/the-best-b2b-website-design-examples-b2b-website-examples-that-hit-the-mark/,The Best B2B Website Design Examples | Windmill Strategy,2450,1,10,16,84,19,0,0,true,false,false,false,true,Article|BreadcrumbList|EntryPoint|ImageObject|ListItem|Organization|Person|PropertyValueSpecification|ReadAction|SearchAction|WebPage|WebSite
https://www.outerboxdesign.com/digital-marketing-services/web-design/b2b/,B2B Web Design | B2B Web Design Services &amp; Development - OuterBox,4330,1,13,11,270,53,1,0,true,true,false,false,true,Answer|BreadcrumbList|EntryPoint|FAQPage|ImageObject|ListItem|OpeningHoursSpecification|PostalAddress|PropertyValueSpecification|QuantitativeValue|Question|ReadAction|SearchAction|WebPage|WebSite
https://directiveconsulting.com/blog/blog-best-b2b-websites-examples/,Best B2B Websites: 9 Beautiful Examples Built to Convert - Directive,4225,1,32,26,95,22,0,0,true,false,false,false,true,Article|BreadcrumbList|EntryPoint|ImageObject|ListItem|Person|PropertyValueSpecification|ReadAction|SearchAction|WebPage|WebSite
https://www.uniformmarket.com/blog/b2b-website-design,The Best Practices for a Great B2B Website Design - UniformMarket Blog,3575,1,17,23,67,18,0,1,true,false,false,true,true,BlogPosting|ContactPoint|ImageObject|Organization|Person|Place|PostalAddress|WebPage|WebSite
https://headq.io/ecommerce-for-manufacturers-definitive-guide,Ecommerce For Manufacturers – Definitive Guide (2026) - HeadQ | Self-Serve B2B Product Con,3883,1,5,0,18,3,0,0,true,false,false,false,false,
https://www.ontapgroup.com/blog/b2b-ecommerce-for-manufacturers,B2B eCommerce for manufacturers: A Strategic guide to building scalable growth in 2026  | ,7242,1,6,19,69,15,1,0,false,false,true,false,true,BlogPosting|ImageObject|Organization|Person
https://www.elasticpath.com/blog/ecommerce-for-manufacturers-2,"B2B eCommerce for Manufacturers: Platforms, Features &amp;… | Elastic Path",3035,1,25,12,144,33,0,0,true,true,false,false,true,Answer|Article|BreadcrumbList|FAQPage|ImageObject|ListItem|Organization|PostalAddress|Question|WebSite
https://www.tacton.com/cpq-blog/the-rise-of-ecommerce-for-manufacturing/,The Rise of e-commerce for Manufacturing - Tacton,2288,1,3,20,203,38,0,0,false,false,false,true,true,Article|BreadcrumbList|CommentAction|EntryPoint|ImageObject|ListItem|Organization|Person|PropertyValueSpecification|ReadAction|SearchAction|WebPage|WebSite
https://www.atwix.com/manufacturing-industry/ecommerce-for-manufacturing-companies/,eCommerce for Manufacturing Companies: Guide 2026 | Atwix,2813,1,7,21,81,25,0,6,false,false,false,true,true,Article|BreadcrumbList|ImageObject|ListItem|Organization|Person|PostalAddress|WebPage|WebSite
https://www.itransition.com/ecommerce/development,Ecommerce Development Services,3348,1,13,13,124,25,0,2,true,true,false,true,false,Answer|FAQPage|LocalBusiness|OpeningHoursSpecification|PostalAddress|Question
https://netlynxinc.com/ecommerce-web-development-services/,Ecommerce Web Development Agency | Netlynx Inc,2850,1,15,18,130,25,6,0,true,true,false,false,true,Answer|BreadcrumbList|EntryPoint|FAQPage|ImageObject|ListItem|Organization|PropertyValueSpecification|Question|ReadAction|SearchAction|WebPage|WebSite
https://www.commercepundit.com/ecommerce-development-services/,"Ecommerce Development Company — Shopify, Magento &amp; Custom",2734,1,22,28,228,64,0,1,true,true,false,true,true,Answer|Article|ContactPoint|Country|FAQPage|ImageObject|LocalBusiness|OpeningHoursSpecification|Organization|Person|Place|PostalAddress|Question|SearchAction|Service|WebPage|WebSite
https://spiralscout.com/services/software-development/ecommerce-development,E-commerce Development | Shopify Plus | Spiral Scout,2723,1,10,44,161,38,0,0,false,true,false,false,false,Answer|FAQPage|Question
https://intellias.com/ecommerce-development-services/,eCommerce Development Services - Intellias,2740,1,12,22,113,41,0,0,true,true,false,false,true,Answer|BreadcrumbList|EntryPoint|FAQPage|ImageObject|ListItem|Organization|PropertyValueSpecification|QuantitativeValue|Question|ReadAction|SearchAction|Service|WebPage|WebSite
https://invozone.com/e-commerce/,Custom Ecommerce Development Services - InvoZone,1440,1,15,41,88,15,0,0,true,true,false,false,false,AggregateRating|Answer|BreadcrumbList|FAQPage|GeoCoordinates|ListItem|LocalBusiness|OpeningHoursSpecification|Person|PostalAddress|Question|SearchAction|WebSite|product
https://www.fiverr.com/categories/programming-tech/buy/website-development/e-commerce,E-commerce Website Development  services | Fiverr,1670,1,3,8,147,20,2,0,true,true,false,false,false,Answer|BreadcrumbList|FAQPage|ListItem|Question
https://www.outerboxdesign.com/articles/web-design/shopify-website-design-pricing/,Shopify Website Cost | 2026 Shopify Website Design Pricing - OuterBox,3310,1,13,0,212,46,0,2,true,true,false,true,true,Answer|Article|BreadcrumbList|EntryPoint|FAQPage|ImageObject|ListItem|OpeningHoursSpecification|Person|PostalAddress|PropertyValueSpecification|QuantitativeValue|Question|ReadAction|SearchAction|WebPage|WebSite
https://proximatesolutions.com/shopify-store-development-cost-2026-guide/,Shopify Store Cost Guide: Budgeting for Custom E-Commerce,2689,1,2,18,115,27,0,0,true,false,false,false,true,BlogPosting|ImageObject|Organization|Person
https://www.kumohq.co/blog/how-much-does-shopify-website-development-cost,Shopify Website Development Cost in 2026 | KUMO,1128,1,7,10,16,2,0,2,true,false,false,true,true,Article|BreadcrumbList|ListItem|Organization|PostalAddress
https://webdesksolution.com/blog/how-much-does-it-cost-to-build-a-shopify-website/,How Much Does It Cost to Build a Shopify Website?,3367,1,6,11,124,33,0,1,true,true,false,true,true,Answer|BreadcrumbList|ContactPoint|FAQPage|ImageObject|ListItem|Organization|PostalAddress|Question|WebPage
https://www.webyking.com/blog/shopify-website-cost-guide/,Shopify Website Cost 2026 [Complete Guide],3476,1,15,25,168,46,0,0,true,true,false,true,true,Answer|Article|BreadcrumbList|ContactPoint|FAQPage|ImageObject|ListItem|Organization|Person|Place|PostalAddress|Question|WebPage|WebSite
https://digitalsuits.co/blog/how-much-does-it-cost-to-build-a-shopify-website/,How Much Does It Cost to Build a Shopify Website? | DS,3104,1,8,7,63,9,2,2,true,true,false,true,false,Answer|BlogPosting|BreadcrumbList|FAQPage|ImageObject|ListItem|Organization|Person|Question|WebPage|WebSite
https://apps.shopify.com/cart2cart-magento-importer,Import from Magento - Save time on store migration and scale your business easily. | Shopi,1061,1,12,4,82,17,0,0,true,false,false,false,false,SoftwareApplication
https://matrixify.app/tutorials/migrate-products-from-magento-to-shopify/,Migrate Products from Magento to Shopify - Matrixify App,2051,1,11,8,70,15,1,0,false,false,false,false,true,BreadcrumbList|EntryPoint|ImageObject|ListItem|Organization|PropertyValueSpecification|ReadAction|SearchAction|WebPage|WebSite
https://matrixify.app/migrate-to-shopify/magento/,Migrate from Magento to Shopify - Matrixify App,2270,1,8,15,52,10,0,0,false,false,false,false,true,BreadcrumbList|EntryPoint|ImageObject|ListItem|Organization|PropertyValueSpecification|ReadAction|SearchAction|WebPage|WebSite
https://matrixify.app/tutorials/migrate-customers-from-magento-to-shopify/,Migrate Customers from Magento v1 to Shopify - Matrixify App,1048,1,11,4,57,12,1,0,false,false,false,false,true,BreadcrumbList|EntryPoint|ImageObject|ListItem|Organization|PropertyValueSpecification|ReadAction|SearchAction|WebPage|WebSite
https://www.referralcandy.com/blog/the-complete-magento-to-shopify-migration-checklist-your-step-by-step-guide,The Complete Magento to Shopify Migration Checklist: Your Step-by-Step Guide,4606,6,13,41,34,7,0,0,true,false,false,true,true,AggregateRating|Article|BreadcrumbList|EntryPoint|ImageObject|ListItem|Organization|Person|SearchAction|WebSite
https://www.rebuyengine.com/blog/migration-magento-to-shopify,Ultimate Guide to Migrating from&nbsp;Adobe Commerce (Magento) to Shopify,4724,1,11,35,168,46,0,0,true,false,true,true,false,
https://litextension.com/shopify-migration/magento-to-shopify-migration.html,Magento to Shopify Migration Experts | Zero Downtime Transfer,5705,1,10,34,211,35,3,2,true,false,true,true,false,AggregateRating|BreadcrumbList|ImageObject|ListItem|Offer|Organization|Thing|VideoObject|WebApplication
https://wise.com/us/blog/best-ecommerce-platform-for-small-business,Top 4 Best Ecommerce Platforms for Small Business in 2026 | US - Wise,2778,1,7,11,166,17,1,4,true,false,false,true,false,BlogPosting|ImageObject|Organization|Person
https://www.commercepundit.com/blog/affordable-e-commerce-platforms-for-small-businesses/,Best Affordable Ecommerce Platforms for Small Businesses (2026),6070,1,15,129,300,84,0,4,true,false,true,true,true,BlogPosting|ContactPoint|Country|ImageObject|LocalBusiness|OpeningHoursSpecification|Organization|Person|Place|PostalAddress|SearchAction|WebPage|WebSite
https://ecomm.design/best-ecommerce-platforms-for-beginners/,Best Ecommerce Platforms for Beginners: Expert Picks for 2026 | eCommerce Website Design G,3186,1,9,10,125,23,1,14,false,false,true,true,true,Article|BreadcrumbList|CommentAction|EntryPoint|ImageObject|ListItem|Organization|Person|PropertyValueSpecification|ReadAction|SearchAction|WebPage|WebSite
https://launchmystore.io/blog/best-ecommerce-platform-for-small-business,Best Ecommerce Platform for Small Business in 2026,1817,1,10,15,46,8,1,1,true,true,false,true,true,AggregateOffer|AggregateRating|Answer|BlogPosting|BreadcrumbList|ContactPoint|EntryPoint|FAQPage|ImageObject|ListItem|Offer|Organization|Person|QuantitativeValue|Question|SearchAction|SoftwareApplication|SpeakableSpecification|Thing|UnitPriceSpecification|WebPage|WebSite
https://www.elsner.com/hire-ecommerce-developer/,Hire Ecommerce Developers | Enterprise Ecommerce Expert,2320,1,13,12,143,29,0,0,true,false,false,false,true,BreadcrumbList|ContactPoint|GeoCoordinates|ImageObject|ListItem|LocalBusiness|OpeningHoursSpecification|Organization|Place|PostalAddress|WebPage|WebSite
https://www.toptal.com/developers/ecommerce,11 Best Freelance E-commerce Developers for Hire in August 2026 | Toptal®,6324,1,9,59,90,16,3,2,true,true,true,true,true,AggregateRating|Answer|BreadcrumbList|CollegeOrUniversity|ContactPoint|FAQPage|ImageObject|ListItem|OfferCatalog|Organization|OrganizationRole|Person|PostalAddress|Product|Question|TechArticle|WebPage
https://parallelstaff.com/roles/hire-ecommerce-developers/,Hire Ecommerce Developers To Build Scalable Online Stores,1574,1,8,3,0,0,0,0,true,false,false,false,false,Brand|BreadcrumbList|ListItem|Organization|Service|WebPage
https://www.freelancer.com/hire/ecommerce,Find Top eCommerce Developers for Hire on Freelancer (August 2026),5501,1,21,11,0,0,0,0,false,true,false,false,false,AggregateRating|Answer|FAQPage|Product|Question
https://magnetoitsolutions.com/hire/ecommerce-developer,Hire Best eCommerce Website and App Developers,2962,1,11,69,264,29,0,0,true,true,false,false,false,AggregateRating|Answer|Article|BreadcrumbList|Country|FAQPage|ImageObject|ListItem|LocalBusiness|OpeningHoursSpecification|Organization|PostalAddress|Question|Service|SpeakableSpecification|WebPage
https://lemon.io/hire/ecommerce-developers/,34 Hand-Picked E-commerce Developers for Hire in 24 Hours,2836,1,16,12,301,48,1,0,true,true,false,false,true,AggregateOffer|AggregateRating|Answer|BreadcrumbList|ContactPoint|EntryPoint|FAQPage|HowTo|HowToStep|ImageObject|ListItem|Organization|Product|PropertyValueSpecification|Question|ReadAction|SearchAction|WebPage|WebSite
https://oroinc.com/b2b-ecommerce/blog/best-b2b-ecommerce-platform-for-wholesale/,Best B2B eCommerce Platform for Wholesale: 5 Top Options in 2026,4461,1,10,19,169,29,2,1,true,false,true,true,true,Article|BreadcrumbList|CommentAction|EntryPoint|ImageObject|ListItem|Organization|Person|PropertyValueSpecification|ReadAction|SearchAction|WebPage|WebSite
https://www.salsify.com/glossary/wholesale-ecommerce-platform-meaning,Wholesale Ecommerce Platform,1303,1,3,0,242,58,0,0,false,false,false,false,false,
https://spreecommerce.org/use-cases/wholesale-ecommerce/,Wholesale eCommerce Platform for B2B | Spree Commerce,1081,1,5,3,82,20,0,0,true,true,false,false,false,Answer|FAQPage|ItemList|ListItem|Organization|Question
https://www.shipbob.com/au/blog/wholesale-ecommerce/,Wholesale Ecommerce Explained + 4 Best Platforms for Wholesale - ShipBob Australia,3705,2,20,27,60,10,0,0,true,false,true,true,true,BreadcrumbList|EntryPoint|ImageObject|ListItem|Organization|Person|PropertyValueSpecification|ReadAction|SearchAction|WebPage|WebSite
https://wizcommerce.com/product/b2b-ecommerce-platform/,B2B E-Commerce Platform &amp; Storefront Software | WizShop,2216,1,12,38,89,19,0,0,true,true,false,false,true,AggregateRating|Answer|BreadcrumbList|EntryPoint|FAQPage|ImageObject|ListItem|Offer|Organization|PropertyValueSpecification|Question|ReadAction|SearchAction|SoftwareApplication|WebPage|WebSite
https://wise.com/us/blog/best-wholesale-ecommerce-platform,Top 3 Best Wholesale eCommerce Platforms for B2B Businesses - Wise,2594,1,7,10,164,18,1,2,true,false,false,true,false,BlogPosting|ImageObject|Organization|Person
https://www.clickpost.ai/blog/wholesale-and-b2b-ecommerce-tools,Top 10 Wholesale &amp; B2B Ecommerce Platforms and Tools for 2026,3165,1,3,12,92,20,0,1,false,false,true,true,true,BlogPosting|BreadcrumbList|ImageObject|ListItem|Organization|Person|WebPage
https://www.onemagnify.com/services/ecommerce,eCommerce Marketing Agency Services | OneMagnify,1607,1,8,28,28,7,0,0,true,false,false,true,false,WebSite
https://www.linkedin.com/company/ecommerce-marketing-agency,Ecommerce Marketing Agency LLC | LinkedIn,828,1,9,19,85,14,0,0,false,false,false,false,false,ImageObject|Organization|QuantitativeValue
https://www.avexdesigns.com/,Platinum Shopify Plus Agency | Ecommerce Design &amp; Development | Avex,827,1,11,0,47,15,0,0,false,false,false,false,false,ContactPoint|Organization|PostalAddress|ProfilePage|WebPage
https://www.iwdagency.com/,Ecommerce Development Agency | Shopify Plus &amp; Adobe Commerce,1867,1,8,14,83,15,1,0,true,true,false,false,false,AggregateRating|Answer|ContactPoint|EntryPoint|FAQPage|Offer|OfferCatalog|Organization|PostalAddress|ProgramMembership|QuantitativeValue|Question|SearchAction|Service|WebSite
https://www.bighuman.com/services/full-service-ecommerce-agency,Full-Service Ecommerce and Marketing Agency | Big Human | Big Human,2036,1,14,23,12,2,0,0,true,true,true,false,false,Answer|BreadcrumbList|ContactPoint|FAQPage|ListItem|Organization|Question|Service
https://www.growthmarketingpro.com/ecommerce-digital-marketing-agency/,"The World&#039;s #1 Ecommerce Marketing Agency: Run by Experts, Not Newbs",1926,1,16,9,132,19,0,0,true,true,false,false,true,Answer|BreadcrumbList|EntryPoint|FAQPage|ImageObject|ListItem|Organization|PropertyValueSpecification|Question|ReadAction|SearchAction|WebPage|WebSite
