kw-audience-intent,,,,,,,,,,,,,,,,,,,,,,,,,
1 April 2025 - 31 March 2026,,,,,,,,,,,,,,,,,,,,,,,,,
Keyword,Currency,Avg. monthly searches,Three month change,YoY change,Competition,Competition (indexed value),Top of page bid (low range),Top of page bid (high range),Ad impression share,Organic impression share,Organic average position,In account?,In plan?,Searches: Apr 2025,Searches: May 2025,Searches: Jun 2025,Searches: Jul 2025,Searches: Aug 2025,Searches: Sep 2025,Searches: Oct 2025,Searches: Nov 2025,Searches: Dec 2025,Searches: Jan 2026,Searches: Feb 2026,Searches: Mar 2026
web design for startups,INR,260,255%,-19%,Low,6,453.49,1891.56,,,,,,480,260,140,90,140,720,320,210,260,110,70,390
web design for small business,INR,2900,0%,-56%,Low,11,750.57,3117.96,,,,,,4400,3600,2900,2900,2900,5400,2900,1600,880,2900,1000,2900
web design for restaurants,INR,1000,156%,-47%,Low,13,425.18,2151.71,,,,,,1600,1900,1600,1000,1000,1600,880,590,390,390,390,1000
web design for law firms,INR,2900,190%,-19%,Low,14,3306.93,7558.70,,,,,,3600,4400,2900,2400,2400,6600,2400,1000,1000,1000,1300,2900
web design for healthcare,INR,590,127%,-55%,Low,10,798.39,3779.35,,,,,,1300,1000,590,480,320,1600,390,110,140,260,140,590
web design for real estate,INR,1300,49%,-70%,Low,16,729.17,2880.85,,,,,,2400,2400,1900,1300,1300,1900,590,590,590,590,480,880
web design for contractors,INR,1000,-58%,-38%,Low,9,482.08,3117.96,,,,,,1600,1300,1300,720,720,2400,1000,320,320,2400,590,1000
web design for saas companies,INR,10,0%,0%,Low,10,,,,,,,,10,10,10,10,0,10,0,10,0,10,10,10
website builders for small business,INR,6600,49%,49%,Low,23,866.27,3768.73,,,,,,6600,5400,6600,6600,5400,6600,6600,5400,5400,8100,9900,12100
website designers for small business,INR,1300,39%,-66%,Low,20,1052.43,4193.95,,,,,,2900,1900,1300,880,1000,1900,1000,720,720,720,590,1000
law firm website design,INR,2900,190%,-19%,Low,14,3306.93,7558.70,,,,Y,,3600,4400,2900,2400,2400,6600,2400,1000,1000,1000,1300,2900
medical website design,INR,1000,125%,-70%,Low,12,889.09,4157.28,,,,Y,,2900,1600,720,880,590,2400,590,210,210,320,210,720
website design for small business,INR,2900,0%,-56%,Low,11,750.57,3117.96,,,,Y,,4400,3600,2900,2900,2900,5400,2900,1600,880,2900,1000,2900
restaurant website design,INR,1000,156%,-47%,Low,13,425.18,2151.71,,,,Y,,1600,1900,1600,1000,1000,1600,880,590,390,390,390,1000
average cost of website design for small business,INR,390,321%,-33%,Medium,38,267.39,1177.18,,,,,,880,880,590,480,390,390,260,110,90,140,260,590
cheap websites for small business,INR,390,86%,-76%,Medium,39,789.74,3161.17,,,,,,1000,480,480,390,390,720,320,210,210,210,260,390
website developers for small business,INR,2900,0%,-56%,Low,11,750.57,3117.96,,,,,,4400,3600,2900,2900,2900,5400,2900,1600,880,2900,1000,2900
best website builder for restaurants,INR,210,53%,-33%,Low,26,889.99,3470.34,,,,,,320,390,260,170,170,260,260,140,170,170,110,260
affordable websites for small business,INR,390,86%,-76%,Medium,39,789.74,3161.17,,,,,,1000,480,480,390,390,720,320,210,210,210,260,390
realtor website design,INR,1300,49%,-70%,Low,16,729.17,2880.85,,,,,,2400,2400,1900,1300,1300,1900,590,590,590,590,480,880
real estate website design,INR,1300,49%,-70%,Low,16,729.17,2880.85,,,,Y,,2400,2400,1900,1300,1300,1900,590,590,590,590,480,880
top website builders for small business,INR,5400,0%,-33%,High,67,750.80,3803.38,,,,,,6600,5400,5400,4400,4400,5400,5400,4400,4400,5400,4400,5400
cheap website design for small business,INR,70,100%,-82%,Low,27,1442.76,4773.56,,,,,,210,140,70,40,20,140,20,10,40,10,10,20
lawyer website design,INR,2400,82%,-70%,Low,9,2881.70,7558.70,,,,,,4400,3600,2400,2400,1600,8100,2400,1300,720,880,1000,1600
small business website design services,INR,4400,233%,-46%,Low,8,536.04,2703.93,,,,,,2900,2400,1600,40500,1900,3600,1600,880,480,390,480,1300
website designers for small business near me,INR,140,-29%,-92%,Medium,50,883.64,3117.96,,,,,,480,260,210,170,140,140,70,70,50,70,50,50
healthcare website design,INR,590,127%,-55%,Low,10,798.39,3779.35,,,,Y,,1300,1000,590,480,320,1600,390,110,140,260,140,590
best website designer for small business,INR,70,0%,-18%,High,67,1138.61,3541.10,,,,,,90,70,70,50,70,140,70,30,20,90,90,90
attorney website design,INR,2400,82%,-70%,Low,9,2881.70,7558.70,,,,,,4400,3600,2400,2400,1600,8100,2400,1300,720,880,1000,1600
best real estate website design,INR,210,21%,-65%,Low,23,553.67,2362.09,,,,,,390,590,390,170,140,210,140,110,140,140,140,170
best law firm website design companies,INR,140,143%,0%,Low,10,3306.93,11527.02,,,,,,210,170,170,210,140,210,90,40,50,70,110,170
affordable web design for small business,INR,590,85%,-70%,Low,13,1266.53,3540.46,,,,,,1300,880,480,210,320,1600,320,110,260,260,260,480
real estate website developer,INR,20,0%,-86%,Low,20,,,,,,Y,,40,30,30,20,30,40,20,20,10,10,10,10
inexpensive website design for small business,INR,590,85%,-70%,Low,13,1266.53,3540.46,,,,,,1300,880,480,210,320,1600,320,110,260,260,260,480
website design companies for small business,INR,590,324%,-45%,Low,3,1035.54,3416.44,,,,,,1300,1000,590,260,480,1300,480,110,170,170,140,720
best website design companies for small business,INR,210,133%,-46%,Low,6,962.53,4057.13,,,,,,390,390,210,110,210,390,90,50,70,90,70,210
legal website design,INR,590,85%,-45%,Low,4,3306.93,8031.12,,,,,,880,880,590,320,320,2400,390,260,260,260,260,480
website cost for small business,INR,320,243%,-45%,Low,19,275.89,1183.88,,,,,,720,590,480,320,140,210,170,110,140,140,170,480
simple website for small business,INR,50,100%,-64%,Low,31,803.52,3930.53,,,,,,90,90,70,90,50,20,30,50,20,20,30,40
best website developers for small business,INR,170,89%,-47%,Low,28,584.85,3179.17,,,,,,320,260,140,110,140,210,140,70,70,90,110,170
real estate website creator,INR,880,22%,-55%,Low,25,1358.73,4963.23,,,,,,1600,1000,880,880,880,880,590,480,390,590,480,720
luxury real estate website design,INR,50,25%,-55%,Medium,46,422.31,1562.00,,,,,,70,110,90,50,70,40,50,20,50,40,50,50
real estate agent website examples,INR,210,24%,-33%,Medium,37,425.18,1879.58,,,,,,320,320,210,170,170,260,210,140,140,210,210,260
web design for lawyers,INR,2400,82%,-70%,Low,9,2881.70,7558.70,,,,,,4400,3600,2400,2400,1600,8100,2400,1300,720,880,1000,1600
real estate website designers,INR,140,0%,-82%,Medium,34,1254.60,4342.48,,,,,,320,260,170,70,140,260,70,30,20,70,70,70
website creation for small business,INR,6600,49%,49%,Low,23,866.27,3768.73,,,,,,6600,5400,6600,6600,5400,6600,6600,5400,5400,8100,9900,12100
law firm website design cost,INR,90,75%,-50%,Low,7,624.05,6010.71,,,,,,90,70,140,70,70,260,50,50,40,40,30,70
medical website development,INR,260,200%,-71%,Low,2,669.89,4251.77,,,,,,720,390,170,90,90,880,70,10,70,70,30,210
top 10 website builders for small business,INR,10,0%,-67%,High,86,1531.76,4771.20,,,,,,30,20,10,10,10,20,10,10,10,10,20,10
real estate agent website design,INR,260,55%,-65%,Low,25,955.87,3215.28,,,,,,390,590,390,320,320,480,170,110,90,110,140,170
commercial real estate website design,INR,590,320%,-94%,Low,7,661.39,2364.26,,,,,,3600,1900,170,110,210,390,210,90,70,50,70,210
best healthcare website design,INR,110,80%,-47%,Low,24,350.53,1578.82,,,,,,210,210,140,90,110,170,70,40,40,50,40,90
restaurant website design company,INR,140,250%,-64%,Low,5,433.48,972.03,,,,,,390,210,140,90,140,210,70,30,20,40,40,140
best medical website design,INR,260,22%,-81%,Low,18,395.65,1700.71,,,,,,720,390,170,140,90,880,70,20,50,90,50,110
saas website design agency,INR,320,321%,51%,Low,3,1708.03,4445.46,,,,,,480,390,210,110,90,720,390,320,170,140,40,590
best website creators for small business,INR,140,21%,-19%,Medium,64,906.26,4272.04,,,,,,170,210,140,170,140,110,90,110,90,140,140,170
web page designers for small business,INR,1300,39%,-66%,Low,20,1052.43,4193.95,,,,,,2900,1900,1300,880,1000,1900,1000,720,720,720,590,1000
healthcare website design company,INR,140,250%,-46%,Low,10,1005.70,4457.52,,,,,,480,260,210,110,110,260,30,30,40,40,30,140
website design for small business near me,INR,90,80%,-47%,Low,11,348.36,2434.57,,,,,,260,110,90,170,40,140,110,20,10,50,50,90
contractor website design,INR,1000,-58%,-38%,Low,9,482.08,3117.96,,,,,,1600,1300,1300,720,720,2400,1000,320,320,2400,590,1000
web design services for small business,INR,4400,233%,-46%,Low,8,536.04,2703.93,,,,,,2900,2400,1600,40500,1900,3600,1600,880,480,390,480,1300
low cost websites for small business,INR,20,0%,-33%,High,86,864.82,2671.96,,,,,,30,30,30,30,30,30,20,20,20,20,20,20
web developer for small business,INR,170,27%,-64%,Low,22,869.89,4361.33,,,,,,320,260,110,70,90,480,140,50,50,110,70,140
real estate website companies,INR,170,0%,-66%,Medium,54,546.69,2362.09,,,,,,320,210,170,110,170,260,140,70,50,110,110,110
real estate website development,INR,90,350%,-72%,Low,19,1433.36,2618.56,,,,Y,,210,210,90,90,90,210,40,50,30,20,40,90
inexpensive websites for small businesses,INR,390,86%,-76%,Medium,39,789.74,3161.17,,,,,,1000,480,480,390,390,720,320,210,210,210,260,390
best website design for small business,INR,170,89%,-47%,Low,28,584.85,3179.17,,,,,,320,260,140,110,140,210,140,70,70,90,110,170
custom websites for small businesses,INR,70,67%,-76%,Medium,42,518.41,2403.74,,,,,,210,90,40,20,40,170,30,20,20,30,20,50
real estate website development services,INR,30,33%,-43%,Low,1,,,,,,,,50,70,40,10,50,50,10,20,30,30,10,40
food website design,INR,140,56%,-46%,Low,9,183.03,863.40,,,,,,260,170,70,90,110,260,110,90,110,90,70,140
small law firm website design,INR,210,55%,-35%,Low,20,3306.93,5196.61,,,,,,260,260,170,320,140,720,90,50,70,110,110,170
medical web design,INR,1000,125%,-70%,Low,12,889.09,4157.28,,,,,,2900,1600,720,880,590,2400,590,210,210,320,210,720
real estate web developer,INR,70,400%,-44%,Low,15,1645.38,3835.33,,,,,,140,90,30,50,70,140,50,20,10,10,30,50
custom real estate website,INR,70,-20%,-76%,Medium,37,879.41,3440.56,,,,,,140,140,40,40,40,170,40,20,20,50,20,40
law firm website designers,INR,170,67%,-92%,Low,26,3430.70,8493.27,,,,,,480,260,210,110,110,720,90,70,30,30,40,50
best real estate websites for agents,INR,50,0%,-55%,High,69,908.65,4723.68,,,,,,110,70,50,30,50,70,40,40,40,50,70,50
menu design website,INR,210,50%,-46%,Low,28,217.53,1018.11,,,,,,320,320,210,210,210,260,210,170,140,140,210,210
estate agent website design,INR,30,100%,-78%,Low,0,,,,,,,,70,30,20,20,50,70,50,10,20,10,10,20
best cheap website for small business,INR,10,0%,0%,High,86,835.61,2963.02,,,,,,10,10,20,10,10,20,10,10,10,10,10,10
real estate idx website design,INR,30,0%,-86%,Medium,43,,,,,,,,90,70,70,40,50,20,10,10,10,10,20,10
best ecommerce websites for small business,INR,90,80%,-47%,Low,20,422.21,2303.51,,,,,,170,140,90,90,70,70,70,70,110,50,40,90
healthcare website developer,INR,10,0%,-67%,Low,29,,,,,,,,30,20,10,10,20,20,10,10,10,10,10,10
best web designers for small business,INR,70,0%,-18%,High,67,1138.61,3541.10,,,,,,90,70,70,50,70,140,70,30,20,90,90,90
real estate website design companies,INR,140,420%,-19%,Low,1,,,,,,,,320,320,170,70,170,260,50,40,20,50,70,260
web development for small businesses,INR,390,-19%,-76%,Low,7,708.63,3067.40,,,,,,880,480,480,260,260,1300,260,70,110,260,90,210
small business website design near me,INR,90,200%,-85%,Low,8,514.21,4724.19,,,,,,260,90,50,10,50,50,70,110,260,30,50,90
modern real estate website design,INR,10,0%,0%,Low,32,,,,,,,,10,10,10,10,10,10,10,10,10,10,10,10
law firm website developer,INR,210,100%,-56%,Low,4,4724.19,8503.54,,,,,,390,390,210,110,170,590,170,140,90,70,50,140
best restaurant website design,INR,140,89%,-35%,Medium,42,349.59,1333.01,,,,,,320,210,140,110,140,260,90,110,90,90,110,170
property website design,INR,10,100%,0%,Low,13,,,,,,Y,,20,20,10,10,10,10,10,10,10,10,10,20
medical office website design,INR,40,300%,-56%,Low,9,1127.31,4062.80,,,,,,90,50,30,30,40,70,20,20,10,10,10,40
best web design for small business,INR,170,89%,-47%,Low,28,584.85,3179.17,,,,,,320,260,140,110,140,210,140,70,70,90,110,170
best website design for attorneys,INR,260,-18%,-57%,Low,14,1975.66,4959.45,,,,,,210,210,170,70,70,1000,260,210,210,110,90,90
medical clinic website design,INR,110,40%,-73%,Low,12,981.63,2451.54,,,,,,260,170,140,70,70,390,40,30,20,50,40,70
legal website designer,INR,140,40%,-36%,Low,6,4724.19,11389.14,,,,,,140,110,50,30,40,720,90,70,50,50,50,70
real estate web design agency,INR,70,100%,27%,Low,3,606.59,1060.11,,,,,,110,90,110,70,70,10,30,30,30,70,40,140
small business web design near me,INR,70,22%,-93%,Low,3,,,,,,,,210,70,30,20,30,40,20,50,70,90,90,110
cost of website design for small business,INR,110,89%,-19%,Low,32,369.15,1462.47,,,,,,210,110,110,90,70,70,110,70,70,90,90,170
best real estate website developers,INR,10,0%,0%,Medium,57,,,,,,,,10,10,0,10,10,10,10,10,0,10,10,10
medical website designers,INR,50,50%,-79%,Low,4,,,,,,,,170,90,40,20,50,170,10,10,10,20,10,30
legal web design,INR,590,85%,-45%,Low,4,3306.93,8031.12,,,,,,880,880,590,320,320,2400,390,260,260,260,260,480
medical device website design,INR,40,0%,-89%,Low,27,610.37,3237.08,,,,,,90,50,50,40,20,170,10,10,10,10,10,10
web design contractor,INR,1000,-58%,-38%,Low,9,482.08,3117.96,,,,,,1600,1300,1300,720,720,2400,1000,320,320,2400,590,1000
web design for medical practices,INR,320,89%,-76%,Low,11,2589.98,8809.66,,,,,,720,480,390,210,210,1000,110,70,70,90,70,170
restaurant web designers,INR,90,200%,-57%,Low,16,857.71,3292.34,,,,,,170,140,140,70,70,50,50,140,30,30,30,90
healthcare website designer,INR,90,120%,-35%,Low,5,2078.64,12815.56,,,,,,170,110,110,50,70,260,30,10,70,50,20,110
cafe website design,INR,140,89%,21%,Low,22,235.26,1132.92,,,,,,90,140,110,140,170,320,110,110,90,90,110,170
best real estate website design 2022,INR,0,0%,-100%,Unknown,,,,,,,,,0,0,0,0,0,0,0,0,0,0,0,0
web design cost for small business,INR,110,89%,-19%,Low,32,369.15,1462.47,,,,,,210,110,110,90,70,70,110,70,70,90,90,170
best lawyer website design,INR,260,-18%,-57%,Low,14,1975.66,4959.45,,,,,,210,210,170,70,70,1000,260,210,210,110,90,90
cost of building a website for a small business,INR,30,-33%,-50%,Medium,36,183.88,870.77,,,,,,70,30,20,30,20,20,20,10,10,30,20,20
small ecommerce website,INR,30,150%,0%,Low,11,325.32,1794.25,,,,,,70,40,30,30,10,20,10,10,10,20,20,50
law firm website design companies,INR,260,-18%,-64%,Low,18,3306.93,7558.70,,,,,,320,320,390,210,210,1300,170,90,50,170,110,140
startup website design,INR,260,255%,-19%,Low,6,453.49,1891.56,,,,,,480,260,140,90,140,720,320,210,260,110,70,390
healthcare web design companies,INR,90,450%,-35%,Low,2,,,,,,,,170,110,90,50,40,210,70,90,20,20,20,110
best saas website designs,INR,110,27%,0%,Medium,47,368.59,1543.92,,,,,,170,140,140,90,110,210,110,90,90,110,90,140
ui ux design firms,INR,590,233%,0%,Low,1,459.19,2366.82,,,,,,1600,1300,880,390,320,880,260,90,170,390,260,1300
medical website developer,INR,110,67%,-84%,Low,13,1772.62,5611.79,,,,,,320,170,110,50,70,480,70,10,10,30,10,50
web design services for small business near me,INR,70,200%,-67%,Low,5,,,,,,,,480,90,50,10,10,70,30,10,10,10,10,30
small business web design packages,INR,260,550%,-46%,Low,2,420.18,1989.03,,,,,,590,480,320,140,140,720,90,30,40,40,50,260
modern medical website design,INR,10,0%,-50%,Low,16,,,,,,,,10,10,10,20,10,10,10,20,10,10,20,10
modern law firm websites,INR,50,0%,200%,Low,13,1764.96,4724.19,,,,,,30,50,10,10,20,390,70,20,20,30,20,30
website design costs for small business,INR,110,89%,-19%,Low,32,369.15,1462.47,,,,,,210,110,110,90,70,70,110,70,70,90,90,170
website design contractor,INR,1000,-58%,-38%,Low,9,482.08,3117.96,,,,,,1600,1300,1300,720,720,2400,1000,320,320,2400,590,1000
best law firm website design,INR,390,53%,-19%,Low,23,2172.18,6330.41,,,,,,320,390,320,170,210,1900,260,210,170,170,140,260
healthcare website development,INR,320,255%,-46%,Low,4,1346.39,5051.10,,,,,,720,480,320,170,140,720,110,40,170,110,90,390
law firm website builders,INR,170,27%,-33%,Low,17,3779.35,9448.37,,,,,,320,260,170,90,140,480,140,140,110,110,70,140
website builder for roofing company,INR,10,100%,-50%,Low,4,,,,,,,,20,10,20,10,10,10,0,10,10,10,10,20
restaurant website designer,INR,90,200%,-57%,Low,16,857.71,3292.34,,,,,,170,140,140,70,70,50,50,140,30,30,30,90
best web design companies for small business,INR,70,600%,0%,Low,3,1110.18,3117.96,,,,,,140,90,50,10,20,90,40,20,90,20,20,140
kvcore website design,INR,10,0%,-100%,Unknown,,,,,,,,,10,10,0,0,0,0,0,10,0,0,0,0
restaurant website development,INR,70,600%,-59%,Low,9,928.78,3277.20,,,,,,140,110,90,40,50,260,20,10,10,10,20,70
start up website design,INR,10,0%,0%,High,71,339.53,4282.19,,,,,,10,20,10,10,10,10,10,10,10,10,10,10
restaurant websites examples,INR,210,50%,-19%,Low,19,224.87,728.02,,,,,,260,260,210,140,140,210,390,210,140,140,170,210
real estate developer website design,INR,10,0%,-50%,Low,0,,,,,,,,10,10,10,10,10,10,10,10,10,10,10,10
roofing company website design,INR,90,40%,-73%,Low,6,429.03,1315.21,,,,,,260,170,140,40,40,260,30,20,20,50,50,70
small business website agency,INR,50,100%,-60%,Low,17,718.92,2801.98,,,,,,40,30,30,10,50,210,40,70,30,10,10,20
restaurant web design agency,INR,140,250%,-64%,Low,5,433.48,972.03,,,,,,390,210,140,90,140,210,70,30,20,40,40,140
restaurant website developer,INR,10,0%,-50%,Medium,49,2203.06,4471.42,,,,,,20,20,20,10,20,20,10,10,10,10,10,10
best medical clinic website design,INR,10,0%,0%,High,79,,,,,,,,10,0,10,0,10,10,10,10,10,10,10,10
law firm website development,INR,2900,190%,-19%,Low,14,3306.93,7558.70,,,,Y,,3600,4400,2900,2400,2400,6600,2400,1000,1000,1000,1300,2900
best website design companies for small business near me,INR,10,∞,0%,Low,0,,,,,,,,10,20,10,20,10,30,10,0,0,0,10,10
startup web development company,INR,30,800%,29%,Low,0,,,,,,,,70,70,30,10,10,40,10,10,10,10,10,90
small business website design packages,INR,260,550%,-46%,Low,2,420.18,1989.03,,,,,,590,480,320,140,140,720,90,30,40,40,50,260
medical website design company,INR,320,88%,-33%,Low,8,1318.82,10394.78,,,,,,590,480,320,140,170,1000,110,70,90,170,90,320
healthcare web designer,INR,90,120%,-35%,Low,5,2078.64,12815.56,,,,,,170,110,110,50,70,260,30,10,70,50,20,110
best real estate landing page,INR,50,350%,-18%,Low,16,476.20,2603.04,,,,,,90,90,70,50,30,30,20,20,20,20,20,90
website start up costs,INR,10,0%,0%,High,69,888.36,1682.59,,,,,,20,20,10,10,10,10,10,10,10,10,10,10
cool law firm websites,INR,720,84%,-18%,Low,27,836.74,2903.49,,,,,,880,720,1000,880,720,1300,480,390,390,320,320,590
solo law firm website design,INR,40,-33%,100%,Low,20,1819.57,4724.19,,,,,,10,10,10,10,10,260,50,30,30,30,10,20
low cost business website,INR,20,0%,-86%,Medium,49,784.96,2421.46,,,,,,70,40,10,10,10,90,20,10,10,10,10,10
best looking real estate websites,INR,10,0%,-67%,Medium,43,387.38,1446.03,,,,,,20,20,20,10,20,10,10,10,10,10,10,10
attorney web design,INR,2400,82%,-70%,Low,9,2881.70,7558.70,,,,,,4400,3600,2400,2400,1600,8100,2400,1300,720,880,1000,1600
best real estate website companies,INR,10,0%,0%,Medium,63,1015.58,2362.09,,,,,,10,10,10,10,10,10,10,10,10,10,10,10
food ordering website design,INR,10,0%,-67%,Medium,54,,,,,,,,10,10,10,10,10,10,10,10,10,10,10,10
custom real estate web design,INR,40,0%,-80%,Low,14,,,,,,,,70,110,140,20,40,20,10,10,10,10,10,10
real estate web page design,INR,1300,49%,-70%,Low,16,729.17,2880.85,,,,,,2400,2400,1900,1300,1300,1900,590,590,590,590,480,880
law firm web design agency,INR,110,40%,-59%,Low,1,,,,,,,,170,170,70,50,50,480,90,40,20,50,20,70
law firm web designers,INR,210,-36%,-65%,Low,7,7036.20,11338.05,,,,,,320,260,110,70,110,1000,210,170,110,140,70,90
medical website development company,INR,20,-50%,-75%,Low,26,,,,,,,,40,70,50,0,10,110,10,10,10,20,10,10
small web development companies,INR,10,0%,-50%,High,71,678.67,2626.92,,,,,,20,10,20,10,30,10,20,10,10,10,10,10
cost of creating a website for a small business,INR,70,-20%,-81%,Medium,42,275.94,1249.18,,,,,,170,90,50,30,30,140,50,90,70,50,30,40
best real estate web design companies,INR,30,800%,29%,Low,1,,,,,,,,90,70,50,10,30,10,10,10,10,10,20,90
web design for estate agents,INR,30,100%,-78%,Low,0,,,,,,,,70,30,20,20,50,70,50,10,20,10,10,20
best legal website design,INR,90,-71%,-71%,Low,13,2578.46,4724.19,,,,,,70,70,50,10,40,390,110,110,140,70,20,20
allied health website design,INR,10,0%,-100%,Unknown,,,,,,,,,0,10,0,0,0,0,10,0,10,0,0,0
top law firm website design,INR,390,53%,-19%,Low,23,2172.18,6330.41,,,,,,320,390,320,170,210,1900,260,210,170,170,140,260
law firm website design services,INR,320,180%,-18%,Low,2,,,,,,,,260,390,590,590,480,590,170,140,90,50,50,140
beautiful law firm websites,INR,20,-89%,0%,Low,12,,,,,,,,10,10,10,10,0,70,30,10,10,90,10,10
professional website design services,INR,720,177%,-45%,Low,5,781.85,3293.47,,,,,,1300,1000,720,390,480,1900,480,590,390,260,170,720
restaurant menu design website,INR,20,0%,-71%,Medium,62,323.13,1227.27,,,,,,50,30,30,20,40,10,20,20,10,20,10,20
website development for startups,INR,110,320%,-46%,Low,1,326.39,2558.64,,,,,,260,260,170,70,70,170,40,110,90,50,10,210
average website cost for small business,INR,70,120%,-48%,Low,27,214.59,1394.58,,,,,,170,110,70,90,70,40,50,30,50,50,50,110
small website design,INR,20,0%,-75%,Low,7,,,,,,,,40,30,20,20,20,10,10,10,10,10,10,10
general contractor website design,INR,1000,-58%,-38%,Low,9,482.08,3117.96,,,,,,1600,1300,1300,720,720,2400,1000,320,320,2400,590,1000
real estate web design company,INR,140,420%,-19%,Low,1,,,,,,,,320,320,170,70,170,260,50,40,20,50,70,260
commercial real estate web design,INR,590,320%,-94%,Low,7,661.39,2364.26,,,,,,3600,1900,170,110,210,390,210,90,70,50,70,210
best food websites design,INR,10,100%,-33%,Low,30,329.52,853.99,,,,,,30,20,20,10,10,10,10,10,10,10,10,20
small business web design agency,INR,110,267%,-48%,Low,5,326.15,1125.30,,,,,,320,210,140,70,90,210,90,30,10,30,30,110
best real estate agent websites 2022,INR,10,0%,0%,Unknown,,,,,,,,,0,10,0,0,10,0,0,0,0,0,0,0
web design for small businesses and individuals,INR,10,0%,-75%,Medium,43,,,,,,,,30,20,10,10,20,10,20,10,10,10,10,10
best restaurant menu design website,INR,10,0%,0%,High,86,,,,,,,,10,10,10,10,10,10,0,10,10,10,0,10
website packages for small business,INR,260,143%,-71%,Low,12,485.65,1921.69,,,,,,590,390,320,210,140,1000,110,20,50,70,30,170
best agent real estate websites,INR,720,0%,-55%,Medium,49,362.49,2362.09,,,,,,1000,1300,880,590,720,880,590,480,390,590,480,590
restaurant web page design,INR,1000,156%,-47%,Low,13,425.18,2151.71,,,,,,1600,1900,1600,1000,1000,1600,880,590,390,390,390,1000
real estate brokerage website design,INR,260,55%,-65%,Low,25,955.87,3215.28,,,,,,390,590,390,320,320,480,170,110,90,110,140,170
health website design,INR,40,0%,-78%,Low,19,1682.46,4251.77,,,,,,90,90,50,40,30,20,10,10,10,20,20,20
local business website design,INR,390,86%,-74%,Low,8,414.63,1445.02,,,,,,880,720,480,320,390,880,260,210,170,140,260,260
medical web development,INR,260,200%,-71%,Low,2,669.89,4251.77,,,,,,720,390,170,90,90,880,70,10,70,70,30,210
the best real estate website design,INR,10,0%,0%,Medium,66,406.97,1214.16,,,,,,10,10,10,10,10,0,0,10,0,10,0,10
best menu design website,INR,20,-67%,-75%,Medium,39,131.15,774.42,,,,,,20,40,20,20,10,10,20,20,10,30,10,10
best restaurant website design 2022,INR,10,0%,0%,Unknown,,,,,,,,,10,10,10,0,0,0,0,0,0,0,0,0
roofer website design,INR,140,57%,-66%,Low,2,,,,,,,,260,170,110,40,110,260,260,170,50,70,20,110
attorney website designer,INR,390,24%,-56%,Low,7,3306.93,11527.02,,,,,,590,480,260,170,210,1900,260,110,110,170,110,210
best websites for law firms,INR,720,84%,-18%,Low,27,836.74,2903.49,,,,,,880,720,1000,880,720,1300,480,390,390,320,320,590
real estate website design services,INR,170,250%,40%,Low,3,,,,,,,,90,390,590,260,170,170,90,70,30,20,40,70
website startup costs,INR,30,400%,25%,Low,11,162.01,2961.01,,,,,,50,30,20,10,10,20,10,10,70,10,20,50
real estate agent personal website,INR,40,100%,-20%,Low,30,301.09,1889.67,,,,,,50,70,70,30,20,50,30,10,20,20,30,40
hvac website design companies,INR,90,0%,-71%,Low,7,1322.98,6143.34,,,,,,260,260,110,50,90,170,90,20,20,50,20,50
small business website redesign,INR,2900,0%,-56%,Low,11,750.57,3117.96,,,,,,4400,3600,2900,2900,2900,5400,2900,1600,880,2900,1000,2900
building construction company website,INR,590,-19%,-33%,Medium,37,276.84,1132.86,,,,,,720,590,390,390,590,880,720,590,390,590,320,480
small web design companies,INR,110,425%,-34%,Low,1,1107.35,3041.23,,,,,,320,260,140,40,50,110,10,140,10,40,20,210
web design companies for small businesses,INR,590,324%,-45%,Low,3,1035.54,3416.44,,,,,,1300,1000,590,260,480,1300,480,110,170,170,140,720
food delivery website design,INR,10,0%,-67%,Low,17,,,,,,,,10,10,10,20,10,10,50,20,0,10,10,10
web development services for small business,INR,170,29%,-72%,Low,0,,,,,,,,480,260,170,50,90,590,320,40,50,70,30,90
best small business web design companies,INR,210,133%,-46%,Low,6,962.53,4057.13,,,,,,390,390,210,110,210,390,90,50,70,90,70,210
legal website development,INR,50,50%,-57%,Low,10,3779.35,6145.20,,,,,,90,50,20,10,10,260,30,40,10,20,10,30
web design for realtors,INR,1300,49%,-70%,Low,16,729.17,2880.85,,,,,,2400,2400,1900,1300,1300,1900,590,590,590,590,480,880
findlaw website design,INR,10,0%,0%,Low,0,,,,,,,,10,10,10,10,10,10,0,10,10,10,10,10
restaurant website design cost,INR,10,0%,0%,Medium,57,256.86,2655.64,,,,,,0,10,10,10,10,10,0,10,0,10,0,10
web design agency for small business,INR,70,40%,-22%,Low,17,435.03,2072.94,,,,,,90,90,110,30,40,70,110,40,40,50,10,70
top real estate website designs,INR,10,0%,-75%,High,86,,,,,,,,30,20,20,10,10,10,10,10,10,10,10,10
sample real estate website,INR,110,22%,-35%,Medium,37,312.74,1355.53,,,,,,210,170,140,140,110,110,110,110,70,90,110,110
attorney website developer,INR,390,255%,-70%,Low,10,3779.35,11527.02,,,,,,720,390,320,260,170,1300,320,140,70,110,260,390
best medical web design,INR,260,22%,-81%,Low,18,395.65,1700.71,,,,,,720,390,170,140,90,880,70,20,50,90,50,110
startup web design agency,INR,90,1000%,-21%,Low,0,,,,,,,,210,140,70,20,50,320,90,10,20,10,70,110
lawyer website designers,INR,390,24%,-56%,Low,7,3306.93,11527.02,,,,,,590,480,260,170,210,1900,260,110,110,170,110,210
law office website design,INR,2900,190%,-19%,Low,14,3306.93,7558.70,,,,,,3600,4400,2900,2400,2400,6600,2400,1000,1000,1000,1300,2900
medical product website design,INR,10,0%,-100%,Unknown,,,,,,,,,30,10,10,0,0,70,10,0,0,0,0,0
best saas website designs 2022,INR,0,0%,0%,Unknown,,,,,,,,,0,0,0,0,0,0,0,0,0,0,0,0
real estate agent web design,INR,260,55%,-65%,Low,25,955.87,3215.28,,,,,,390,590,390,320,320,480,170,110,90,110,140,170
best real estate websites for brokers,INR,50,0%,-55%,High,69,908.65,4723.68,,,,,,110,70,50,30,50,70,40,40,40,50,70,50
web design companies for startups,INR,10,∞,-50%,Low,0,,,,,,,,10,10,20,10,10,10,0,10,10,0,10,10
idx web design,INR,10,0%,0%,High,86,,,,,,,,10,10,30,10,20,10,0,10,10,10,10,10
best realtor website design,INR,210,21%,-65%,Low,23,553.67,2362.09,,,,,,390,590,390,170,140,210,140,110,140,140,140,170
roofing web design company,INR,90,40%,-73%,Low,6,429.03,1315.21,,,,,,260,170,140,40,40,260,30,20,20,50,50,70
personal injury attorney website design,INR,10,100%,100%,Low,0,,,,,,,,10,10,10,10,30,10,10,10,10,10,10,20
good law firm websites,INR,720,84%,-18%,Low,27,836.74,2903.49,,,,,,880,720,1000,880,720,1300,480,390,390,320,320,590
examples of real estate websites,INR,110,22%,-35%,Medium,37,312.74,1355.53,,,,,,210,170,140,140,110,110,110,110,70,90,110,110
best restaurant web design,INR,140,89%,-35%,Medium,42,349.59,1333.01,,,,,,320,210,140,110,140,260,90,110,90,90,110,170
best food delivery website design,INR,10,∞,0%,Medium,50,,,,,,,,0,10,10,0,0,0,10,0,10,0,10,10
modern restaurant website design,INR,10,0%,-50%,Medium,43,,,,,,,,10,10,10,10,10,10,10,10,10,10,10,10
lawyer website development,INR,2400,82%,-70%,Low,9,2881.70,7558.70,,,,,,4400,3600,2400,2400,1600,8100,2400,1300,720,880,1000,1600
custom real estate website design,INR,40,0%,-80%,Low,14,,,,,,,,70,110,140,20,40,20,10,10,10,10,10,10
custom law firm websites,INR,20,0%,0%,Low,0,,,,,,,,10,10,10,0,20,170,20,0,0,10,10,10
food service website design,INR,10,0%,-67%,High,86,,,,,,,,10,10,0,30,0,10,30,10,10,10,10,10
small business website company,INR,20,100%,-50%,Low,8,,,,,,,,50,30,10,20,50,10,10,10,10,10,10,20
website design for electrical contractors,INR,10,200%,-67%,Low,17,1090.84,4724.19,,,,,,20,20,10,10,10,10,10,10,20,10,10,30
website creation small business,INR,170,136%,-56%,Low,24,1032.52,3731.51,,,,,,480,320,210,170,140,140,110,70,90,110,90,260
best law firm web design,INR,390,53%,-19%,Low,23,2172.18,6330.41,,,,,,320,390,320,170,210,1900,260,210,170,170,140,260
website for small business cost,INR,10,0%,0%,High,86,,,,,,,,10,10,10,10,10,10,10,10,10,10,10,10
best health website design,INR,10,0%,-50%,Medium,57,274.02,2049.35,,,,,,10,30,10,10,10,10,10,10,10,10,10,10
logo and web design for small business,INR,10,0%,-75%,Low,0,,,,,,,,40,30,20,10,30,10,0,0,10,10,10,10
simple restaurant website design,INR,10,0%,0%,Medium,43,,,,,,,,10,10,10,10,10,10,10,10,10,10,10,10
small company website design,INR,2900,0%,-56%,Low,11,750.57,3117.96,,,,,,4400,3600,2900,2900,2900,5400,2900,1600,880,2900,1000,2900
web design for roofers,INR,70,200%,-65%,Low,5,1041.48,4724.19,,,,,,170,90,90,20,90,210,30,20,20,30,10,90
restaurant website design agency,INR,140,250%,-64%,Low,5,433.48,972.03,,,,,,390,210,140,90,140,210,70,30,20,40,40,140
food web design,INR,140,56%,-46%,Low,9,183.03,863.40,,,,,,260,170,70,90,110,260,110,90,110,90,70,140
agent web design,INR,12100,-45%,-33%,Low,10,568.26,1832.04,,,,,,14800,14800,9900,8100,8100,22200,14800,8100,5400,22200,8100,12100
healthcare website design agency,INR,170,860%,50%,Low,15,1009.31,3779.35,,,,,,390,260,260,260,140,260,50,50,40,50,70,480
best designed saas websites,INR,110,27%,0%,Medium,47,368.59,1543.92,,,,,,170,140,140,90,110,210,110,90,90,110,90,140
restaurant website ui design,INR,10,0%,0%,Low,0,,,,,,,,10,10,10,10,10,0,10,0,10,10,10,10
restaurant homepage design,INR,1000,156%,-47%,Low,13,425.18,2151.71,,,,,,1600,1900,1600,1000,1000,1600,880,590,390,390,390,1000
website food menu design,INR,10,0%,0%,Medium,57,,,,,,,,10,10,10,10,10,10,10,10,10,10,10,10
medical website design agency,INR,170,50%,-19%,Low,2,,,,,,,,320,390,260,90,70,320,70,50,50,140,110,210
attorney web designer,INR,390,24%,-56%,Low,7,3306.93,11527.02,,,,,,590,480,260,170,210,1900,260,110,110,170,110,210
real estate investment website design,INR,20,0%,-80%,Low,26,,,,,,,,30,40,30,30,20,10,10,10,10,10,10,10
best real estate web design,INR,210,21%,-65%,Low,23,553.67,2362.09,,,,,,390,590,390,170,140,210,140,110,140,140,140,170
construction contractor website,INR,20,1000%,267%,Low,4,235.56,1215.28,,,,,,30,30,10,20,20,10,10,10,10,10,10,110
food website design examples,INR,10,0%,0%,Low,5,,,,,,,,10,10,10,10,10,0,10,10,10,10,10,10
new real estate agent website,INR,10,0%,-100%,Unknown,,,,,,,,,10,10,0,10,0,0,0,0,0,0,0,0
law firm web design companies,INR,210,100%,-56%,Low,4,4724.19,8503.54,,,,,,390,390,210,110,170,590,170,140,90,70,50,140
affordable business website design,INR,90,300%,-81%,Low,5,,,,,,,,260,140,30,30,30,320,50,10,10,10,20,40
food menu website design,INR,10,0%,0%,Low,6,,,,,,,,10,10,10,10,10,10,10,10,10,10,10,10
best saas ui design,INR,10,0%,0%,Low,19,301.40,1331.83,,,,,,10,10,10,10,10,20,10,10,10,10,10,10
medical device web design,INR,20,0%,-80%,Low,3,,,,,,,,50,40,30,20,20,90,10,10,10,10,10,10
web design for local businesses,INR,390,86%,-74%,Low,8,414.63,1445.02,,,,,,880,720,480,320,390,880,260,210,170,140,260,260
website design for local business,INR,390,86%,-74%,Low,8,414.63,1445.02,,,,,,880,720,480,320,390,880,260,210,170,140,260,260
small web design agency,INR,30,-33%,-60%,Low,32,458.43,4816.04,,,,,,90,50,30,10,30,90,30,10,10,30,20,20
website real estate agent,INR,1900,23%,-64%,Medium,40,578.89,2362.09,,,,,,3600,2900,1900,1900,1900,2900,1900,1000,1300,1300,1300,1600
best restaurant websites in the world,INR,10,100%,100%,Low,16,,,,,,,,10,10,10,10,20,10,0,10,10,10,10,20
real estate website development company,INR,50,33%,-20%,Low,4,,,,,,,,50,40,50,40,90,90,50,50,30,30,40,40
restaurant website design examples,INR,20,-50%,-80%,Low,29,,,,,,,,30,30,30,30,20,40,20,20,10,20,30,10
roofing company web design,INR,20,100%,-71%,Low,2,,,,,,,,50,20,10,10,10,70,10,0,10,10,10,20
small business website development cost,INR,10,0%,-75%,Low,0,,,,,,,,20,20,20,10,10,10,10,10,10,10,10,10
medical website ui design,INR,10,0%,-100%,Unknown,,,,,,,,,10,10,10,10,10,10,10,0,10,0,0,0
website design for solicitors,INR,30,0%,-75%,Low,21,,,,,,,,70,20,10,0,10,260,10,0,0,10,10,10
best saas ui,INR,20,150%,67%,Low,33,472.18,2266.59,,,,,,20,20,20,20,10,10,20,20,20,20,40,50
agent website design,INR,12100,-45%,-33%,Low,10,568.26,1832.04,,,,,,14800,14800,9900,8100,8100,22200,14800,8100,5400,22200,8100,12100
hvac website company,INR,10,0%,0%,High,74,906.15,4894.26,,,,,,10,10,10,10,10,10,0,10,10,10,0,10
realtor website development,INR,30,0%,-86%,Medium,36,,,,,,,,50,40,20,10,20,90,50,10,10,10,10,10
law firm website design agency,INR,260,-18%,-64%,Low,18,3306.93,7558.70,,,,,,320,320,390,210,210,1300,170,90,50,170,110,140
small business website price,INR,320,243%,-45%,Low,19,275.89,1183.88,,,,,,720,590,480,320,140,210,170,110,140,140,170,480
medical website design and development,INR,50,200%,-82%,Low,0,,,,,,,,170,90,40,30,20,210,20,10,30,10,10,30
small business website layout,INR,10,0%,0%,Low,0,,,,,,,,10,10,10,10,10,10,10,10,0,10,10,10
restaurant website design in html,INR,10,0%,-100%,Unknown,,,,,,,,,10,10,10,10,10,10,0,10,10,0,0,0
wordpress real estate website design,INR,40,0%,-80%,Low,0,,,,,,,,50,90,50,90,70,20,40,10,10,10,10,10
website development for attorneys,INR,260,0%,-71%,Low,2,,,,,,,,320,260,170,170,170,880,260,140,90,140,110,140
family law attorney website design,INR,140,133%,-67%,Low,6,,,,,,,,170,140,140,110,210,480,110,110,50,30,30,70
law office web design,INR,2900,190%,-19%,Low,14,3306.93,7558.70,,,,,,3600,4400,2900,2400,2400,6600,2400,1000,1000,1000,1300,2900
best contractor website design,INR,10,0%,0%,Medium,44,393.20,994.09,,,,,,10,10,10,10,10,10,10,10,10,10,10,10
restaurant menu web design,INR,20,0%,-71%,Medium,62,323.13,1227.27,,,,,,50,30,30,20,40,10,20,20,10,20,10,20
sme website design,INR,10,∞,0%,Low,31,,,,,,,,20,10,10,10,10,10,0,10,10,0,0,10
average cost for small business website,INR,70,120%,-48%,Low,27,214.59,1394.58,,,,,,170,110,70,90,70,40,50,30,50,50,50,110
medical web design agency,INR,170,50%,-19%,Low,2,,,,,,,,320,390,260,90,70,320,70,50,50,140,110,210
firm website design,INR,30,0%,-75%,Low,0,,,,,,,,30,20,30,20,30,70,20,20,20,10,10,10
small business web page design,INR,2900,0%,-56%,Low,11,750.57,3117.96,,,,,,4400,3600,2900,2900,2900,5400,2900,1600,880,2900,1000,2900
web design for hvac companies,INR,40,100%,-78%,Low,19,2848.69,10432.90,,,,,,90,70,50,40,90,10,20,10,10,10,10,20
contractor website design company,INR,30,-50%,-33%,Low,4,,,,,,,,50,30,20,10,20,90,20,0,10,40,20,20
restaurant website development company,INR,20,0%,-80%,Low,6,,,,,,,,50,20,20,10,30,50,10,10,10,10,40,10
web development agency for startups,INR,10,0%,0%,Low,0,,,,,,,,10,10,10,10,10,10,10,10,0,10,0,10
squarespace small business websites,INR,10,∞,0%,Low,0,,,,,,,,10,10,10,10,10,0,10,0,0,0,0,10
medical technology website design,INR,10,∞,0%,Low,0,,,,,,,,10,10,20,20,10,0,0,0,10,0,0,10
website design agency for lawyers,INR,30,0%,-50%,Low,0,,,,,,,,20,20,10,10,10,260,20,0,0,10,0,10
top medical website designs,INR,10,0%,-50%,Low,0,,,,,,,,30,20,30,10,10,10,10,0,10,10,10,10
restaurant website company,INR,10,0%,0%,High,86,531.15,2447.70,,,,,,10,10,10,10,10,0,10,10,10,10,10,10
restaurant website layout,INR,10,-50%,-50%,Medium,43,,,,,,,,30,10,10,10,10,10,20,20,10,20,10,10
small business website designer near me,INR,20,200%,-67%,Low,19,1099.86,8237.74,,,,,,50,40,20,10,10,10,20,10,10,10,30,30
webdesign firm,INR,10,-100%,-100%,Unknown,,,,,,,,,10,10,10,10,0,10,10,0,10,10,10,0
top restaurant website design,INR,140,89%,-35%,Medium,42,349.59,1333.01,,,,,,320,210,140,110,140,260,90,110,90,90,110,170
fast food restaurant website design,INR,10,0%,0%,Low,21,,,,,,,,0,10,10,0,10,0,10,0,0,10,0,10
property developer website design,INR,10,-100%,-100%,Unknown,,,,,,,,,10,10,10,0,10,10,0,10,10,10,10,0
commercial real estate website developer,INR,590,320%,-94%,Low,7,661.39,2364.26,,,,,,3600,1900,170,110,210,390,210,90,70,50,70,210
affordable website design for small business,INR,590,85%,-70%,Low,13,1266.53,3540.46,,,,,,1300,880,480,210,320,1600,320,110,260,260,260,480
menu design examples,INR,70,75%,0%,Medium,59,114.92,394.26,,,,,,70,50,30,40,70,90,110,70,40,40,70,70
creative restaurant websites,INR,10,∞,0%,Low,21,,,,,,,,10,10,10,10,10,10,10,10,10,0,10,10
professional medical website design,INR,20,0%,-50%,Low,0,,,,,,,,20,20,20,0,40,90,20,0,10,10,10,10
cool restaurant website design,INR,140,89%,-35%,Medium,42,349.59,1333.01,,,,,,320,210,140,110,140,260,90,110,90,90,110,170
real estate website layout,INR,10,0%,0%,Low,29,,,,,,,,10,10,10,10,10,0,10,10,10,10,10,10
lawyer website developer,INR,10,∞,-40%,Low,2,,,,,,,,30,30,10,10,20,10,10,0,10,0,10,30
law firm web development,INR,90,350%,-47%,Low,1,,,,,,,,140,110,70,40,50,320,40,20,20,20,50,90
startup website developer,INR,20,0%,-75%,Low,0,,,,,,,,30,10,0,10,10,70,20,30,10,10,10,10
healthcare web agency,INR,20,0%,-60%,Low,21,1495.68,9448.37,,,,,,20,30,50,20,20,20,10,10,30,20,10,20
real estate web design services,INR,40,125%,80%,Low,0,,,,,,,,50,40,40,20,10,90,10,10,10,40,50,90
medical web design company,INR,320,88%,-33%,Low,8,1318.82,10394.78,,,,,,590,480,320,140,170,1000,110,70,90,170,90,320
award winning restaurant websites,INR,10,-50%,-50%,Low,13,,,,,,,,10,10,10,10,30,10,10,10,10,20,10,10
real estate website ui design,INR,10,0%,0%,Low,11,,,,,,,,0,10,0,10,10,0,10,10,10,10,0,10
real estate homepage design,INR,1300,49%,-70%,Low,16,729.17,2880.85,,,,,,2400,2400,1900,1300,1300,1900,590,590,590,590,480,880
innovative law firm websites,INR,30,0%,0%,Low,21,,,,,,,,30,30,20,10,10,320,10,0,10,10,10,10
best real estate agent website design,INR,10,0%,-80%,Medium,52,,,,,,,,20,10,10,10,30,20,10,10,10,10,10,10
web development startups,INR,110,320%,-46%,Low,1,326.39,2558.64,,,,,,260,260,170,70,70,170,40,110,90,50,10,210
designing a website for small business,INR,2900,0%,-56%,Low,11,750.57,3117.96,,,,,,4400,3600,2900,2900,2900,5400,2900,1600,880,2900,1000,2900
restaurant webpage design,INR,10,0%,-100%,Unknown,,,,,,,,,10,10,20,10,0,10,10,10,0,0,0,0
modern law firm website design,INR,70,100%,0%,Low,10,2006.83,4724.19,,,,,,30,30,50,50,50,320,50,50,20,20,30,40
restaurant landing page examples,INR,30,100%,-78%,Medium,37,278.77,664.90,,,,,,90,90,40,10,20,10,10,10,10,10,10,20
website development for law firms,INR,2900,190%,-19%,Low,14,3306.93,7558.70,,,,,,3600,4400,2900,2400,2400,6600,2400,1000,1000,1000,1300,2900
health web design,INR,40,0%,-78%,Low,19,1682.46,4251.77,,,,,,90,90,50,40,30,20,10,10,10,20,20,20
good restaurant website examples,INR,20,-50%,-67%,Low,9,,,,,,,,20,20,20,20,20,30,20,20,10,20,20,10
luxury real estate web design,INR,50,25%,-55%,Medium,46,422.31,1562.00,,,,,,70,110,90,50,70,40,50,20,50,40,50,50
best real estate website design companies,INR,30,800%,29%,Low,1,,,,,,,,90,70,50,10,30,10,10,10,10,10,20,90
online food ordering website design,INR,10,0%,-100%,Unknown,,,,,,,,,0,10,0,0,0,0,10,0,10,0,10,0
boutique law firm websites,INR,20,0%,0%,Low,27,241.88,1945.42,,,,,,30,10,10,10,10,70,20,10,10,10,10,10
business website layout,INR,20,0%,-50%,Medium,57,173.16,953.30,,,,,,20,20,20,10,10,30,10,10,20,10,10,10
best startup website designs,INR,20,100%,-33%,Low,30,246.82,833.20,,,,,,10,20,10,10,10,40,20,20,20,10,10,20
solicitors website design,INR,90,0%,-50%,Low,10,529.43,8503.54,,,,,,40,30,20,0,0,590,70,90,50,20,10,20
affordable professional website design,INR,70,33%,-76%,Low,4,,,,,,,,140,110,20,40,90,170,50,40,30,30,10,40
healthcare web development company,INR,70,200%,0%,Low,8,2367.76,19084.96,,,,,,70,140,70,30,30,390,40,30,10,30,40,90
ada website design firm,INR,10,0%,-100%,Unknown,,,,,,,,,0,10,10,0,0,0,0,0,0,0,0,0
affordable law firm website design,INR,10,0%,0%,High,95,,,,,,,,0,0,0,0,0,70,20,10,10,10,10,10
affordable lawyer website design,INR,50,0%,-73%,Low,9,,,,,,,,50,50,70,70,70,110,40,20,10,30,20,30
affordable small business website design services,INR,10,100%,-50%,Low,0,,,,,,,,40,30,20,10,30,10,10,10,10,10,10,20
affordable web design and seo for small business,INR,30,-50%,-86%,Low,0,,,,,,,,50,30,20,10,20,90,40,20,30,20,10,10
agent image web design,INR,10,-100%,-100%,Unknown,,,,,,,,,10,10,10,10,20,10,10,10,10,10,10,0
attorney web design services,INR,10,-100%,-100%,Unknown,,,,,,,,,10,10,0,10,0,10,10,0,0,10,0,0
attorney web development,INR,260,0%,-71%,Low,2,,,,,,,,320,260,170,170,170,880,260,140,90,140,110,140
attorneys and law firm web design,INR,30,0%,0%,Low,0,,,,,,,,50,50,10,10,10,70,40,30,20,10,10,10
awwwards restaurant websites,INR,10,0%,0%,Low,0,,,,,,,,10,10,10,10,10,10,10,10,10,10,10,10
barrister website design,INR,10,0%,0%,Low,0,,,,,,,,10,10,0,0,0,70,30,30,20,10,10,10
beautiful restaurant web design,INR,10,∞,0%,Low,29,,,,,,,,10,10,10,0,10,10,10,0,10,0,10,10
beautiful restaurant website design,INR,10,∞,0%,Low,29,,,,,,,,10,10,10,0,10,10,10,0,10,0,10,10
best healthcare web design,INR,10,∞,0%,Low,29,322.56,736.72,,,,,,20,10,20,0,10,0,0,0,10,0,10,10
best healthcare website design companies,INR,10,∞,0%,Low,0,,,,,,,,10,0,10,0,0,0,10,0,0,0,0,10
best lawyer web design,INR,30,0%,0%,Low,0,,,,,,,,20,30,10,0,10,170,50,30,30,10,10,10
best legal web design,INR,90,-71%,-71%,Low,13,2578.46,4724.19,,,,,,70,70,50,10,40,390,110,110,140,70,20,20
best medical website designs 2020,INR,10,0%,-100%,Unknown,,,,,,,,,10,10,0,0,0,0,0,0,0,0,0,0
best property website design,INR,10,0%,-100%,Unknown,,,,,,,,,0,0,0,10,0,0,0,10,0,0,0,0
best realtor web design,INR,210,21%,-65%,Low,23,553.67,2362.09,,,,,,390,590,390,170,140,210,140,110,140,140,140,170
best restaurant web page design,INR,140,89%,-35%,Medium,42,349.59,1333.01,,,,,,320,210,140,110,140,260,90,110,90,90,110,170
best small business website developers,INR,10,-100%,-100%,Unknown,,,,,,,,,10,10,10,10,10,10,10,10,10,10,10,0
best web development agency for startups,INR,10,0%,-100%,Unknown,,,,,,,,,0,10,0,0,0,0,10,0,0,0,0,0
best web menu design,INR,10,0%,0%,Low,7,,,,,,,,10,10,10,10,10,0,10,10,10,10,10,10
build real estate agent website,INR,10,∞,0%,High,86,,,,,,,,10,10,10,10,0,0,10,10,0,0,10,10
burlington small business website design services,INR,10,0%,0%,Low,0,,,,,,,,10,10,10,10,10,10,10,0,10,10,10,10
business law attorney website design,INR,20,-50%,-50%,Low,0,,,,,,,,10,10,10,0,0,70,20,40,10,20,40,10
business law lawyer website design,INR,10,0%,0%,Low,0,,,,,,,,10,10,10,0,20,10,0,0,10,10,0,10
business startup website package,INR,10,0%,-100%,Unknown,,,,,,,,,0,10,0,0,0,0,0,0,0,0,0,0
cheap small business website design,INR,590,85%,-70%,Low,13,1266.53,3540.46,,,,,,1300,880,480,210,320,1600,320,110,260,260,260,480
construction builders website,INR,30,-33%,-60%,Medium,53,603.80,4029.86,,,,,,50,50,50,40,30,20,30,30,30,30,10,20
construction firm website,INR,590,-19%,-33%,Medium,37,276.84,1132.86,,,,,,720,590,390,390,590,880,720,590,390,590,320,480
contractor website developer,INR,30,50%,-57%,Low,25,265.74,3229.13,,,,,,50,40,50,20,50,30,20,20,50,20,30,30
cool law firm website,INR,10,∞,∞,Low,29,,,,,,,,0,10,0,10,0,10,10,10,0,0,10,10
cool website menu designs,INR,10,0%,0%,Low,7,,,,,,,,10,10,10,10,10,0,10,10,10,10,10,10
creative medical website design,INR,10,0%,0%,Low,23,,,,,,,,10,10,10,10,10,10,10,10,10,10,10,10
criminal defense attorney website design,INR,20,0%,-80%,Low,23,,,,,,,,40,10,10,10,20,170,10,0,0,10,10,10
criminal defense law firm web design,INR,20,0%,-67%,Low,14,,,,,,,,40,30,10,0,0,140,10,0,0,10,0,10
custom attorney website design,INR,140,150%,-29%,Low,1,,,,,,,,90,110,110,50,90,880,90,30,50,20,30,50
custom designed small business websites,INR,10,0%,0%,Low,0,,,,,,,,10,0,0,0,0,0,0,0,10,10,10,10
custom law firm website design,INR,90,150%,-71%,Low,8,1665.79,7558.70,,,,,,110,110,140,90,110,320,50,20,10,20,30,50
custom lawyer web design,INR,140,150%,-29%,Low,1,,,,,,,,90,110,110,50,90,880,90,30,50,20,30,50
custom lawyer website design,INR,140,150%,-29%,Low,1,,,,,,,,90,110,110,50,90,880,90,30,50,20,30,50
custom medical website design,INR,10,0%,0%,Low,0,,,,,,,,10,10,10,10,10,0,10,10,10,10,10,10
custom realtor website design,INR,10,-100%,-100%,Unknown,,,,,,,,,10,0,0,0,10,0,0,0,0,10,0,0
custom small business website,INR,70,67%,-76%,Medium,42,518.41,2403.74,,,,,,210,90,40,20,40,170,30,20,20,30,20,50
custom web design for lawyers,INR,90,250%,-50%,Low,1,,,,,,,,110,110,70,40,50,390,30,30,20,20,50,70
design small business,INR,90,0%,-76%,Low,26,246.21,741.82,,,,,,210,110,70,50,90,320,50,50,50,50,50,50
divorce lawyer web design,INR,30,0%,-86%,Low,0,,,,,,,,70,40,20,10,10,170,30,10,10,10,10,10
ecommerce website design for small business,INR,10,100%,-33%,Low,0,,,,,,,,30,40,20,10,10,0,10,10,10,10,10,20
electrician web design company,INR,40,250%,0%,Low,14,944.84,4724.19,,,,,,40,40,30,20,70,110,70,10,10,20,20,70
estate agency web designer,INR,10,0%,0%,Low,0,,,,,,,,10,10,0,0,10,0,20,10,0,10,0,10
family law firm website design,INR,20,-100%,-100%,Unknown,,,,,,,,,20,10,10,10,10,170,10,10,0,10,10,0
family law lawyer website design,INR,50,0%,-86%,Low,0,,,,,,,,70,70,70,70,90,170,50,0,10,10,10,10
fast website design for small business,INR,10,∞,0%,Low,0,,,,,,,,10,10,10,0,0,10,0,0,10,0,0,10
food and beverage web design,INR,10,0%,0%,Low,26,510.66,2114.65,,,,,,20,10,10,50,10,20,30,20,10,10,10,10
food and beverage website design,INR,10,0%,0%,Low,26,510.66,2114.65,,,,,,20,10,10,50,10,20,30,20,10,10,10,10
food delivery website ui design,INR,10,0%,-100%,Unknown,,,,,,,,,0,0,0,0,10,10,10,0,0,0,10,0
food menu web design,INR,10,0%,-100%,Unknown,,,,,,,,,10,0,10,10,0,10,10,0,10,0,10,0
food product website design,INR,10,0%,0%,Low,0,,,,,,,,10,10,0,10,0,0,10,10,10,10,10,10
food web page design,INR,140,56%,-46%,Low,9,183.03,863.40,,,,,,260,170,70,90,110,260,110,90,110,90,70,140
food website layout,INR,10,∞,0%,Low,0,,,,,,,,10,10,0,0,10,10,0,10,0,0,10,10
freelance law firm web designers,INR,10,0%,-100%,Unknown,,,,,,,,,10,10,10,10,10,10,0,0,0,0,0,0
freelance small business web designers,INR,10,0%,0%,Low,0,,,,,,,,10,10,10,10,0,0,10,0,0,10,0,10
full service web design for small business,INR,30,-67%,-86%,Low,8,,,,,,,,70,30,20,10,10,110,40,10,10,30,10,10
full service web design for small businesses,INR,30,-67%,-86%,Low,8,,,,,,,,70,30,20,10,10,110,40,10,10,30,10,10
full service website design for small business,INR,30,-67%,-86%,Low,8,,,,,,,,70,30,20,10,10,110,40,10,10,30,10,10
full service website design for small businesses,INR,30,-67%,-86%,Low,8,,,,,,,,70,30,20,10,10,110,40,10,10,30,10,10
general construction websites,INR,10,-100%,-100%,Unknown,,,,,,,,,20,10,10,0,0,10,10,10,0,10,10,0
general contractor web design,INR,1000,-58%,-38%,Low,9,482.08,3117.96,,,,,,1600,1300,1300,720,720,2400,1000,320,320,2400,590,1000
good law firm website design,INR,390,53%,-19%,Low,23,2172.18,6330.41,,,,,,320,390,320,170,210,1900,260,210,170,170,140,260
good restaurant website design,INR,140,89%,-35%,Medium,42,349.59,1333.01,,,,,,320,210,140,110,140,260,90,110,90,90,110,170
google small business website design,INR,10,∞,100%,Low,0,,,,,,,,10,10,10,10,10,0,20,0,0,0,10,20
great real estate agent websites,INR,110,-22%,-67%,Medium,59,283.45,1487.47,,,,,,210,140,90,110,70,210,70,70,50,90,70,70
great restaurant website design,INR,10,0%,0%,Low,29,,,,,,,,10,10,10,0,10,10,0,0,0,10,10,10
healthcare system website design,INR,10,0%,-100%,Unknown,,,,,,,,,10,10,10,10,0,20,20,10,0,0,10,0
healthcare web development companies,INR,20,-50%,0%,Medium,43,,,,,,,,10,10,10,10,0,170,0,10,0,20,10,10
healthcare website design and app development,INR,10,0%,0%,Low,0,,,,,,,,10,10,10,0,10,0,0,0,10,10,0,10
healthcare website design firm,INR,10,0%,-100%,Unknown,,,,,,,,,0,0,0,0,0,10,0,10,0,0,0,0
healthcare website development agency,INR,50,0%,-73%,Low,4,,,,,,,,90,70,30,20,10,320,10,10,20,30,10,30
high end real estate website design,INR,10,∞,0%,Medium,57,,,,,,,,10,10,10,0,10,0,0,10,0,0,10,10
home builders website design,INR,260,24%,-19%,Low,8,193.60,944.84,,,,,,480,390,320,170,320,880,140,90,90,210,90,260
hvac contractor website designs,INR,10,-100%,-100%,Unknown,,,,,,,,,10,10,0,0,10,10,0,0,0,10,0,0
idx website design,INR,10,0%,0%,High,86,,,,,,,,10,10,30,10,20,10,0,10,10,10,10,10
immigration law web design,INR,20,0%,-50%,Low,0,,,,,,,,30,40,30,30,30,20,0,0,10,10,10,10
immigration lawyer website design,INR,70,-40%,-67%,Low,0,,,,,,,,70,90,140,110,110,260,30,40,10,50,10,30
interior contractor website,INR,10,-100%,-100%,Unknown,,,,,,,,,10,0,0,0,0,0,10,0,0,10,0,0
internet website designers for property,INR,10,0%,0%,Unknown,,,,,,,,,10,10,10,10,0,0,0,10,0,0,0,0
japanese restaurant website design,INR,10,0%,0%,Low,7,,,,,,,,10,10,10,10,10,10,10,10,10,10,0,10
kfc website design,INR,10,0%,0%,Unknown,,,,,,,,,10,0,10,10,0,0,0,0,0,0,0,0
law firm web design services,INR,70,150%,0%,Low,3,,,,,,,,110,140,40,50,50,320,70,40,20,20,10,50
law firm website design and seo,INR,10,0%,0%,Low,0,,,,,,,,10,10,10,0,10,50,30,30,10,10,10,10
law firm website redesign,INR,10,-50%,0%,Low,11,,,,,,,,10,10,10,10,10,10,10,10,10,20,10,10
lawyer web design firm,INR,20,-50%,0%,Low,0,,,,,,,,10,10,10,0,0,210,0,0,0,20,0,10
lawyer website design companies,INR,2400,82%,-70%,Low,9,2881.70,7558.70,,,,,,4400,3600,2400,2400,1600,8100,2400,1300,720,880,1000,1600
lawyer website redesign,INR,390,255%,-70%,Low,10,3779.35,11527.02,,,,,,720,390,320,260,170,1300,320,140,70,110,260,390
layout food website design,INR,10,0%,0%,Low,0,,,,,,,,10,10,10,10,0,10,10,0,10,10,10,10
legal web design firm,INR,20,0%,-50%,Low,0,,,,,,,,30,20,10,0,10,170,10,0,0,10,0,10
legal web design services,INR,50,0%,-80%,Low,1,,,,,,,,90,110,40,20,50,210,30,10,10,10,10,10
legal web designer,INR,140,40%,-36%,Low,6,4724.19,11389.14,,,,,,140,110,50,30,40,720,90,70,50,50,50,70
local business web design,INR,390,86%,-74%,Low,8,414.63,1445.02,,,,,,880,720,480,320,390,880,260,210,170,140,260,260
medical clinic web design,INR,110,40%,-73%,Low,12,981.63,2451.54,,,,,,260,170,140,70,70,390,40,30,20,50,40,70
medical design agency healthcare marketing agency medical website design,INR,0,0%,0%,Unknown,,,,,,,,,0,0,0,0,0,0,0,0,0,0,0,0
medical equipment website design,INR,10,0%,-100%,Unknown,,,,,,,,,10,10,10,10,10,0,10,0,0,0,10,0
medical supplies web design,INR,10,100%,0%,Low,0,,,,,,,,30,20,20,10,10,10,10,0,10,10,10,20
medical supplies web design company,INR,10,∞,0%,Low,0,,,,,,,,10,10,10,10,10,10,10,0,0,0,0,10
medical web page design,INR,1000,125%,-70%,Low,12,889.09,4157.28,,,,,,2900,1600,720,880,590,2400,590,210,210,320,210,720
medical website design and marketing,INR,10,-100%,-100%,Unknown,,,,,,,,,30,20,10,0,10,70,0,0,0,20,0,0
milwaukee small business web design,INR,10,0%,-50%,Low,29,,,,,,,,30,10,0,10,10,20,10,10,10,10,10,10
minimalist restaurant website,INR,10,0%,0%,Low,0,,,,,,,,10,10,10,10,10,10,0,10,10,10,0,10
multipurpose business website for company agency startup,INR,0,0%,0%,Unknown,,,,,,,,,0,0,0,0,0,0,0,0,0,0,0,0
multipurpose business website for company agency startup nulled,INR,0,0%,0%,Unknown,,,,,,,,,0,0,0,0,0,0,0,0,0,0,0,0
new business website design,INR,40,50%,-25%,Low,8,,,,,,,,70,40,70,30,50,50,30,20,10,20,10,30
painting company website design,INR,10,100%,-60%,Low,0,,,,,,,,20,10,20,10,30,10,10,10,10,10,10,20
painting contractor website design,INR,30,-20%,0%,Low,5,498.66,792.72,,,,,,50,50,70,10,30,10,20,0,10,50,40,40
pizza restaurant website design,INR,10,0%,0%,Low,19,,,,,,,,10,10,10,10,10,10,10,10,10,10,10,10
pizza shop website design,INR,10,∞,0%,Low,0,,,,,,,,10,10,10,0,10,10,10,0,0,0,10,10
pizza web design,INR,20,0%,-67%,Low,32,377.97,1224.51,,,,,,20,30,40,20,20,20,10,20,10,10,20,10
pool builder web design,INR,40,600%,133%,Low,19,452.58,1186.04,,,,,,30,40,50,20,20,140,70,10,20,10,10,70
professional real estate website design,INR,10,-100%,-100%,Unknown,,,,,,,,,40,30,10,40,10,10,20,10,10,10,10,0
professional small business website design,INR,20,300%,-20%,Low,0,,,,,,,,40,30,10,10,20,20,10,10,10,10,30,40
property web design,INR,10,100%,0%,Low,13,,,,,,,,20,20,10,10,10,10,10,10,10,10,10,20
property website designers,INR,10,0%,-100%,Unknown,,,,,,,,,10,10,0,10,0,10,0,0,0,0,0,0
property website development,INR,10,∞,0%,Low,0,,,,,,,,10,10,10,10,0,10,0,10,0,0,0,10
real estate site design,INR,1300,49%,-70%,Low,16,729.17,2880.85,,,,,,2400,2400,1900,1300,1300,1900,590,590,590,590,480,880
real estate web development companies,INR,140,420%,-19%,Low,1,,,,,,,,320,320,170,70,170,260,50,40,20,50,70,260
real estate web development services,INR,30,33%,-43%,Low,1,,,,,,,,50,70,40,10,50,50,10,20,30,30,10,40
real estate website design examples,INR,20,0%,-67%,Low,8,,,,,,,,20,20,30,20,10,40,40,10,10,10,20,10
real estate website ui,INR,10,∞,0%,Medium,64,,,,,,,,10,10,10,10,10,0,10,10,0,0,10,10
realtor website designers,INR,10,∞,0%,High,86,,,,,,,,10,10,10,10,10,20,10,0,10,0,0,10
realty website design,INR,1300,49%,-70%,Low,16,729.17,2880.85,,,,,,2400,2400,1900,1300,1300,1900,590,590,590,590,480,880
remodeling contractor website design,INR,10,∞,0%,Low,0,,,,,,,,10,10,10,10,10,0,0,10,10,0,10,10
responsive real estate web design,INR,10,0%,0%,Low,0,,,,,,,,10,10,20,10,20,10,10,10,10,10,10,10
responsive real estate website,INR,10,0%,-50%,Low,0,,,,,,,,20,10,30,10,20,10,10,10,10,10,10,10
responsive restaurant website,INR,10,0%,0%,Low,0,,,,,,,,10,10,10,10,10,10,10,0,10,10,10,10
responsive web design law firm,INR,30,0%,-86%,Low,0,,,,,,,,30,30,10,10,20,210,20,30,30,10,20,10
responsive website design for attorneys,INR,20,0%,-89%,Low,0,,,,,,,,10,20,10,0,10,170,0,0,10,10,10,10
responsive website design for law firms,INR,30,0%,-86%,Low,0,,,,,,,,10,10,10,40,30,170,20,0,10,10,0,10
responsive website design for lawyers,INR,20,0%,-75%,Low,0,,,,,,,,10,10,10,0,10,170,10,0,0,10,0,10
restaurant menu web page design,INR,20,0%,-71%,Medium,62,323.13,1227.27,,,,,,50,30,30,20,40,10,20,20,10,20,10,20
restaurant web agency,INR,10,0%,-50%,Low,11,,,,,,,,10,20,40,10,10,10,10,10,10,10,10,10
restaurant web design company,INR,140,250%,-64%,Low,5,433.48,972.03,,,,,,390,210,140,90,140,210,70,30,20,40,40,140
restaurant website design near me,INR,10,∞,100%,Low,19,518.72,4143.34,,,,,,10,10,10,0,10,10,10,10,10,0,10,20
restaurant website development agency,INR,20,0%,-80%,Low,6,,,,,,,,50,20,20,10,30,50,10,10,10,10,40,10
restaurant website ui,INR,10,0%,0%,Low,0,,,,,,,,10,10,10,10,10,10,10,10,10,10,0,10
rivmedia small business web design,INR,0,0%,0%,Unknown,,,,,,,,,0,0,0,0,0,0,0,0,0,0,0,0
roofer web design,INR,140,57%,-66%,Low,2,,,,,,,,260,170,110,40,110,260,260,170,50,70,20,110
roofer website designs,INR,140,57%,-66%,Low,2,,,,,,,,260,170,110,40,110,260,260,170,50,70,20,110
roofing website builders,INR,90,-36%,40%,Low,25,1322.77,3306.93,,,,,,70,70,90,30,70,210,210,110,90,110,20,70
seafood website design,INR,10,0%,0%,Low,0,,,,,,,,10,10,0,10,10,10,0,10,10,10,10,10
side menu design website,INR,10,0%,-100%,Unknown,,,,,,,,,10,0,0,0,10,10,0,0,0,0,0,0
simple business website design,INR,10,-100%,-100%,Unknown,,,,,,,,,10,10,10,10,10,10,10,10,10,10,10,0
small business design agency,INR,50,-50%,-67%,Low,28,229.60,1503.27,,,,,,30,20,20,20,90,210,70,30,90,20,30,10
small business design services,INR,10,0%,0%,Low,0,,,,,,,,10,10,10,0,10,10,0,10,10,10,10,10
small business seo web design,INR,10,0%,0%,Low,0,,,,,,,,20,30,20,10,10,10,0,0,10,10,10,10
small business web design and development,INR,50,0%,-25%,Low,1,,,,,,,,50,20,30,10,50,260,50,10,10,30,10,30
small business web design development,INR,50,0%,-25%,Low,1,,,,,,,,50,20,30,10,50,260,50,10,10,30,10,30
small business web design gold coast,INR,10,0%,-100%,Unknown,,,,,,,,,10,20,10,10,10,10,20,0,0,0,10,0
small business web design prices,INR,40,∞,-82%,Low,0,,,,,,,,110,50,10,10,10,170,30,0,0,0,10,20
small business web design rivmedia,INR,0,0%,0%,Unknown,,,,,,,,,0,0,0,0,0,0,0,0,0,0,0,0
small business web design stgeorgewebdesign com au,INR,0,0%,0%,Unknown,,,,,,,,,0,0,0,0,0,0,0,0,0,0,0,0
small business web development agency,INR,50,0%,-71%,Low,10,,,,,,,,210,110,10,10,10,110,50,10,20,20,20,20
small business web development company,INR,10,300%,33%,Low,0,,,,,,,,30,20,10,10,20,10,0,0,10,10,10,40
small business website design agency,INR,110,267%,-48%,Low,5,326.15,1125.30,,,,,,320,210,140,70,90,210,90,30,10,30,30,110
small business website design and development,INR,50,0%,-25%,Low,1,,,,,,,,50,20,30,10,50,260,50,10,10,30,10,30
small business website design columbus,INR,10,0%,0%,Low,0,,,,,,,,10,10,10,10,0,10,10,10,10,10,0,10
small business website design cranbrook,INR,0,0%,0%,Unknown,,,,,,,,,0,0,0,0,0,0,0,0,0,0,0,0
small business website design pricing,INR,10,400%,400%,Low,0,,,,,,,,10,10,10,10,10,0,10,0,0,10,10,50
small business website designer services,INR,10,∞,0%,Low,0,,,,,,,,10,10,10,10,0,0,0,10,0,0,10,10
small business website development company,INR,10,300%,33%,Low,0,,,,,,,,30,20,10,10,20,10,0,0,10,10,10,40
small business website development firm,INR,390,-19%,-76%,Low,7,708.63,3067.40,,,,,,880,480,480,260,260,1300,260,70,110,260,90,210
small business website development services,INR,170,29%,-72%,Low,0,,,,,,,,480,260,170,50,90,590,320,40,50,70,30,90
small business websites gold coast,INR,10,0%,-100%,Unknown,,,,,,,,,10,10,0,0,10,10,0,0,0,0,0,0
small business wordpress website design,INR,20,0%,-80%,Low,0,,,,,,,,40,50,20,30,30,90,10,0,0,10,10,10
small law firm web design,INR,210,55%,-35%,Low,20,3306.93,5196.61,,,,,,260,260,170,320,140,720,90,50,70,110,110,170
small web design,INR,20,0%,-75%,Low,7,,,,,,,,40,30,20,20,20,10,10,10,10,10,10,10
smb web design,INR,10,∞,-50%,Medium,43,,,,,,,,20,20,10,10,10,10,10,10,10,0,10,10
solicitor web design,INR,90,0%,-50%,Low,10,529.43,8503.54,,,,,,40,30,20,0,0,590,70,90,50,20,10,20
start up business website design,INR,10,0%,0%,Low,0,,,,,,,,10,10,10,0,0,10,10,0,0,10,10,10
startup company website design,INR,260,255%,-19%,Low,6,453.49,1891.56,,,,,,480,260,140,90,140,720,320,210,260,110,70,390
startup web design company,INR,20,400%,25%,Low,0,,,,,,,,30,40,20,10,10,10,10,10,10,10,10,50
startup web design services,INR,10,0%,0%,Low,0,,,,,,,,20,10,10,0,10,0,0,0,0,10,10,10
startup web designer,INR,10,0%,-67%,Low,29,,,,,,,,20,10,10,10,10,50,10,10,20,10,10,10
startup web development services,INR,10,100%,0%,Low,1,,,,,,,,20,20,10,10,10,10,0,0,10,10,10,20
startup website cost,INR,30,400%,25%,Low,11,162.01,2961.01,,,,,,50,30,20,10,10,20,10,10,70,10,20,50
startup website design services,INR,10,∞,0%,Low,0,,,,,,,,10,10,10,10,0,10,0,0,10,0,10,10
startup website designers,INR,10,0%,-67%,Low,29,,,,,,,,20,10,10,10,10,50,10,10,20,10,10,10
tech startup web design,INR,10,0%,-100%,Unknown,,,,,,,,,10,10,0,0,0,10,10,0,10,0,10,0
top rated real estate agent websites,INR,720,0%,-55%,Medium,49,362.49,2362.09,,,,,,1000,1300,880,590,720,880,590,480,390,590,480,590
top real estate website design companies,INR,30,400%,67%,Low,0,,,,,,,,50,110,110,10,10,10,0,10,0,10,10,50
top small business website designs,INR,10,∞,0%,Low,0,,,,,,,,10,10,10,0,10,0,0,10,10,0,10,10
web design agency for startups,INR,30,0%,100%,Low,16,1045.94,2769.92,,,,,,20,70,50,20,40,40,10,10,20,20,10,20
web design and marketing for small business,INR,10,0%,-100%,Unknown,,,,,,,,,30,10,20,10,10,10,30,0,0,0,10,0
web design company for lawyers,INR,30,0%,0%,Medium,43,,,,,,,,10,20,20,10,0,260,10,0,10,10,0,10
web design company small business,INR,320,457%,-46%,Low,2,623.74,2435.82,,,,,,720,590,320,110,210,720,170,50,70,70,110,390
web design for business owners,INR,10,∞,-75%,Low,0,,,,,,,,40,20,10,0,10,90,10,0,0,0,10,10
web design for general contractors,INR,1000,-58%,-38%,Low,9,482.08,3117.96,,,,,,1600,1300,1300,720,720,2400,1000,320,320,2400,590,1000
web design for healthcare industry,INR,10,0%,0%,Low,0,,,,,,,,10,10,0,10,0,20,10,0,10,10,10,10
web design for medical clinics,INR,110,40%,-73%,Low,12,981.63,2451.54,,,,,,260,170,140,70,70,390,40,30,20,50,40,70
web design for painting companies,INR,170,84%,556%,Low,0,,,,,,,,70,90,50,30,50,10,10,10,110,320,480,590
web design for painting contractors,INR,10,0%,0%,Low,0,,,,,,,,30,40,30,10,20,10,0,10,10,10,10,10
web design for start ups,INR,10,0%,-100%,Unknown,,,,,,,,,10,10,10,10,0,10,0,0,0,0,0,0
web design general contractors,INR,10,0%,-100%,Unknown,,,,,,,,,10,0,10,0,10,0,0,0,0,0,0,0
web design hvac contractors,INR,20,0%,-80%,Low,9,,,,,,,,50,20,20,30,30,90,30,10,0,10,10,10
web design legal,INR,590,85%,-45%,Low,4,3306.93,8031.12,,,,,,880,880,590,320,320,2400,390,260,260,260,260,480
web design local business,INR,390,86%,-74%,Low,8,414.63,1445.02,,,,,,880,720,480,320,390,880,260,210,170,140,260,260
web design roofers,INR,30,0%,-89%,Low,3,,,,,,,,70,40,20,20,10,90,10,10,10,10,10,10
web design services small business,INR,4400,233%,-46%,Low,8,536.04,2703.93,,,,,,2900,2400,1600,40500,1900,3600,1600,880,480,390,480,1300
web designer law firms,INR,210,-36%,-65%,Low,7,7036.20,11338.05,,,,,,320,260,110,70,110,1000,210,170,110,140,70,90
web development agency for law firms,INR,20,-100%,-100%,Unknown,,,,,,,,,10,10,10,10,10,170,0,0,0,10,0,0
web development company for startups,INR,30,800%,29%,Low,0,,,,,,,,70,70,30,10,10,40,10,10,10,10,10,90
web development for healthcare,INR,320,255%,-46%,Low,4,1346.39,5051.10,,,,,,720,480,320,170,140,720,110,40,170,110,90,390
web development for lawyers,INR,260,0%,-71%,Low,2,,,,,,,,320,260,170,170,170,880,260,140,90,140,110,140
web development services for startups,INR,20,-50%,-50%,Low,14,,,,,,,,50,40,40,20,10,20,10,10,10,20,10,10
website design agency for law firms,INR,70,-33%,-50%,Low,6,,,,,,,,40,40,140,90,30,390,50,10,30,30,10,20
website design and marketing for small law firms,INR,30,100%,-71%,Low,0,,,,,,,,90,70,50,30,40,90,10,0,10,10,10,20
website design for family lawyer,INR,110,250%,-59%,Low,1,,,,,,,,210,210,110,50,70,320,210,140,50,20,10,70
website design for healthcare organizations,INR,10,0%,-50%,Low,0,,,,,,,,10,20,10,10,10,10,0,0,10,10,0,10
website design for medical doctors,INR,590,23%,-75%,Low,5,709.30,4026.86,,,,,,1300,720,480,320,260,1900,320,260,260,260,140,320
website design for medical practices,INR,320,89%,-76%,Low,11,2589.98,8809.66,,,,,,720,480,390,210,210,1000,110,70,70,90,70,170
website design for photography business,INR,40,-50%,-67%,Low,9,,,,,,,,30,90,70,20,70,90,40,10,30,20,10,10
website design for roofers,INR,70,200%,-65%,Low,5,1041.48,4724.19,,,,,,170,90,90,20,90,210,30,20,20,30,10,90
website design for small business owners,INR,20,0%,-86%,Low,0,,,,,,,,50,40,10,10,20,90,10,10,10,10,10,10
website design services for small business websites,INR,10,∞,0%,Low,0,,,,,,,,10,10,10,0,0,10,0,0,0,0,0,10
website design services small business,INR,10,0%,0%,Low,0,,,,,,,,10,10,10,0,10,10,10,0,0,10,0,10
website design start up,INR,10,-100%,0%,Unknown,,,,,,,,,10,0,0,10,10,0,0,0,0,10,0,0
website designs for contractors,INR,1000,-58%,-38%,Low,9,482.08,3117.96,,,,,,1600,1300,1300,720,720,2400,1000,320,320,2400,590,1000
website development companies for small businesses,INR,10,0%,-100%,Unknown,,,,,,,,,10,10,10,10,10,10,0,10,10,0,10,0
website development for lawyers,INR,2400,82%,-70%,Low,9,2881.70,7558.70,,,,,,4400,3600,2400,2400,1600,8100,2400,1300,720,880,1000,1600
website for restaurant menus,INR,10,0%,0%,Medium,43,,,,,,,,10,10,10,10,10,10,10,10,10,10,10,10
well designed restaurant websites,INR,10,0%,0%,Low,29,,,,,,,,10,10,10,10,10,10,10,0,10,10,10,10
wordpress real estate web design,INR,40,0%,-80%,Low,0,,,,,,,,50,90,50,90,70,20,40,10,10,10,10,10
wordpress website design small business,INR,20,0%,-80%,Low,0,,,,,,,,40,50,20,30,30,90,10,0,0,10,10,10
dtc brand website design,INR,,--,--,Unknown,,,,,,,,,,,,,,,,,,,,
ecommerce agency for small business,INR,,--,--,Unknown,,,,,,,,,,,,,,,,,,,,