kw-platforms-web,,,,,,,,,,,,,,,,,,,,,,,,,
1 April 2025 - 31 March 2026,,,,,,,,,,,,,,,,,,,,,,,,,
Keyword,Currency,Avg. monthly searches,Three month change,YoY change,Competition,Competition (indexed value),Top of page bid (low range),Top of page bid (high range),Ad impression share,Organic impression share,Organic average position,In account?,In plan?,Searches: Apr 2025,Searches: May 2025,Searches: Jun 2025,Searches: Jul 2025,Searches: Aug 2025,Searches: Sep 2025,Searches: Oct 2025,Searches: Nov 2025,Searches: Dec 2025,Searches: Jan 2026,Searches: Feb 2026,Searches: Mar 2026
wordpress development company,INR,590,319%,22%,Low,11,1133.80,3585.66,,,,Y,,720,720,720,390,320,1300,720,590,320,210,320,880
webflow developer,INR,480,51%,-18%,Low,29,974.79,3506.84,,,,Y,,720,590,480,390,390,480,390,390,260,390,390,590
framer developer,INR,70,29%,29%,Medium,47,696.36,3062.22,,,,,,90,70,50,70,50,50,70,70,50,70,70,90
webflow design agency,INR,210,271%,-33%,Low,4,1080.14,3068.75,,,,,,260,260,210,110,140,480,260,320,90,70,70,260
framer website design,INR,210,24%,86%,Low,32,228.06,1294.09,,,,,,210,210,260,170,170,170,210,210,140,210,320,260
wordpress website design,INR,2900,21%,-34%,Low,9,636.81,2683.81,,,,Y,,2900,2900,2400,1900,2400,4400,2900,2900,2900,2400,2900,2900
wordpress web design company,INR,1900,85%,-45%,Low,2,1085.62,3802.97,,,,,,3600,2400,1600,1600,1600,4400,3600,1900,720,1300,480,2400
webflow vs wordpress,INR,1300,0%,-47%,Low,25,45.62,820.74,,,,,,1900,1600,1300,1300,1000,1600,1000,1000,1300,1000,880,1000
framer vs webflow,INR,880,22%,-12%,Low,17,163.89,1081.16,,,,,,1300,1000,1000,880,880,720,720,720,590,720,720,880
headless wordpress development,INR,20,100%,-33%,Low,4,,,,,,,,30,40,10,20,10,30,10,10,10,10,30,20
wordpress website templates,INR,1900,-55%,-46%,High,71,140.48,1033.98,,,,,,4400,1900,1900,1900,1900,1900,1300,1900,1600,2900,1300,1300
wordpress website developer,INR,590,50%,-55%,Low,11,1263.18,5416.65,,,,,,1300,880,480,390,390,1000,390,480,390,480,210,720
wordpress designers,INR,390,247%,-55%,Low,17,850.18,3826.03,,,,,,880,590,390,320,320,720,320,140,110,170,170,590
wordpress web designer,INR,1900,0%,-70%,Low,15,870.20,4215.35,,,,,,3600,1600,1000,880,1000,4400,2400,1900,1600,1600,880,1600
white label wordpress development,INR,110,180%,-46%,Low,12,757.24,3169.74,,,,,,210,210,110,70,140,170,40,40,40,50,30,140
wordpress website designers,INR,1900,0%,-70%,Low,15,870.20,4215.35,,,,,,3600,1600,1000,880,1000,4400,2400,1900,1600,1600,880,1600
wordpress design services,INR,140,467%,-47%,Low,4,941.52,2580.49,,,,,,320,210,170,90,140,480,90,40,50,30,40,170
wordpress website developer near me,INR,50,50%,-94%,Low,19,2383.38,5749.78,,,,,,140,90,40,30,30,140,40,10,10,20,20,30
wordpress website designer near me,INR,390,129%,-70%,Low,10,959.25,3261.62,,,,,,720,590,260,260,210,590,320,480,260,210,210,480
wordpress web developers,INR,590,50%,-55%,Low,11,1263.18,5416.65,,,,,,1300,880,480,390,390,1000,390,480,390,480,210,720
wordpress website creation,INR,1600,-38%,-66%,Medium,46,374.15,2230.13,,,,,,4400,1900,1300,1300,1600,3600,1000,1300,880,1600,1000,1000
bluehost web design,INR,30,-50%,-75%,Medium,66,656.45,3625.87,,,,,,40,70,30,20,30,20,30,20,20,20,10,10
wordpress agency,INR,2400,125%,50%,Low,12,1417.26,8460.05,,,,,,480,390,480,1300,320,1300,720,480,22200,320,210,720
wordpress designers near me,INR,170,-18%,-88%,Medium,35,665.14,3020.24,,,,,,140,210,210,210,210,210,260,40,110,110,90,90
outsource wordpress development,INR,110,267%,-58%,Low,2,,,,,,,,260,110,110,20,70,480,40,20,20,30,10,110
wordpress website agency,INR,110,367%,0%,Low,4,1984.16,4724.19,,,,,,140,170,90,110,110,320,50,40,10,30,30,140
wordpress design agency,INR,320,136%,-19%,Low,7,746.42,2735.34,,,,,,320,260,210,170,210,880,720,390,110,110,20,260
best wordpress developers,INR,320,357%,-18%,Low,4,1188.87,5252.75,,,,,,320,880,590,210,260,390,140,140,110,70,170,320
woocommerce website developer,INR,70,250%,56%,Low,2,824.51,4387.83,,,,,,110,140,110,110,50,40,20,10,10,40,10,140
wordpress development services,INR,1000,69%,0%,Low,5,828.62,3684.87,,,,Y,,1300,1300,880,480,880,2900,1900,1300,720,590,590,1000
wordpress website management services,INR,390,86%,-56%,Low,11,1204.67,3991.41,,,,,,880,590,320,210,210,1600,480,140,210,210,140,390
wordpress website design services,INR,1300,69%,-58%,Low,2,793.66,3792.77,,,,,,2400,2400,1600,1300,1000,2400,1300,880,390,590,320,1000
webflow developer for hire,INR,30,250%,250%,Low,12,876.95,3298.43,,,,,,40,40,50,20,40,10,20,40,20,20,10,70
hire webflow developer,INR,90,27%,0%,Low,6,1329.60,4548.81,,,,,,140,140,110,70,50,90,70,50,30,110,70,140
freelance webflow developer,INR,30,0%,0%,Low,12,2232.15,4355.77,,,,,,30,20,40,70,30,40,20,10,10,20,20,20
divi website templates,INR,140,-50%,-67%,Medium,56,85.75,795.08,,,,,,170,140,140,170,140,140,140,90,70,140,90,70
hire webflow designer,INR,50,200%,0%,Low,3,1370.60,5436.11,,,,,,90,90,70,30,50,30,10,10,10,30,10,90
webflow vs,INR,110,-18%,-47%,Low,19,343.08,1267.19,,,,,,140,140,140,140,140,140,170,90,90,110,110,90
affordable web designers near me,INR,40,50%,-91%,Low,17,1308.56,3880.04,,,,,,70,90,50,40,70,110,20,0,20,20,10,30
wordpress website company,INR,90,400%,-55%,Low,4,,,,,,,,110,110,90,40,110,50,30,20,10,10,480,50
wordpress site design,INR,70,-20%,-64%,Low,33,475.67,1475.23,,,,,,90,90,70,40,90,140,40,50,40,50,20,40
wordpress website experts,INR,10,100%,-33%,Low,14,2047.04,3578.53,,,,,,30,30,10,10,10,20,10,10,10,10,10,20
custom wordpress website design,INR,170,180%,-64%,Low,2,2125.88,3767.93,,,,,,390,390,210,140,140,390,90,50,40,50,20,140
one page website design,INR,320,-19%,-46%,Low,19,292.44,1212.67,,,,,,390,480,390,390,210,590,320,170,260,320,210,260
framer website builder,INR,1600,53%,123%,Medium,44,235.96,1088.50,,,,,,1300,1600,1600,1600,1600,1300,1600,1600,1600,1900,2400,2900
wordpress outsource,INR,70,150%,-81%,Low,5,,,,,,,,210,90,70,70,70,320,30,10,10,20,10,50
hire webflow expert,INR,30,25%,-44%,Low,8,1483.39,3605.50,,,,,,50,30,40,20,30,40,20,10,10,40,30,50
wordpress web designer near me,INR,390,129%,-70%,Low,10,959.25,3261.62,,,,,,720,590,260,260,210,590,320,480,260,210,210,480
webflow to wordpress,INR,170,-21%,-66%,Low,27,302.70,1131.15,,,,,,260,210,170,260,170,210,170,170,90,140,140,110
cheap wordpress website design,INR,30,0%,-80%,Low,29,891.93,1984.16,,,,,,20,50,20,30,40,140,10,10,10,10,10,10
one page ecommerce website,INR,40,200%,-67%,Low,24,294.79,1108.11,,,,,,70,50,20,40,40,140,50,20,30,10,10,30
wordpress website redesign,INR,110,200%,0%,Low,1,1606.22,4203.92,,,,,,170,140,70,70,70,210,110,140,30,70,40,210
wordpress website templates free,INR,720,-45%,-45%,Medium,47,115.92,695.45,,,,,,2400,720,590,590,480,590,480,590,390,880,480,480
webflow designers for hire,INR,30,150%,-29%,Low,25,1889.67,4215.29,,,,,,70,50,40,10,40,10,10,10,10,20,10,50
woocommerce development agency,INR,170,100%,-64%,Low,5,1417.26,7047.48,,,,Y,,390,260,140,70,50,480,260,110,140,70,30,140
wordpress developer agency,INR,30,50%,-25%,Low,17,1700.71,4362.41,,,,,,20,70,40,10,20,30,10,20,90,20,30,30
wordpress design and development,INR,70,600%,-59%,Low,9,566.90,3585.66,,,,,,170,110,50,40,70,170,20,10,10,10,10,70
wordpress site designers,INR,1900,0%,-70%,Low,15,870.20,4215.35,,,,,,3600,1600,1000,880,1000,4400,2400,1900,1600,1600,880,1600
wordpress development agencies,INR,590,84%,0%,Low,6,762.76,3395.48,,,,,,320,590,480,480,480,1600,880,590,260,320,260,590
woocommerce website templates,INR,20,0%,-67%,High,73,492.00,1488.83,,,,,,20,20,10,20,30,20,10,20,10,10,10,10
wordpress website development company,INR,480,457%,-79%,Low,3,1133.80,2084.73,,,,Y,,1000,1300,590,320,590,1000,210,260,210,70,110,390
wordpress website design cost,INR,140,3500%,324%,Low,0,472.42,2194.97,,,,,,170,170,50,70,110,260,70,70,20,20,10,720
webflow vs framer,INR,590,0%,-33%,Low,20,239.14,1483.85,,,,,,880,720,590,720,720,590,590,590,480,590,590,590
best one page websites,INR,170,0%,-46%,Medium,41,216.88,1419.50,,,,,,260,260,170,170,170,170,110,110,140,140,170,140
wordpress website design company,INR,1900,85%,-45%,Low,2,1085.62,3802.97,,,,,,3600,2400,1600,1600,1600,4400,3600,1900,720,1300,480,2400
wordpress website design agency,INR,1900,85%,-45%,Low,2,1085.62,3802.97,,,,,,3600,2400,1600,1600,1600,4400,3600,1900,720,1300,480,2400
wordpress to webflow,INR,50,33%,-64%,Low,30,274.95,1761.18,,,,,,110,90,50,70,70,50,40,20,10,30,50,40
elementor designer,INR,30,0%,-86%,Medium,39,948.96,4101.03,,,,,,50,50,20,30,20,90,20,20,10,10,10,10
wordpress developer company,INR,10,0%,-67%,Low,21,2834.51,13187.10,,,,,,30,20,10,10,40,20,10,10,0,10,10,10
wordpress developer services,INR,90,33%,-81%,Low,1,,,,,,,,170,210,110,50,110,210,70,40,20,30,30,40
best wordpress designers,INR,50,100%,-78%,Low,26,681.90,2421.89,,,,,,50,110,90,110,50,50,10,10,10,10,20,20
webflow website developer,INR,10,-50%,0%,Low,23,,,,,,,,10,10,10,10,10,10,10,10,10,20,10,10
wordpress support agency,INR,30,600%,-22%,Low,2,,,,,,,,90,30,30,10,50,40,10,10,10,10,10,70
top wordpress agencies,INR,20,600%,250%,Low,6,1142.28,4619.47,,,,,,40,20,10,20,30,30,10,10,10,10,30,70
wordpress website development services,INR,880,84%,-55%,Low,3,856.97,3117.96,,,,Y,,1000,1300,1000,880,1300,1600,720,590,480,320,390,590
wordpress web developer near me,INR,90,50%,-92%,Low,14,844.68,2380.99,,,,,,170,210,90,50,110,170,50,20,10,20,30,30
white label wordpress agency,INR,90,600%,-67%,Low,3,,,,,,,,210,170,110,50,90,320,30,40,20,10,20,70
website development wordpress,INR,1600,-32%,-54%,Low,6,1130.28,3401.41,,,,Y,,1600,1000,1300,1000,1300,3600,4400,1900,1300,1300,720,880
wordpress web design services,INR,1300,69%,-58%,Low,2,793.66,3792.77,,,,,,2400,2400,1600,1300,1000,2400,1300,880,390,590,320,1000
wordpress web design agency,INR,1900,85%,-45%,Low,2,1085.62,3802.97,,,,,,3600,2400,1600,1600,1600,4400,3600,1900,720,1300,480,2400
elementor web design,INR,50,33%,-64%,Medium,48,183.77,1210.01,,,,,,110,90,70,50,40,140,30,20,30,30,20,40
fiverr wordpress website design,INR,10,0%,0%,High,71,299.60,2193.08,,,,,,10,10,20,10,10,10,10,20,10,10,20,10
freelance wordpress website designer,INR,90,29%,-18%,Low,5,856.63,4277.15,,,,,,110,170,90,70,70,260,90,10,70,70,10,90
wordpress web agency,INR,110,367%,0%,Low,4,1984.16,4724.19,,,,,,140,170,90,110,110,320,50,40,10,30,30,140
wordpress design company,INR,260,133%,-34%,Low,2,1191.64,1949.11,,,,,,320,320,170,90,90,880,480,260,140,90,40,210
custom wordpress plugin developer,INR,10,0%,0%,Low,0,,,,,,,,10,10,10,10,10,10,10,10,10,10,0,10
freelance wordpress web designer,INR,90,29%,-18%,Low,5,856.63,4277.15,,,,,,110,170,90,70,70,260,90,10,70,70,10,90
woocommerce website designer,INR,30,300%,0%,Low,8,,,,,,,,50,70,70,10,50,10,10,20,10,10,40,40
woocommerce website design services,INR,20,0%,0%,Low,9,,,,,,,,50,50,30,20,20,10,10,10,10,20,10,20
wordpress web design near me,INR,170,55%,-76%,Low,3,563.00,1709.91,,,,,,260,170,110,70,210,260,40,30,90,110,320,170
woocommerce development company,INR,320,0%,-46%,Low,2,793.66,3553.53,,,,,,480,320,210,170,140,880,320,320,260,260,70,260
white label wordpress development agency,INR,30,300%,-20%,Low,4,,,,,,,,30,40,70,10,50,50,10,10,10,10,40,40
webflow developer freelance,INR,10,-100%,-100%,Unknown,,,,,,,,,10,10,10,10,20,10,10,10,20,90,10,0
woocommerce designer,INR,30,400%,25%,Low,8,709.57,4957.08,,,,,,50,110,40,10,20,10,10,10,10,10,10,50
webflow vs elementor,INR,50,0%,-55%,Low,7,376.16,1034.45,,,,,,90,70,40,40,50,40,30,30,30,50,30,50
divi web design,INR,30,200%,-67%,Low,24,95.65,1194.22,,,,,,70,90,40,50,30,30,10,10,10,10,20,30
wordpress agency near me,INR,320,-46%,-46%,Low,8,1262.78,3547.86,,,,,,590,140,480,720,390,880,320,10,110,260,210,140
custom wordpress design,INR,170,-50%,-78%,Low,2,,,,,,,,260,170,110,140,140,320,320,320,170,140,30,70
wordpress web templates,INR,1900,-55%,-46%,High,71,140.48,1033.98,,,,,,4400,1900,1900,1900,1900,1900,1300,1900,1600,2900,1300,1300
webflow or wordpress,INR,30,100%,0%,Low,27,223.03,912.88,,,,,,50,40,30,30,30,40,20,30,30,20,30,40
wordpress graphic designer,INR,10,-100%,-100%,Unknown,,,,,,,,,10,10,10,10,10,10,10,10,10,10,10,0
wordpress website development agency,INR,260,133%,-76%,Low,6,1889.67,3924.85,,,,,,590,320,210,260,390,720,110,90,110,90,90,210
wordpress website design near me,INR,140,80%,-93%,Low,2,,,,,,,,480,70,90,140,110,320,50,30,40,50,110,90
webflow web design agency,INR,110,57%,-21%,Low,5,688.79,1747.95,,,,,,170,110,90,70,50,480,210,110,40,70,10,110
wordpress website design templates,INR,210,200%,-57%,Low,14,132.28,741.70,,,,,,170,210,210,590,1000,140,70,170,90,30,40,90
webflow website designers,INR,110,22%,-58%,Low,25,1202.78,4285.16,,,,,,170,140,90,110,110,320,50,50,40,90,50,110
wordpress web development services,INR,880,84%,-55%,Low,3,856.97,3117.96,,,,,,1000,1300,1000,880,1300,1600,720,590,480,320,390,590
custom wordpress website cost,INR,20,100%,-60%,Low,26,321.09,1133.80,,,,,,40,50,20,20,30,10,10,10,10,10,10,20
word press design,INR,480,23%,-75%,Low,27,339.60,1295.05,,,,,,1000,720,480,590,480,590,390,210,210,260,210,320
top wordpress developers,INR,320,357%,-18%,Low,4,1188.87,5252.75,,,,,,320,880,590,210,260,390,140,140,110,70,170,320
toptal wordpress,INR,10,0%,-100%,Unknown,,,,,,,,,10,10,10,10,10,10,10,10,0,0,10,0
elementor web designer,INR,20,100%,-50%,Medium,54,550.74,2462.52,,,,,,20,30,30,20,30,10,10,10,10,10,10,20
best wordpress website templates,INR,30,-50%,-80%,High,100,309.03,1303.41,,,,,,30,50,30,30,40,30,20,10,20,20,10,10
elementor vs webflow,INR,30,100%,-60%,Low,23,319.84,1342.06,,,,,,70,40,30,30,40,40,30,30,10,10,10,20
woocommerce website developers,INR,110,367%,-56%,Low,5,2834.51,6432.66,,,,,,390,320,170,90,90,70,50,20,20,30,30,140
wordpress web development company,INR,480,457%,-79%,Low,3,1133.80,2084.73,,,,,,1000,1300,590,320,590,1000,210,260,210,70,110,390
wordpress website design and development,INR,170,325%,-19%,Low,3,1173.49,3779.35,,,,,,320,390,210,210,260,140,70,30,20,40,30,170
wordpress web development agency,INR,260,133%,-76%,Low,6,1889.67,3924.85,,,,,,590,320,210,260,390,720,110,90,110,90,90,210
wordpress ecommerce developer,INR,70,100%,-90%,Low,0,,,,,,,,170,170,70,20,40,320,40,10,20,10,10,20
woocommerce website design,INR,170,180%,-56%,Low,6,377.63,1074.64,,,,,,320,260,210,110,110,390,210,170,50,50,90,140
best wordpress agencies,INR,30,100%,-43%,Low,14,944.84,5003.86,,,,,,50,30,20,10,20,40,10,10,10,20,30,40
ecommerce website templates wordpress,INR,20,0%,-50%,Low,15,317.84,1175.38,,,,,,30,30,10,20,10,20,10,10,50,20,10,20
web flow developer,INR,480,51%,-18%,Low,29,974.79,3506.84,,,,,,720,590,480,390,390,480,390,390,260,390,390,590
wordpress portfolio website,INR,170,-35%,-58%,Low,27,189.86,962.34,,,,,,210,260,260,210,140,210,170,170,170,170,110,110
custom wordpress website development,INR,110,450%,-72%,Low,7,,,,,,,,320,170,90,70,70,320,20,30,20,20,20,110
enterprise wordpress agency,INR,70,120%,22%,Low,2,,,,,,,,50,50,40,20,30,170,170,140,30,50,40,110
wire frame online,INR,10,-100%,-100%,Unknown,,,,,,,,,0,0,0,10,0,10,10,10,0,10,0,0
upwork webflow developer,INR,10,-50%,-50%,Low,33,411.74,1600.88,,,,,,10,10,10,10,10,10,10,10,10,20,10,10
elementor design,INR,20,0%,-75%,Medium,52,150.05,940.62,,,,,,30,30,10,20,20,20,10,20,10,10,10,10
real estate website templates wordpress,INR,10,0%,-67%,High,100,151.82,1417.26,,,,,,20,30,20,10,30,20,10,10,10,10,10,10
astra web design web designing company,INR,10,0%,-100%,Unknown,,,,,,,,,10,10,10,0,0,10,0,0,0,0,0,0
headless wordpress agency,INR,10,0%,-67%,Low,0,,,,,,,,40,10,10,10,10,20,10,10,0,10,10,10
fiverr wordpress design,INR,10,-100%,-100%,Unknown,,,,,,,,,10,10,10,10,10,10,10,10,10,10,10,0
wordpress development firm,INR,30,200%,-67%,Low,3,,,,,,,,90,70,50,20,30,40,10,10,10,10,10,30
fiverr website design wordpress,INR,10,0%,-50%,Medium,36,,,,,,,,20,10,20,10,10,10,10,10,10,10,10,10
freelance wordpress web developer,INR,20,200%,-40%,Low,3,,,,,,,,40,70,30,10,10,10,10,10,10,10,10,30
webflow mobile app,INR,30,-33%,-60%,Low,18,207.68,410.27,,,,,,40,50,40,40,20,40,20,20,10,30,10,20
wordpress website design packages,INR,90,600%,-18%,Low,5,,,,,,,,210,260,170,50,90,110,10,10,10,20,10,140
offshore wordpress development,INR,10,0%,-50%,Low,9,,,,,,,,30,20,10,10,10,70,10,10,10,10,10,10
webflow web developer,INR,10,0%,-75%,Low,29,472.42,4346.97,,,,,,20,10,10,10,10,10,10,10,10,10,10,10
best ecommerce template,INR,10,0%,0%,High,86,,,,,,,,20,10,10,10,10,10,0,0,10,10,10,10
webflow for developers,INR,10,0%,-50%,Low,32,462.97,848.95,,,,,,10,10,10,20,10,10,10,10,10,10,10,10
divi website designer,INR,90,120%,-21%,Low,8,404.73,2086.31,,,,,,110,110,70,70,70,140,90,50,40,50,90,110
hire a webflow designer,INR,30,0%,-71%,Low,3,,,,,,,,70,50,30,20,40,50,20,10,10,20,20,20
church website templates wordpress,INR,260,0%,-46%,High,85,89.16,678.75,,,,,,390,320,260,260,260,210,260,170,170,210,210,210
affordable wordpress web design,INR,90,-29%,-84%,Low,2,,,,,,,,210,110,50,70,70,170,50,40,70,70,20,50
non profit website templates wordpress,INR,10,0%,-50%,Low,29,,,,,,,,20,20,10,10,10,10,10,10,10,10,10,10
is webflow better than wordpress,INR,50,0%,-64%,Low,22,104.97,1191.13,,,,,,90,70,50,70,40,90,40,40,20,50,70,50
enterprise wordpress development,INR,140,0%,56%,Low,10,839.96,2464.13,,,,,,70,50,30,50,110,260,260,210,140,140,110,140
website design elementor,INR,10,0%,-50%,High,74,344.63,1515.77,,,,,,10,30,10,10,10,30,10,10,10,10,10,10
wordpress web design packages,INR,90,600%,-18%,Low,5,,,,,,,,210,260,170,50,90,110,10,10,10,20,10,140
freelance wordpress designers,INR,590,50%,-45%,Low,9,921.11,3594.78,,,,,,880,1300,880,880,480,480,260,390,260,320,210,480
best wordpress development agency,INR,20,250%,75%,Low,5,1417.26,3779.35,,,,,,40,30,10,10,30,30,10,10,10,20,50,70
wordpress web design price,INR,110,0%,-85%,Low,9,718.11,1855.21,,,,,,210,260,110,110,140,260,90,20,30,40,20,40
website design using wordpress,INR,30,0%,-75%,High,69,325.36,997.05,,,,,,40,40,20,50,50,50,20,10,10,10,10,10
best wordpress website designers,INR,10,0%,-67%,High,86,,,,,,,,20,50,20,30,20,10,10,10,10,10,10,10
framer website template,INR,590,23%,0%,Low,23,266.01,1026.15,,,,,,480,590,590,590,590,590,480,590,480,480,480,590
wordpress responsive design,INR,70,450%,0%,Low,4,321.35,1038.38,,,,,,90,90,90,70,50,90,40,20,30,20,20,110
best wordpress website design,INR,40,100%,-20%,Low,16,273.35,1907.05,,,,,,20,70,50,50,40,70,30,20,10,20,10,40
affordable wordpress design,INR,10,0%,-67%,Low,0,,,,,,,,20,40,10,10,10,10,10,0,10,10,10,10
one page web design,INR,320,-19%,-46%,Low,19,292.44,1212.67,,,,,,390,480,390,390,210,590,320,170,260,320,210,260
wordpress website packages pricing,INR,10,0%,0%,Low,0,,,,,,,,50,30,10,10,10,10,10,10,10,10,10,10
one page websites examples,INR,140,-18%,-65%,Low,30,113.38,546.74,,,,,,210,170,170,140,140,210,110,110,90,110,110,90
wordpress or webflow,INR,40,0%,-43%,Low,22,192.47,940.22,,,,,,70,40,40,30,40,70,30,30,10,40,50,40
wordpress business website templates,INR,20,-50%,-80%,High,68,215.84,1054.54,,,,,,40,40,20,20,20,10,10,10,10,20,10,10
wordpress website templates for photographers,INR,140,-18%,-46%,High,92,101.31,751.40,,,,,,210,260,210,210,140,110,90,90,110,170,110,140
custom wordpress designer,INR,40,200%,-73%,Low,0,,,,,,,,110,70,30,10,30,110,40,30,20,10,10,30
wordpress plugin development service,INR,70,450%,-48%,Low,0,,,,,,,,110,90,110,70,90,140,40,20,30,20,50,110
affordable wordpress website design,INR,90,-29%,-84%,Low,2,,,,,,,,210,110,50,70,70,170,50,40,70,70,20,50
webflow and wordpress,INR,170,-21%,-66%,Low,27,302.70,1131.15,,,,,,260,210,170,260,170,210,170,170,90,140,140,110
webflow design services,INR,30,400%,-44%,Low,1,,,,,,,,40,20,20,10,30,140,20,20,20,10,10,50
custom wordpress development services,INR,170,750%,-71%,Low,4,1007.49,3748.17,,,,,,480,320,210,110,110,390,70,30,30,20,50,170
custom wordpress agency,INR,10,100%,100%,Low,4,,,,,,,,20,30,10,10,20,10,10,0,10,10,10,20
elementor pro website templates,INR,20,50%,0%,Medium,63,150.05,907.60,,,,,,20,20,30,30,20,20,20,20,20,20,20,30
wordpress photography website templates,INR,20,0%,-75%,High,100,164.38,988.30,,,,,,20,20,10,20,20,10,10,20,20,10,10,10
wordpress ecommerce agency,INR,50,-80%,-50%,Low,8,,,,,,,,20,50,20,20,40,170,170,110,30,50,0,10
top wordpress development companies,INR,90,180%,-18%,Low,3,2703.70,4937.68,,,,,,170,90,110,40,30,140,30,40,40,50,210,140
top wordpress designers,INR,50,100%,-78%,Low,26,681.90,2421.89,,,,,,50,110,90,110,50,50,10,10,10,10,20,20
real estate business website templates,INR,10,0%,0%,High,86,,,,,,,,0,0,10,10,10,10,0,0,0,10,10,10
wordpress plugin development agency,INR,10,0%,0%,High,86,,,,,,,,10,10,0,0,10,110,10,10,10,10,0,10
wp website design,INR,10,0%,0%,Medium,43,,,,,,,,0,20,10,20,20,10,10,10,10,10,10,10
web designer elementor,INR,10,∞,0%,High,86,,,,,,,,10,10,10,10,10,0,10,10,0,0,10,10
wordpress site design price,INR,110,0%,-85%,Low,9,718.11,1855.21,,,,,,210,260,110,110,140,260,90,20,30,40,20,40
wordpress web design and development,INR,170,325%,-19%,Low,3,1173.49,3779.35,,,,,,320,390,210,210,260,140,70,30,20,40,30,170
wordpress website development packages,INR,10,0%,-75%,Low,0,,,,,,,,30,20,10,10,20,10,0,10,10,10,10,10
themeforest website design,INR,10,∞,0%,Low,0,,,,,,,,10,10,0,10,10,10,0,10,0,0,0,10
webflow for wordpress,INR,170,-21%,-66%,Low,27,302.70,1131.15,,,,,,260,210,170,260,170,210,170,170,90,140,140,110
wordpress for designers,INR,10,0%,0%,Medium,49,163.81,1730.81,,,,,,10,10,10,10,10,20,10,10,10,10,10,10
framer web builder,INR,1600,53%,123%,Medium,44,235.96,1088.50,,,,,,1300,1600,1600,1600,1600,1300,1600,1600,1600,1900,2400,2900
wordpress website development price,INR,140,3500%,243%,Low,0,,,,,,,,210,170,110,90,70,260,50,20,20,20,20,720
wordpress web company,INR,20,∞,-50%,Low,0,,,,,,,,30,40,20,10,50,20,10,0,0,0,10,10
one page landing page free,INR,10,0%,0%,High,86,321.34,1601.77,,,,,,10,10,10,10,10,0,10,10,0,10,0,10
wordpress blog designers,INR,10,0%,-75%,Medium,51,618.38,3548.65,,,,,,20,30,20,20,20,10,10,10,10,10,10,10
wordpress blog designer,INR,10,0%,-75%,Medium,51,618.38,3548.65,,,,,,20,30,20,20,20,10,10,10,10,10,10,10
web design using wordpress,INR,30,0%,-75%,High,69,325.36,997.05,,,,,,40,40,20,50,50,50,20,10,10,10,10,10
top wordpress companies,INR,10,100%,0%,Low,4,,,,,,,,30,30,10,10,10,0,10,10,10,10,10,20
divi web design agency,INR,10,0%,-50%,Low,29,,,,,,,,10,30,10,20,10,10,10,10,0,10,10,10
cms development services,INR,170,89%,-47%,Low,2,720.31,3225.42,,,,,,480,320,210,90,90,390,70,20,50,90,70,170
webflow developer upwork,INR,10,-100%,-100%,Unknown,,,,,,,,,10,10,10,10,10,10,10,10,10,10,10,0
free ecommerce website templates wordpress,INR,170,136%,-56%,Low,8,87.60,1159.83,,,,,,320,320,170,110,90,140,90,140,320,110,70,260
wordpress page design,INR,10,0%,-50%,Medium,36,,,,,,,,20,10,10,10,10,10,10,10,10,10,10,10
one page website template wordpress,INR,10,0%,-50%,High,83,113.91,539.74,,,,,,10,10,10,10,10,10,10,10,10,10,20,10
wordpress design development,INR,20,200%,-25%,Low,0,,,,,,,,30,70,10,30,40,10,10,10,10,10,10,30
webflow wordpress plugin,INR,30,-50%,-67%,Low,0,,,,,,,,30,20,20,40,30,50,30,30,10,20,20,10
webflow agency website,INR,10,0%,0%,Low,5,,,,,,,,10,20,10,10,10,10,10,10,10,10,10,10
wordpress design price,INR,20,-100%,-100%,Unknown,,,,,,,,,30,30,20,20,20,50,10,10,10,10,0,0
wp web design,INR,10,∞,-50%,Low,12,,,,,,,,10,10,20,10,10,30,10,10,10,0,10,10
restaurant website templates wordpress,INR,10,0%,0%,High,100,,,,,,,,10,0,10,10,10,10,10,10,0,10,10,10
webflow design studio,INR,10,0%,0%,Low,29,,,,,,,,10,10,10,10,10,40,10,10,10,10,10,10
elementor website template,INR,210,-19%,-35%,High,75,114.72,812.72,,,,,,210,210,210,260,210,260,210,170,170,210,140,170
wordpress custom web design,INR,40,600%,0%,Low,8,1556.82,5900.78,,,,,,40,50,40,30,50,70,20,10,10,10,10,70
wordpress website developer cost,INR,10,0%,0%,High,86,,,,,,,,0,20,10,10,10,0,10,10,0,10,0,10
best one page ecommerce sites,INR,10,0%,-100%,Unknown,,,,,,,,,0,0,0,10,10,0,0,0,0,0,0,0
wordpress web design templates,INR,210,200%,-57%,Low,14,132.28,741.70,,,,,,170,210,210,590,1000,140,70,170,90,30,40,90
webflow expert for hire,INR,10,0%,0%,Low,0,,,,,,,,10,10,10,10,10,0,0,10,10,10,0,10
figma to webflow agency,INR,20,50%,-40%,Low,3,,,,,,,,50,30,20,20,10,30,20,10,10,20,20,30
website page builders,INR,170,56%,-81%,Low,22,739.59,2128.90,,,,,,480,210,170,210,170,110,110,90,90,90,90,140
wordpress web designer freelance,INR,10,∞,-67%,Low,0,,,,,,,,10,10,10,10,10,10,10,10,10,0,0,10
free church website templates wordpress,INR,90,0%,-67%,Low,12,72.38,547.06,,,,,,170,140,110,90,90,70,50,40,50,70,40,70
one page website builders,INR,590,50%,50%,Low,31,570.41,2754.52,,,,,,480,590,480,590,590,590,480,480,1600,480,590,720
award winning wordpress websites,INR,10,0%,0%,Medium,64,224.78,1163.42,,,,,,10,10,10,10,20,10,10,10,10,10,10,10
wordpress design & development,INR,20,200%,-25%,Low,0,,,,,,,,30,70,10,30,40,10,10,10,10,10,10,30
avada prebuilt websites,INR,90,22%,0%,Low,10,240.07,1845.88,,,,,,140,110,90,70,90,70,70,70,70,90,90,110
wordpress web page design,INR,2900,21%,-34%,Low,9,636.81,2683.81,,,,,,2900,2900,2400,1900,2400,4400,2900,2900,2900,2400,2900,2900
space website templates,INR,20,-67%,-67%,Low,2,,,,,,,,40,20,20,20,10,30,20,20,10,30,30,10
consulting website template wordpress,INR,10,0%,0%,Medium,57,,,,,,,,10,10,10,10,10,0,10,10,10,10,0,10
professional wordpress development service,INR,30,175%,120%,Low,0,,,,,,,,30,20,20,10,10,30,0,0,10,40,90,110
agency website template wordpress,INR,10,0%,-100%,Unknown,,,,,,,,,0,0,10,0,10,10,10,10,0,0,10,0
wordpress templates online store,INR,30,0%,-78%,Low,29,88.56,748.90,,,,,,30,40,40,30,30,20,40,30,30,20,20,20
charity website template wordpress,INR,10,∞,0%,Low,7,,,,,,,,10,10,10,20,10,10,10,0,0,0,0,10
membership website templates wordpress,INR,10,0%,-50%,Medium,52,,,,,,,,10,10,10,10,10,10,10,10,10,10,10,10
wordpress website specialist,INR,20,100%,-60%,Low,12,,,,,,,,40,40,20,10,20,20,10,10,10,10,10,20
woocommerce custom development,INR,90,420%,24%,Low,1,1350.45,2534.97,,,,,,110,110,170,40,50,210,10,20,10,50,10,260
wordpress design and development agency,INR,30,150%,25%,Low,6,,,,,,,,40,50,30,20,30,30,10,10,10,20,30,50
design wordpress website offline,INR,10,0%,0%,Low,0,,,,,,,,0,0,0,0,10,10,0,0,0,10,10,10
ecommerce website design wordpress,INR,20,0%,-80%,Low,24,,,,,,,,20,50,50,40,50,10,10,10,10,10,10,10
woocommerce designs,INR,20,-33%,-50%,Low,17,350.53,1268.92,,,,,,40,40,20,10,20,10,10,10,10,30,10,20
avada website templates,INR,40,-40%,-25%,Low,26,91.65,928.45,,,,,,40,50,50,30,40,30,30,40,40,50,30,30
divi designers,INR,20,-33%,-50%,Low,0,,,,,,,,30,30,20,20,10,20,10,10,10,30,10,20
iptv website template wordpress,INR,10,0%,-100%,Unknown,,,,,,,,,10,0,0,0,0,0,10,0,0,0,0,0
best one page website design,INR,10,0%,0%,Medium,55,212.01,764.76,,,,,,10,30,10,20,20,20,10,10,10,10,10,10
webflow with wordpress,INR,170,-21%,-66%,Low,27,302.70,1131.15,,,,,,260,210,170,260,170,210,170,170,90,140,140,110
wordpress ecommerce website development cost,INR,10,0%,-100%,Unknown,,,,,,,,,10,20,10,10,10,10,10,0,0,0,0,0
wordpress plugin development company,INR,30,600%,75%,Low,1,,,,,,,,10,30,30,20,40,90,10,10,10,10,10,70
designing in wordpress,INR,390,247%,-55%,Low,17,850.18,3826.03,,,,,,880,590,390,320,320,720,320,140,110,170,170,590
woocommerce web agency,INR,40,0%,-89%,Low,0,,,,,,,,70,90,70,20,40,110,20,10,10,10,10,10
woocommerce homepage design,INR,10,∞,0%,High,71,,,,,,,,10,10,10,0,0,10,0,0,10,0,0,10
dental website templates wordpress,INR,10,0%,-100%,Unknown,,,,,,,,,10,10,10,10,0,10,0,10,10,0,0,0
simple one page website design,INR,10,0%,0%,High,68,,,,,,,,10,20,10,20,10,10,10,10,10,10,10,10
wp website templates,INR,1900,-55%,-46%,High,71,140.48,1033.98,,,,,,4400,1900,1900,1900,1900,1900,1300,1900,1600,2900,1300,1300
woocommerce website design agency,INR,50,250%,0%,Low,2,,,,,,,,90,110,70,40,50,30,20,10,10,20,20,70
framer webflow,INR,40,25%,67%,Medium,48,265.39,973.87,,,,,,50,50,30,40,30,40,30,30,30,40,40,50
wordpress website design development,INR,170,325%,-19%,Low,3,1173.49,3779.35,,,,,,320,390,210,210,260,140,70,30,20,40,30,170
themeforest website templates,INR,480,0%,0%,Low,23,33.07,556.33,,,,,,210,320,590,590,880,590,320,880,390,260,260,260
portfolio website templates wordpress,INR,10,0%,0%,Medium,50,,,,,,,,10,10,10,10,10,10,10,10,10,10,10,10
wordpress design cost,INR,10,0%,-100%,Unknown,,,,,,,,,10,20,10,20,20,10,10,10,0,0,0,0
webflow design company,INR,50,0%,-71%,Low,0,,,,,,,,90,70,40,30,10,260,40,10,10,40,20,40
wordpress website designer freelance,INR,90,29%,-18%,Low,5,856.63,4277.15,,,,,,110,170,90,70,70,260,90,10,70,70,10,90
lawyer website template wordpress,INR,10,0%,0%,High,100,,,,,,,,10,0,10,10,10,10,10,10,10,10,0,10
beautiful one page websites,INR,10,100%,100%,Low,20,183.29,1340.15,,,,,,10,30,10,10,30,10,10,10,10,10,10,20
great one page websites,INR,170,0%,-46%,Medium,41,216.88,1419.50,,,,,,260,260,170,170,170,170,110,110,140,140,170,140
elementor for web designers,INR,10,0%,-100%,Unknown,,,,,,,,,10,20,10,10,10,0,10,10,0,0,0,0
dating website template wordpress free,INR,10,0%,0%,Medium,43,,,,,,,,10,10,10,10,0,0,0,0,0,10,10,10
webflow vs divi,INR,10,100%,-33%,Low,1,,,,,,,,20,20,20,10,10,10,10,10,10,10,10,20
wordpress website design prices,INR,110,0%,-85%,Low,9,718.11,1855.21,,,,,,210,260,110,110,140,260,90,20,30,40,20,40
wordpress agency website,INR,10,-67%,0%,Low,0,,,,,,,,10,20,10,10,10,10,10,0,10,30,10,10
real estate website templates wordpress free,INR,90,180%,-18%,Low,12,152.99,639.64,,,,,,170,170,110,70,70,70,50,50,40,50,50,140
elementor responsive design,INR,10,0%,0%,Low,0,,,,,,,,10,10,10,10,10,10,10,10,10,10,10,10
elementor web design agency,INR,20,∞,200%,Low,8,,,,,,,,10,30,10,10,10,30,10,0,0,0,30,30
best wordpress development companies,INR,110,250%,-18%,Low,1,,,,,,,,210,170,90,30,110,210,30,40,50,40,320,140
developers webflow,INR,10,0%,0%,Medium,64,785.97,1753.22,,,,,,10,10,10,10,10,10,10,10,10,10,10,10
custom wordpress development company,INR,140,125%,-77%,Low,0,,,,,,,,390,260,140,50,170,320,210,90,70,40,10,90
junior webflow developer,INR,10,∞,0%,Low,0,,,,,,,,0,10,10,10,0,10,10,10,10,0,10,10
webflow or elementor,INR,10,0%,-67%,Low,5,,,,,,,,10,10,10,10,10,10,10,0,0,10,10,10
webflow to app,INR,10,0%,-67%,Low,0,,,,,,,,10,10,10,10,10,10,10,10,0,10,10,10
responsive wordpress website,INR,10,0%,-67%,Low,29,,,,,,,,10,50,20,20,20,10,10,10,10,10,10,10
wordpress website inspiration,INR,10,0%,0%,Medium,43,127.88,651.49,,,,,,10,20,10,10,10,20,10,10,10,10,10,10
graphic design website templates wordpress,INR,10,0%,0%,Medium,43,,,,,,,,0,0,10,10,10,10,0,0,0,10,10,10
the best one page websites,INR,10,0%,0%,High,86,,,,,,,,10,20,10,20,20,10,10,0,0,10,10,10
web development company wordpress,INR,110,0%,-36%,Low,2,,,,,,,,140,140,90,110,110,320,70,70,90,70,20,70
wordpress real estate website design,INR,40,0%,-80%,Low,0,,,,,,,,50,90,50,90,70,20,40,10,10,10,10,10
best wordpress experts,INR,10,∞,100%,Low,0,,,,,,,,10,20,20,10,10,20,10,10,10,0,10,20
cheap wordpress web design,INR,30,0%,-80%,Low,29,891.93,1984.16,,,,,,20,50,20,30,40,140,10,10,10,10,10,10
99designs wordpress,INR,10,0%,-100%,Unknown,,,,,,,,,10,10,10,10,10,10,10,10,0,0,0,0
woocommerce plugin development company,INR,10,0%,-50%,Low,0,,,,,,,,20,10,10,0,30,10,10,0,10,10,10,10
restaurant website templates wordpress free,INR,10,-100%,-100%,Unknown,,,,,,,,,0,10,0,0,0,0,0,0,0,10,0,0
web design with wordpress everything from beginning to end,INR,10,0%,-100%,Unknown,,,,,,,,,0,0,0,10,0,10,10,0,0,0,0,0
bespoke wordpress design,INR,10,∞,0%,Low,0,,,,,,,,10,10,10,10,10,0,10,0,0,0,0,10
bespoke wordpress website,INR,10,100%,0%,Low,0,,,,,,,,30,10,10,10,10,20,0,0,10,10,10,20
top woocommerce development companies,INR,20,100%,-60%,Low,6,,,,,,,,40,40,50,10,20,10,10,10,10,10,10,20
webflow vs wix vs squarespace vs wordpress,INR,10,0%,0%,Medium,43,,,,,,,,10,10,10,10,10,0,10,0,10,10,10,10
wordpress website redesign cost,INR,10,0%,-75%,Low,24,,,,,,,,10,50,20,20,20,10,10,10,10,10,10,10
elementor website templates free,INR,10,0%,0%,Low,31,,,,,,,,10,10,10,10,10,10,10,10,10,10,10,10
design a site like this with wordpress com,INR,10,100%,100%,Low,11,267.43,642.27,,,,,,10,10,10,10,10,10,10,10,10,10,10,20
author website template wordpress,INR,40,0%,-57%,High,90,108.74,691.62,,,,,,70,50,70,50,40,50,50,30,30,30,20,30
compare webflow and wordpress,INR,10,0%,0%,Medium,43,,,,,,,,10,10,0,10,10,10,10,10,0,10,0,10
webflow vs wordpress seo,INR,20,100%,-33%,Low,17,14.50,732.21,,,,,,30,20,20,10,10,50,10,10,10,10,20,20
travel website templates wordpress,INR,10,0%,0%,High,100,,,,,,,,10,10,10,10,10,10,10,10,10,10,10,10
website templates wordpress elementor,INR,10,0%,0%,High,100,,,,,,,,0,10,10,0,10,0,10,10,0,10,0,10
single page website template wordpress,INR,10,0%,0%,High,100,,,,,,,,10,0,10,10,10,10,0,10,0,10,10,10
best wordpress design websites,INR,10,∞,-50%,Low,12,,,,,,,,10,20,10,20,20,10,10,10,0,0,10,10
creating free website using wordpress,INR,10,-100%,-100%,Unknown,,,,,,,,,10,10,10,0,10,0,10,10,10,10,10,0
wordpress webflow plugin,INR,10,0%,0%,Low,19,,,,,,,,10,10,10,10,10,10,10,10,0,10,10,10
wordpress development local,INR,260,-19%,-19%,Low,11,72.55,1606.22,,,,,,210,170,210,140,210,480,480,320,260,260,110,210
webflow vs oxygen,INR,10,0%,0%,Low,0,,,,,,,,10,10,10,0,10,10,10,10,0,10,0,10
elementor pre built websites,INR,10,0%,0%,Low,14,,,,,,,,10,20,10,10,10,10,0,0,0,10,10,10
wordpress ux portfolio,INR,10,0%,0%,Medium,43,,,,,,,,10,10,10,10,10,10,10,10,10,10,10,10
free wp website templates,INR,720,-45%,-45%,Medium,47,115.92,695.45,,,,,,2400,720,590,590,480,590,480,590,390,880,480,480
webflow front end,INR,10,0%,0%,Medium,48,,,,,,,,10,10,10,0,10,10,10,10,10,10,10,10
best designed wordpress sites,INR,40,100%,-20%,Low,16,273.35,1907.05,,,,,,20,70,50,50,40,70,30,20,10,20,10,40
wordpress portfolio website examples,INR,10,-50%,0%,Low,29,,,,,,,,10,10,10,10,30,10,20,10,10,20,10,10
wordpress web design experts,INR,20,200%,-57%,Low,1,,,,,,,,50,50,30,10,30,10,10,0,10,10,10,30
construction website templates wordpress,INR,20,200%,-25%,Medium,48,169.44,614.14,,,,,,40,40,30,30,20,30,10,10,10,10,10,30
onepage design,INR,1600,19%,90%,Low,3,152.32,995.83,,,,,,1600,1900,590,590,1600,2900,2400,1900,1600,1600,1900,1900
does webflow work with wordpress,INR,20,-50%,-67%,Low,16,,,,,,,,20,20,20,30,20,30,20,20,10,20,20,10
yoast for webflow,INR,20,-50%,-67%,Low,2,,,,,,,,20,20,10,90,10,20,20,10,10,20,20,10
webflow vs wordpress for seo,INR,20,0%,-50%,Low,5,,,,,,,,30,10,10,10,10,50,20,10,10,10,20,10
wordpress graphic design,INR,10,0%,0%,Low,14,,,,,,,,10,10,10,10,10,10,10,10,10,10,10,10
webflow vs wordpress vs wix,INR,20,-50%,-75%,Low,31,211.90,545.54,,,,,,20,30,20,20,10,30,30,20,0,20,20,10
political website templates wordpress,INR,50,80%,0%,Low,30,54.75,559.40,,,,,,50,50,70,50,40,40,40,40,40,50,40,90
divi site examples,INR,50,0%,-64%,Low,29,85.81,425.18,,,,,,90,50,70,50,30,50,30,40,30,40,40,40
electrician website template wordpress,INR,10,0%,0%,Low,0,,,,,,,,0,10,10,0,10,10,0,10,10,10,0,10
framer website templates,INR,590,23%,0%,Low,23,266.01,1026.15,,,,,,480,590,590,590,590,590,480,590,480,480,480,590
design to wordpress,INR,10,0%,0%,High,86,,,,,,,,10,10,10,10,10,10,10,0,10,10,0,10
wordpress page designer,INR,10,0%,-100%,Unknown,,,,,,,,,10,10,10,10,10,10,10,10,10,0,10,0
webflow vs wordpress reddit,INR,30,100%,-20%,Low,5,,,,,,,,50,30,40,30,30,30,30,30,30,20,30,40
webflow framer,INR,40,-29%,25%,Medium,45,224.15,817.28,,,,,,40,30,30,30,50,30,40,30,30,70,50,50
wordpress developer phoenix,INR,20,100%,100%,Low,12,,,,,,,,10,10,20,10,10,140,10,10,10,10,10,20
website creation with wordpress,INR,1600,-38%,-66%,Medium,46,374.15,2230.13,,,,,,4400,1900,1300,1300,1600,3600,1000,1300,880,1600,1000,1000
wordpress webpage design,INR,2900,21%,-34%,Low,9,636.81,2683.81,,,,,,2900,2900,2400,1900,2400,4400,2900,2900,2900,2400,2900,2900
catering website templates wordpress,INR,10,-100%,-100%,Unknown,,,,,,,,,10,10,10,0,10,0,0,0,0,10,10,0
wordpress homepage design,INR,50,4700%,4700%,Low,1,,,,,,,,10,30,10,20,20,10,10,10,10,10,10,480
framer to webflow,INR,30,200%,-57%,Low,28,698.23,2003.06,,,,,,70,50,40,40,30,30,30,20,20,10,20,30
webflow plugin for wordpress,INR,10,0%,0%,Low,29,,,,,,,,0,10,10,10,10,0,0,10,10,10,10,10
wordpress vs wix vs webflow,INR,10,0%,0%,Low,0,,,,,,,,10,10,10,0,10,10,0,10,10,10,0,10
coming soon website template wordpress,INR,10,0%,0%,Low,0,,,,,,,,10,10,10,10,10,0,10,0,0,10,10,10
weebly ecommerce templates,INR,10,∞,0%,Low,14,,,,,,,,10,10,10,10,10,10,10,0,10,0,0,10
wordpress hotel website templates,INR,10,0%,0%,High,100,,,,,,,,10,10,10,10,10,10,10,10,10,10,10,10
framer for developers,INR,10,0%,0%,Low,0,,,,,,,,20,10,10,10,10,10,10,10,10,10,10,10
ux design wordpress,INR,10,0%,0%,Low,0,,,,,,,,10,10,10,40,10,0,10,0,0,10,10,10
web agency template wordpress,INR,10,-100%,-100%,Unknown,,,,,,,,,0,10,10,0,0,0,0,0,10,10,0,0
wordpress website design fiverr,INR,10,∞,0%,Medium,50,,,,,,,,10,10,10,10,10,10,10,10,10,0,10,10
webflow seo vs wordpress,INR,20,-50%,-60%,Low,1,,,,,,,,30,30,30,30,10,30,10,20,10,40,30,20
webflow in wordpress,INR,10,-100%,-100%,Unknown,,,,,,,,,10,10,0,10,0,0,10,10,0,10,10,0
divi website design,INR,20,200%,-40%,Low,17,127.46,983.15,,,,,,50,50,30,20,20,20,10,10,10,10,10,30
wordpress site design cost,INR,110,0%,-85%,Low,9,718.11,1855.21,,,,,,210,260,110,110,140,260,90,20,30,40,20,40
website design with elementor,INR,10,-100%,-100%,Unknown,,,,,,,,,10,20,10,10,10,20,10,10,10,10,0,0
divi webdesigner,INR,10,-100%,-100%,Unknown,,,,,,,,,10,20,10,10,10,10,0,0,0,10,0,0
webflow with python backend,INR,10,0%,0%,Unknown,,,,,,,,,10,10,0,0,0,10,0,0,0,0,0,0
webflow cms vs wordpress,INR,10,0%,-50%,Medium,52,6.83,208.81,,,,,,10,10,10,10,10,20,10,10,10,10,10,10
nft website template wordpress,INR,10,0%,-100%,Unknown,,,,,,,,,10,10,10,0,0,20,0,0,0,0,0,0
cloudbeds wordpress,INR,10,0%,0%,Low,0,,,,,,,,10,10,10,10,10,10,10,10,0,10,0,10
wordpress design experts,INR,10,100%,-60%,Low,2,,,,,,,,30,20,10,10,10,20,10,10,10,10,10,20
travel agency website templates wordpress,INR,10,-100%,-100%,Unknown,,,,,,,,,10,10,0,10,0,10,0,10,10,10,10,0
divi web design template,INR,10,-100%,-100%,Unknown,,,,,,,,,0,0,10,0,0,0,10,0,10,10,0,0
free construction website templates wordpress,INR,10,0%,0%,High,86,,,,,,,,0,0,10,0,10,0,0,0,0,10,0,10
minimalist one page website,INR,10,0%,0%,Low,29,,,,,,,,10,20,10,10,10,10,10,10,10,10,10,10
wordpress free website design,INR,10,0%,-67%,Low,19,,,,,,,,40,20,10,10,10,10,10,10,10,10,10,10
webdesign divi,INR,10,0%,-100%,Unknown,,,,,,,,,10,20,10,10,10,0,0,0,0,0,0,0
why webflow is better than wordpress,INR,10,0%,-50%,Medium,64,,,,,,,,20,10,10,10,10,30,10,10,10,10,10,10
canva website design wordpress,INR,10,0%,0%,Medium,50,,,,,,,,10,10,10,0,0,0,10,0,0,10,10,10
elementor web agency,INR,10,∞,0%,High,71,,,,,,,,10,20,10,10,10,10,10,10,10,0,0,10
wordpress designer portfolio,INR,10,0%,0%,Low,14,,,,,,,,20,10,10,10,10,30,10,10,10,10,0,10
webflow vs wordpress vs squarespace,INR,20,0%,-75%,Low,16,,,,,,,,30,30,30,30,10,50,20,10,10,10,20,10
wordpress development service provider,INR,10,0%,-50%,Low,0,,,,,,,,20,20,10,10,10,30,10,0,0,10,0,10
wordpress and webflow,INR,10,0%,0%,Medium,52,301.42,1235.96,,,,,,10,10,10,10,10,10,10,10,10,10,10,10
wordpress event website template,INR,10,∞,0%,Medium,43,,,,,,,,10,10,10,10,10,10,10,10,10,0,10,10
inmotion hosting web design,INR,10,∞,0%,Low,19,,,,,,,,10,10,10,10,10,10,10,10,10,0,10,10
divi web agency,INR,10,0%,-100%,Unknown,,,,,,,,,10,20,10,10,10,10,10,0,0,0,0,0
custom woocommerce development services,INR,20,250%,133%,Low,3,,,,,,,,30,30,20,10,30,10,10,10,10,20,10,70
webflow wordpress theme,INR,10,-100%,-100%,Unknown,,,,,,,,,10,10,10,10,10,0,10,10,10,10,10,0
webflow vs wix vs wordpress,INR,10,0%,-50%,Low,29,,,,,,,,10,10,10,10,10,10,10,10,10,10,10,10
website creation in wordpress,INR,10,0%,-100%,Unknown,,,,,,,,,10,10,10,0,10,10,0,0,0,0,10,0
web flow vs wordpress,INR,1300,0%,-47%,Low,25,45.62,820.74,,,,,,1900,1600,1300,1300,1000,1600,1000,1000,1300,1000,880,1000
web design company wordpress,INR,1900,85%,-45%,Low,2,1085.62,3802.97,,,,,,3600,2400,1600,1600,1600,4400,3600,1900,720,1300,480,2400
wordpress website design inspiration,INR,10,∞,0%,Low,21,,,,,,,,10,0,10,10,10,10,10,10,0,0,10,10
divi vs webflow,INR,10,0%,0%,Low,0,,,,,,,,20,10,10,10,20,10,10,10,10,10,10,10
wordpress one page website template,INR,10,0%,-50%,High,83,113.91,539.74,,,,,,10,10,10,10,10,10,10,10,10,10,20,10
wix vs webflow vs squarespace,INR,10,0%,0%,Medium,43,,,,,,,,10,10,10,0,10,10,10,10,10,10,10,10
bespoke wordpress development,INR,480,86%,-61%,Low,2,1133.80,2645.54,,,,,,880,480,480,210,260,1000,720,480,210,210,70,390
astra web design,INR,10,0%,0%,Low,4,,,,,,,,10,10,10,10,10,10,10,10,10,10,10,10
bespoke woocommerce agency,INR,10,0%,-80%,Low,0,,,,,,,,30,20,10,10,10,10,0,10,0,10,10,10
bespoke wordpress web design,INR,170,180%,-64%,Low,2,2125.88,3767.93,,,,,,390,390,210,140,140,390,90,50,40,50,20,140
bespoke wordpress website development,INR,10,∞,0%,Low,0,,,,,,,,20,10,10,0,10,10,10,0,0,0,10,10
best canadian wordpress designers,INR,0,0%,0%,Unknown,,,,,,,,,0,0,0,0,0,0,0,0,0,0,0,0
best divi website examples,INR,10,0%,-100%,Unknown,,,,,,,,,10,10,0,0,0,0,10,10,10,0,10,0
best divi websites 2022,INR,10,-100%,-100%,Unknown,,,,,,,,,0,0,0,0,0,10,0,0,0,10,0,0
best ecommerce website templates wordpress,INR,10,0%,-100%,Unknown,,,,,,,,,0,0,0,0,10,10,0,0,0,0,0,0
best elementor website design,INR,10,0%,-100%,Unknown,,,,,,,,,10,20,10,10,10,0,0,0,0,0,0,0
best one page design,INR,20,100%,-33%,Low,16,196.53,943.09,,,,,,20,20,20,10,20,30,40,30,20,10,20,20
best website design in wordpress,INR,10,0%,-100%,Unknown,,,,,,,,,10,30,10,20,20,10,10,0,0,0,0,0
best woocommerce expert,INR,10,-100%,-100%,Unknown,,,,,,,,,10,30,10,10,10,10,0,0,0,10,0,0
best wordpress companies,INR,10,0%,-50%,Low,0,,,,,,,,10,20,40,10,10,10,10,0,10,10,10,10
best wordpress design company,INR,40,300%,33%,Low,0,,,,,,,,70,90,50,40,90,50,10,10,10,10,10,40
best wordpress development,INR,10,∞,-50%,Low,0,,,,,,,,10,10,10,10,10,10,0,10,10,0,0,10
best wordpress development services,INR,10,200%,0%,Low,1,,,,,,,,40,30,10,10,10,10,0,0,0,10,10,30
best wordpress web design company,INR,20,100%,-60%,Low,0,,,,,,,,50,40,30,40,30,20,10,0,10,10,10,20
best wordpress website designing company,INR,10,∞,100%,Low,0,,,,,,,,10,10,10,10,10,10,10,0,0,0,0,20
best wordpress website developers,INR,10,0%,0%,Low,29,,,,,,,,10,30,10,10,20,20,10,10,10,10,10,10
blog website templates wordpress free,INR,10,0%,-100%,Unknown,,,,,,,,,0,0,0,10,0,0,0,0,0,0,0,0
business website templates wordpress free,INR,0,0%,-100%,Unknown,,,,,,,,,0,0,0,0,0,0,0,0,0,0,0,0
business website themeforest,INR,10,0%,-100%,Unknown,,,,,,,,,0,0,0,0,10,0,0,0,0,0,0,0
can you use webflow with wordpress,INR,10,0%,0%,Medium,43,,,,,,,,10,10,10,10,10,10,10,10,10,10,10,10
canadian wordpress design company,INR,0,0%,0%,Unknown,,,,,,,,,0,0,0,0,0,0,0,0,0,0,0,0
classified website template wordpress,INR,10,0%,-100%,Unknown,,,,,,,,,10,10,10,10,10,10,0,10,0,0,10,0
company website templates wordpress,INR,10,0%,0%,High,100,,,,,,,,10,0,10,0,10,10,10,10,10,10,10,10
corporate website templates wordpress,INR,40,300%,-56%,Low,6,106.83,453.93,,,,,,70,70,40,30,20,90,30,10,20,10,20,40
creative one page website,INR,10,0%,0%,Unknown,,,,,,,,,10,20,10,10,10,0,10,0,0,0,10,0
creative portfolio wordpress,INR,10,0%,0%,Low,0,,,,,,,,10,10,10,10,10,10,0,10,10,10,10,10
creative web design gold coast,INR,10,0%,0%,Unknown,,,,,,,,,0,20,10,10,10,0,0,0,0,0,0,0
creative wordpress website templates,INR,10,-100%,-100%,Unknown,,,,,,,,,10,0,0,0,0,0,0,0,0,10,10,0
custom website development wordpress,INR,20,∞,0%,Low,0,,,,,,,,10,90,40,30,20,0,0,10,10,0,10,10
custom wordpress design company,INR,10,0%,-100%,Unknown,,,,,,,,,30,40,10,10,30,10,10,10,0,0,10,0
custom wordpress design service,INR,90,250%,-73%,Low,0,,,,,,,,210,170,70,30,50,170,70,30,10,20,40,70
custom wordpress development agency,INR,90,120%,22%,Low,5,,,,,,,,90,70,40,10,70,140,210,110,70,50,40,110
custom wordpress development services company,INR,20,0%,-75%,Low,9,,,,,,,,20,30,10,20,40,140,10,10,20,10,10,10
custom wordpress plugin development company,INR,10,200%,50%,Low,0,,,,,,,,30,20,20,10,30,10,0,10,10,10,10,30
custom wordpress plugin development services,INR,10,200%,200%,Low,0,,,,,,,,20,10,10,10,10,70,0,0,0,10,10,30
custom wordpress web design company,INR,30,100%,-50%,Low,0,,,,,,,,50,50,20,30,40,90,10,10,10,10,10,20
custom wordpress web design services,INR,10,0%,-67%,Low,0,,,,,,,,20,20,10,10,20,10,0,0,10,10,10,10
custom wordpress web development services,INR,50,200%,-36%,Low,3,1889.67,3779.35,,,,,,110,90,40,30,40,170,40,10,10,30,10,90
dating website template wordpress,INR,10,0%,-50%,Medium,48,,,,,,,,10,10,20,30,10,10,10,10,10,10,10,10
dc wordpress development services,INR,10,∞,0%,Low,0,,,,,,,,10,10,10,0,10,10,0,0,0,0,10,10
design blog page in wordpress,INR,10,0%,-100%,Unknown,,,,,,,,,0,0,10,10,0,0,0,10,0,0,0,0
design menu wordpress,INR,10,-100%,-100%,Unknown,,,,,,,,,10,0,0,0,0,0,0,0,0,10,0,0
design site wordpress,INR,2900,21%,-34%,Low,9,636.81,2683.81,,,,,,2900,2900,2400,1900,2400,4400,2900,2900,2900,2400,2900,2900
design wordpress site offline,INR,10,0%,0%,Low,24,,,,,,,,10,10,10,10,10,10,0,0,10,10,0,10
designer wordpress templates,INR,50,150%,-64%,Low,33,504.18,1620.25,,,,,,90,110,50,70,70,140,70,20,20,20,20,50
designing on wordpress,INR,10,0%,0%,High,86,,,,,,,,10,10,0,0,10,10,0,0,10,10,10,10
difference between webflow and wordpress,INR,30,50%,-25%,Low,10,18.36,370.27,,,,,,50,20,30,20,10,70,10,10,10,20,40,30
difference between wordpress and webflow,INR,10,0%,0%,Medium,54,,,,,,,,10,10,10,10,10,20,10,10,10,10,10,10
digital agency web design near me,INR,20,∞,-40%,Low,0,,,,,,,,50,50,20,20,20,10,10,0,0,0,0,30
divi ecommerce website,INR,10,0%,-100%,Unknown,,,,,,,,,10,10,0,0,0,10,10,0,0,0,10,0
divi one page website examples,INR,10,-50%,-50%,Low,0,,,,,,,,10,10,10,20,10,30,20,10,10,20,10,10
divi website inspiration,INR,10,0%,0%,Medium,36,,,,,,,,10,10,0,10,10,10,10,10,10,10,10,10
divi wordpress designer,INR,10,0%,0%,High,71,,,,,,,,10,10,10,10,10,10,10,0,10,10,10,10
donation website template wordpress,INR,10,0%,-100%,Unknown,,,,,,,,,10,0,10,0,10,0,0,0,0,0,0,0
ecommerce web templates free,INR,320,88%,-68%,Low,6,194.78,857.30,,,,,,720,480,390,480,210,320,170,170,390,170,110,320
ecommerce website design themeforest,INR,0,0%,-100%,Unknown,,,,,,,,,0,0,0,0,0,0,0,0,0,0,0,0
ecommerce website templates free wordpress,INR,10,0%,-100%,Unknown,,,,,,,,,0,0,0,10,10,0,0,0,0,0,0,0
ecommerce website templates in wordpress,INR,0,0%,-100%,Unknown,,,,,,,,,0,0,0,0,0,0,0,0,0,0,0,0
educational website templates wordpress,INR,10,∞,0%,High,100,,,,,,,,0,0,0,0,0,0,0,10,0,0,0,10
elementor best sites,INR,10,∞,0%,Low,21,,,,,,,,10,10,0,0,0,10,0,0,0,0,0,10
elementor blog page design,INR,10,0%,-50%,Low,0,,,,,,,,10,10,10,10,10,0,10,10,10,10,10,10
elementor homepage design,INR,10,∞,0%,Low,0,,,,,,,,0,10,10,0,0,0,10,0,10,0,10,10
elementor mobile menu design,INR,10,0%,-100%,Unknown,,,,,,,,,10,0,10,0,20,0,10,10,0,0,0,0
elementor one page website template,INR,10,-100%,-100%,Unknown,,,,,,,,,10,10,10,10,10,10,10,10,10,10,10,0
elementor or webflow,INR,10,0%,-67%,Low,5,,,,,,,,10,10,10,0,10,10,10,10,10,10,10,10
elementor page design,INR,10,0%,0%,Low,0,,,,,,,,10,10,10,10,10,0,10,10,10,10,10,10
elementor pro vs webflow,INR,10,0%,0%,Low,0,,,,,,,,0,10,0,0,10,0,0,10,10,10,10,10
elementor responsive website,INR,10,∞,0%,Low,0,,,,,,,,10,20,10,10,10,0,0,0,0,0,0,10
elementor web creators,INR,10,0%,0%,Unknown,,,,,,,,,0,20,10,10,10,10,0,0,0,0,0,0
elementor web design template,INR,10,-100%,-100%,Unknown,,,,,,,,,10,10,10,10,10,10,0,10,10,10,0,0
elementor website inspiration,INR,10,0%,0%,Medium,36,,,,,,,,10,10,10,10,10,10,10,10,10,10,10,10
elementor xd,INR,10,0%,-100%,Unknown,,,,,,,,,0,0,0,10,0,0,0,0,0,0,0,0
enterprise woocommerce development,INR,10,0%,0%,Unknown,,,,,,,,,10,10,10,10,10,10,10,20,0,0,10,0
enterprise wordpress development services,INR,30,600%,600%,Low,1,,,,,,,,30,40,10,10,10,90,10,10,10,10,20,70
event management website templates wordpress,INR,0,0%,-100%,Unknown,,,,,,,,,0,0,0,0,0,0,0,0,0,0,0,0
figma to elementor conversion,INR,10,∞,-75%,Low,14,,,,,,,,30,10,10,0,10,90,0,0,0,0,10,10
fitness website templates wordpress,INR,10,0%,0%,Unknown,,,,,,,,,0,10,0,0,0,0,10,10,0,0,0,0
framer sites cms,INR,10,-100%,-100%,Unknown,,,,,,,,,0,10,0,0,10,10,10,0,10,10,0,0
framer sites vs webflow,INR,10,0%,-100%,Unknown,,,,,,,,,10,0,10,10,10,0,10,10,0,0,10,0
framer vs webflow 2022,INR,0,0%,-100%,Unknown,,,,,,,,,0,0,0,0,0,0,0,0,0,0,0,0
framer vs webflow reddit,INR,70,-43%,-64%,Low,5,108.59,1564.38,,,,,,110,90,110,90,70,70,50,70,50,70,40,40
free dental website templates wordpress,INR,10,0%,-100%,Unknown,,,,,,,,,0,10,0,0,0,0,0,0,0,0,0,0
free ecommerce wordpress website templates,INR,10,0%,-100%,Unknown,,,,,,,,,0,0,0,10,0,0,10,0,0,0,10,0
free it company website templates wordpress,INR,10,0%,-100%,Unknown,,,,,,,,,10,0,0,0,10,0,0,0,0,0,0,0
free news website templates wordpress,INR,10,-100%,-100%,Unknown,,,,,,,,,10,10,10,10,10,10,10,10,0,10,10,0
free one page website template wordpress,INR,110,0%,-82%,Low,17,85.53,804.37,,,,,,260,260,140,90,70,70,90,110,90,70,70,70
free portfolio website templates wordpress,INR,10,0%,-100%,Unknown,,,,,,,,,10,0,10,10,10,10,10,10,0,0,0,0
free responsive website templates wordpress,INR,10,0%,-100%,Unknown,,,,,,,,,0,0,10,10,10,0,0,0,0,0,10,0
free travel website templates wordpress,INR,10,∞,0%,High,86,,,,,,,,0,0,10,0,0,0,0,0,10,0,10,10
free web template wordpress,INR,720,-45%,-45%,Medium,47,115.92,695.45,,,,,,2400,720,590,590,480,590,480,590,390,880,480,480
free wordpress website templates for business,INR,210,-18%,-85%,Low,32,90.55,565.96,,,,,,480,320,170,110,110,480,140,110,90,110,110,90
from webflow to wordpress,INR,10,0%,-100%,Unknown,,,,,,,,,0,0,0,10,0,0,10,0,10,0,0,0
from wordpress to webflow,INR,10,0%,0%,Medium,57,,,,,,,,0,10,10,0,10,0,10,0,10,10,0,10
gaming website template wordpress free,INR,10,0%,-100%,Unknown,,,,,,,,,10,10,10,0,0,10,0,0,0,0,0,0
google web designer vs webflow,INR,10,0%,-100%,Unknown,,,,,,,,,10,0,10,0,0,0,10,0,0,0,0,0
google web designer wordpress,INR,10,0%,-100%,Unknown,,,,,,,,,0,20,10,10,20,0,10,10,0,0,10,0
graphic wordpress,INR,10,0%,0%,Low,0,,,,,,,,10,10,0,10,10,0,10,10,10,10,0,10
gym website template wordpress,INR,10,-100%,-100%,Unknown,,,,,,,,,10,10,0,0,10,10,10,10,10,10,10,0
headless woocommerce development,INR,10,0%,0%,Low,0,,,,,,,,10,10,10,10,10,10,10,0,10,10,0,10
headless wordpress developer,INR,10,0%,0%,Medium,57,,,,,,,,0,10,10,10,10,10,10,0,10,10,10,10
headless wordpress development services,INR,20,0%,0%,Low,8,,,,,,,,30,20,10,10,10,140,10,10,0,10,10,10
headless wordpress website design agency,INR,10,100%,-50%,Low,4,,,,,,,,30,20,10,10,30,30,10,0,10,10,10,20
homepage design wordpress,INR,10,-100%,-100%,Unknown,,,,,,,,,10,10,10,10,10,10,10,10,10,10,10,0
hotel website design wordpress,INR,10,0%,-100%,Unknown,,,,,,,,,0,0,0,0,0,0,0,0,0,0,10,0
is webflow faster than wordpress,INR,10,0%,0%,Low,31,,,,,,,,10,10,10,10,10,50,10,10,10,10,10,10
is webflow wordpress,INR,10,0%,0%,Low,16,,,,,,,,10,10,10,10,10,10,10,10,10,10,10,10
islamic website templates wordpress,INR,10,0%,-100%,Unknown,,,,,,,,,0,10,0,0,0,0,10,0,0,0,0,0
it company website template wordpress,INR,10,-100%,-100%,Unknown,,,,,,,,,0,0,10,0,10,0,10,0,10,10,0,0
jewelry website templates wordpress,INR,10,0%,0%,Low,0,,,,,,,,10,0,10,0,10,10,0,10,0,10,0,10
lagom whmcs,INR,30,-50%,-33%,Low,0,,,,,,,,40,30,30,30,20,30,40,30,50,40,10,20
law firm website templates wordpress,INR,70,-57%,-86%,High,93,166.22,1229.19,,,,,,140,110,70,70,90,70,90,50,40,70,50,30
liverpool wordpress web design company,INR,10,0%,-100%,Unknown,,,,,,,,,10,0,0,0,0,0,0,0,0,0,0,0
lms website template wordpress,INR,10,0%,-100%,Unknown,,,,,,,,,0,0,0,0,0,0,10,0,0,0,0,0
local custom web design,INR,10,∞,0%,Low,17,,,,,,,,0,50,10,20,20,10,10,0,10,0,10,10
logistics website template wordpress,INR,10,∞,0%,Low,0,,,,,,,,0,10,0,0,0,0,0,10,10,0,10,10
magazine website template wordpress,INR,10,-100%,-100%,Unknown,,,,,,,,,10,10,10,0,10,10,10,10,10,10,10,0
medical website templates wordpress,INR,10,0%,0%,High,100,,,,,,,,10,10,10,0,10,0,0,0,10,10,10,10
memorial website template wordpress,INR,10,0%,-100%,Unknown,,,,,,,,,0,0,0,0,10,0,0,10,0,0,0,0
menu design wordpress,INR,10,0%,0%,Low,0,,,,,,,,10,10,10,10,10,10,10,10,10,10,10,10
monstroid2 multipurpose website template,INR,10,0%,-50%,Low,0,,,,,,,,10,10,10,20,10,20,20,10,10,10,10,10
multipurpose business website for company agency startup,INR,0,0%,0%,Unknown,,,,,,,,,0,0,0,0,0,0,0,0,0,0,0,0
news website template wordpress,INR,90,57%,0%,High,75,79.57,658.68,,,,,,70,70,50,110,110,90,70,70,70,70,90,110
news website templates wordpress free,INR,10,-100%,-100%,Unknown,,,,,,,,,10,10,0,0,0,0,0,0,0,10,0,0
newspaper website template wordpress,INR,10,-100%,-100%,Unknown,,,,,,,,,10,10,10,10,10,0,10,0,10,10,10,0
ngo website template wordpress,INR,10,0%,-100%,Unknown,,,,,,,,,0,0,10,0,0,0,0,0,0,0,10,0
ngo website template wordpress free,INR,0,0%,-100%,Unknown,,,,,,,,,0,0,0,0,0,0,0,0,0,0,0,0
offshore wordpress development company,INR,10,0%,0%,Low,19,,,,,,,,10,10,10,10,20,50,0,0,10,10,10,10
offshore wordpress development services,INR,30,0%,-89%,Low,0,,,,,,,,70,40,10,10,20,140,10,10,10,10,10,10
one page ecommerce website template,INR,10,0%,-50%,Low,0,,,,,,,,10,10,10,20,10,40,10,20,10,10,20,10
one page landing page design,INR,10,0%,0%,High,86,,,,,,,,10,0,10,0,10,0,10,10,0,10,0,10
one page responsive,INR,10,0%,-50%,Low,29,,,,,,,,10,30,10,10,10,10,10,10,10,10,10,10
one page responsive website,INR,10,0%,-50%,Low,29,,,,,,,,10,30,10,10,10,10,10,10,10,10,10,10
one page site design,INR,320,-19%,-46%,Low,19,292.44,1212.67,,,,,,390,480,390,390,210,590,320,170,260,320,210,260
one page website design examples,INR,10,0%,0%,Medium,50,,,,,,,,10,10,10,10,10,10,10,10,10,10,10,10
one page website template themeforest,INR,0,0%,-100%,Unknown,,,,,,,,,0,0,0,0,0,0,0,0,0,0,0,0
online portfolio wordpress,INR,10,∞,-50%,High,83,158.14,991.90,,,,,,10,10,10,10,10,10,10,10,10,0,10,10
outsource wordpress design,INR,20,0%,-50%,Low,0,,,,,,,,20,10,10,10,10,140,10,10,10,10,0,10
outsource wordpress development company,INR,10,0%,-50%,Low,0,,,,,,,,20,10,10,0,10,70,0,0,10,10,0,10
outsource wordpress plugin development,INR,10,∞,0%,Low,0,,,,,,,,10,10,10,0,10,50,0,0,10,0,0,10
outsource wordpress web design,INR,10,0%,-50%,Low,0,,,,,,,,20,10,10,0,10,90,0,10,0,10,10,10
oxygen vs webflow,INR,10,-100%,-100%,Unknown,,,,,,,,,10,10,10,0,0,10,10,10,10,10,10,0
personal portfolio website templates wordpress,INR,10,0%,0%,Unknown,,,,,,,,,0,10,0,0,0,0,0,0,10,0,0,0
photography website templates wordpress free,INR,10,∞,0%,Low,0,,,,,,,,0,10,0,0,10,0,0,0,0,0,0,10
plugin development company,INR,10,200%,0%,Low,0,,,,,,,,40,30,20,10,20,10,10,10,10,10,10,30
plugin development services,INR,10,0%,-80%,Low,0,,,,,,,,40,30,20,10,20,30,0,0,10,10,10,10
portfolio website template wordpress free,INR,10,0%,-100%,Unknown,,,,,,,,,10,0,10,10,10,0,10,10,10,0,0,0
portfolio wordpress website,INR,170,-35%,-58%,Low,27,189.86,962.34,,,,,,210,260,260,210,140,210,170,170,170,170,110,110
professional wordpress development agency,INR,10,0%,0%,Unknown,,,,,,,,,10,10,0,0,10,0,0,0,0,0,0,0
property website template wordpress,INR,10,0%,0%,Unknown,,,,,,,,,0,0,0,0,0,0,0,0,0,0,10,0
psd to wordpress development company,INR,10,0%,-100%,Unknown,,,,,,,,,10,0,0,0,0,0,0,0,0,0,0,0
reddit webflow vs wordpress,INR,10,0%,0%,Low,4,,,,,,,,10,10,10,10,10,10,10,10,10,10,10,10
responsive design elementor,INR,10,0%,-100%,Unknown,,,,,,,,,10,0,0,10,10,10,10,10,0,0,10,0
responsive web design elementor,INR,10,0%,-100%,Unknown,,,,,,,,,10,20,10,10,10,10,0,0,0,0,0,0
responsive web design with wordpress,INR,70,-22%,-36%,Low,4,189.29,836.33,,,,,,110,90,70,70,50,90,40,40,70,90,70,70
responsive web wordpress,INR,70,450%,0%,Low,4,321.35,1038.38,,,,,,90,90,90,70,50,90,40,20,30,20,20,110
responsive website elementor,INR,10,0%,-100%,Unknown,,,,,,,,,10,10,0,0,10,0,10,10,0,0,0,0
responsive website templates wordpress,INR,10,-100%,-100%,Unknown,,,,,,,,,10,10,10,10,10,10,10,10,10,10,10,0
responsive wordpress web design,INR,10,100%,100%,Low,0,,,,,,,,20,20,10,10,10,10,10,10,0,10,10,20
service page design in wordpress,INR,10,0%,-100%,Unknown,,,,,,,,,10,10,10,10,10,10,10,10,10,0,0,0
shopping website template wordpress free,INR,0,0%,-100%,Unknown,,,,,,,,,0,0,0,0,0,0,0,0,0,0,0,0
silverstripe web development company,INR,10,0%,-100%,Unknown,,,,,,,,,10,0,10,0,0,0,0,0,0,0,10,0
single page website template wordpress free,INR,10,0%,0%,Low,21,,,,,,,,10,10,10,10,10,10,10,10,10,10,10,10
small business web design gold coast,INR,10,0%,-100%,Unknown,,,,,,,,,10,20,10,10,10,10,20,0,0,0,10,0
small business wordpress website design,INR,20,0%,-80%,Low,0,,,,,,,,40,50,20,30,30,90,10,0,0,10,10,10
starting a wordpress web design business,INR,10,∞,0%,Low,0,,,,,,,,10,10,10,0,0,0,0,0,0,0,0,10
technical wordpress agency,INR,10,0%,-100%,Unknown,,,,,,,,,10,10,10,10,10,0,10,0,0,0,0,0
themeforest ecommerce website,INR,10,0%,-100%,Unknown,,,,,,,,,0,0,0,0,0,0,10,0,0,0,0,0
themeforest figma,INR,10,0%,0%,Low,14,,,,,,,,10,10,10,10,10,10,10,10,10,10,0,10
themeforest web design,INR,10,∞,0%,Low,0,,,,,,,,10,10,0,10,10,10,0,10,0,0,0,10
themeforest web design templates,INR,20,0%,∞,Low,0,,,,,,,,0,50,50,0,10,50,30,10,10,10,10,10
themeforest web templates,INR,480,0%,0%,Low,23,33.07,556.33,,,,,,210,320,590,590,880,590,320,880,390,260,260,260
top 10 wordpress development companies,INR,10,0%,-100%,Unknown,,,,,,,,,10,10,10,10,10,10,0,10,0,0,10,0
top elementor sites,INR,10,-100%,-100%,Unknown,,,,,,,,,10,0,0,0,0,10,10,0,0,10,10,0
top woocommerce developers,INR,50,-60%,-50%,Low,0,,,,,,,,40,30,50,40,20,50,70,110,110,50,10,20
top wordpress development agency,INR,10,0%,0%,Low,0,,,,,,,,20,10,10,10,20,10,10,10,0,10,10,10
top wordpress web development companies,INR,10,∞,0%,Low,0,,,,,,,,10,30,10,10,20,0,0,0,0,0,10,10
transport website template wordpress,INR,10,0%,-100%,Unknown,,,,,,,,,10,10,10,0,10,0,0,0,0,0,0,0
travel agency website template wordpress free,INR,10,∞,0%,High,71,,,,,,,,0,10,10,10,10,0,10,0,0,0,10,10
use of wordpress in website design,INR,10,0%,-100%,Unknown,,,,,,,,,0,10,0,0,0,0,0,0,0,0,0,0
using webflow with wordpress,INR,10,∞,0%,High,71,,,,,,,,0,0,10,10,0,0,10,0,10,0,10,10
w3 web templates,INR,20,0%,-50%,Low,6,,,,,,,,20,30,20,30,20,40,20,20,10,20,20,20
web design and wordpress,INR,2900,21%,-34%,Low,9,636.81,2683.81,,,,,,2900,2900,2400,1900,2400,4400,2900,2900,2900,2400,2900,2900
web design envato,INR,10,∞,0%,Medium,57,,,,,,,,10,10,10,10,10,10,10,10,10,0,10,10
web design one page scroll,INR,10,0%,0%,Unknown,,,,,,,,,10,10,10,10,10,10,0,10,0,0,0,0
web design template wordpress free,INR,10,0%,-100%,Unknown,,,,,,,,,0,10,10,10,10,20,10,0,0,0,0,0
web development company website template themeforest,INR,0,0%,-100%,Unknown,,,,,,,,,0,0,0,0,0,0,0,0,0,0,0,0
web development company website template wordpress,INR,10,0%,-100%,Unknown,,,,,,,,,0,10,0,0,0,0,0,0,0,0,10,0
web development on wordpress,INR,1600,-32%,-54%,Low,6,1130.28,3401.41,,,,,,1600,1000,1300,1000,1300,3600,4400,1900,1300,1300,720,880
web responsive wordpress,INR,70,-22%,-36%,Low,4,189.29,836.33,,,,,,110,90,70,70,50,90,40,40,70,90,70,70
webflow developer posao,INR,0,0%,0%,Unknown,,,,,,,,,0,0,0,0,0,0,0,0,0,0,0,0
webflow ecommerce plugin,INR,10,-100%,-100%,Unknown,,,,,,,,,10,10,0,10,0,10,10,0,0,10,10,0
webflow on wordpress,INR,10,0%,0%,Medium,57,,,,,,,,10,10,10,0,10,10,0,10,10,10,10,10
webflow plugin wordpress,INR,10,∞,0%,Low,7,,,,,,,,10,10,0,10,10,10,10,10,10,0,0,10
webflow react native,INR,10,0%,-100%,Unknown,,,,,,,,,0,10,10,10,10,10,10,10,0,0,0,0
webflow vs elementor reddit,INR,10,∞,0%,Low,29,,,,,,,,10,10,10,10,10,10,10,10,10,0,10,10
webflow vs framer reddit,INR,40,33%,-43%,Low,8,191.49,2389.05,,,,,,50,70,50,40,40,30,40,40,30,30,50,40
webflow vs framer sites,INR,10,0%,-100%,Unknown,,,,,,,,,10,0,0,0,0,10,0,0,0,0,0,0
webflow vs woocommerce,INR,10,-100%,-100%,Unknown,,,,,,,,,10,10,10,10,0,30,10,0,10,10,0,0
webflow vs wordpress 2021,INR,10,0%,-100%,Unknown,,,,,,,,,0,10,0,0,0,0,0,0,0,0,0,0
webflow vs wordpress 2022,INR,10,0%,-100%,Unknown,,,,,,,,,0,0,10,0,10,0,0,0,0,0,0,0
webflow vs wordpress for blog,INR,10,0%,0%,Low,0,,,,,,,,10,10,10,10,10,0,10,0,0,10,10,10
webflow vs wordpress pricing,INR,10,0%,0%,Low,24,,,,,,,,10,10,10,10,10,10,10,10,10,10,10,10
webflow vs wordpress speed,INR,10,∞,0%,Low,0,,,,,,,,10,10,0,0,10,10,10,10,0,0,0,10
webflow wix squarespace,INR,10,0%,0%,Low,0,,,,,,,,0,10,10,0,10,10,10,10,10,10,0,10
webflow yoast,INR,10,-100%,-100%,Unknown,,,,,,,,,10,10,10,10,10,10,10,0,10,10,10,0
website built with elementor,INR,10,0%,-50%,Low,31,,,,,,,,20,30,20,20,20,10,10,10,10,10,10,10
website design and development wordpress,INR,170,325%,-19%,Low,3,1173.49,3779.35,,,,,,320,390,210,210,260,140,70,30,20,40,30,170
website made with elementor,INR,10,0%,0%,Low,20,,,,,,,,10,20,10,10,10,10,10,10,10,10,10,10
which is better webflow or wordpress,INR,10,100%,0%,Low,15,51.69,649.26,,,,,,10,10,10,10,10,20,10,10,30,10,20,20
white label web design wordpress,INR,20,100%,-50%,Low,0,,,,,,,,20,30,10,20,40,40,20,10,0,10,10,20
woocommerce development company near me,INR,10,0%,-50%,Low,0,,,,,,,,30,20,10,0,20,10,0,0,10,10,10,10
woocommerce development services company,INR,10,-100%,-100%,Unknown,,,,,,,,,10,10,10,0,10,10,0,0,0,10,10,0
woocommerce plugin development services,INR,10,0%,-50%,Low,21,,,,,,,,20,30,30,10,50,10,10,10,10,10,10,10
woocommerce web design company,INR,70,67%,-29%,Low,0,,,,,,,,90,90,50,20,70,110,210,140,50,30,10,50
woocommerce website company,INR,10,-100%,-100%,Unknown,,,,,,,,,10,10,10,10,10,10,10,0,0,10,10,0
woocommerce website development service,INR,90,250%,0%,Low,1,,,,,,,,170,110,110,40,40,260,10,30,40,40,20,140
wordpress app developer,INR,10,0%,0%,High,86,,,,,,,,10,10,10,0,10,0,10,0,10,10,0,10
wordpress app development company,INR,10,0%,0%,Low,0,,,,,,,,10,20,10,10,20,0,10,10,0,10,0,10
wordpress blog page design,INR,10,0%,0%,Medium,36,,,,,,,,10,10,10,10,10,10,10,10,10,10,10,10
wordpress cms development company,INR,20,50%,-40%,Low,1,,,,,,,,70,40,40,10,20,30,10,10,10,20,10,30
wordpress cms development services,INR,90,125%,-57%,Low,0,,,,,,,,140,140,170,90,110,140,10,20,20,40,50,90
wordpress cms web design,INR,10,0%,0%,Low,0,,,,,,,,10,20,10,20,10,20,10,10,10,10,10,10
wordpress custom development services,INR,10,0%,-67%,Low,5,,,,,,,,10,10,30,10,20,10,10,10,10,10,10,10
wordpress custom website design services,INR,10,0%,-75%,Low,0,,,,,,,,10,10,10,10,10,0,10,0,0,10,10,10
wordpress design and development company,INR,20,100%,0%,Low,9,,,,,,,,30,40,10,20,50,10,10,10,10,10,10,20
wordpress design and development services,INR,50,150%,-29%,Low,2,,,,,,,,90,90,50,30,20,140,20,10,30,20,10,50
wordpress design central coast,INR,10,0%,0%,Unknown,,,,,,,,,0,20,10,10,10,0,0,0,0,0,0,0
wordpress design ireland,INR,0,0%,0%,Unknown,,,,,,,,,0,0,0,0,0,0,0,0,0,0,0,0
wordpress design oxford,INR,10,0%,-100%,Unknown,,,,,,,,,40,10,0,10,0,110,0,0,10,0,0,0
wordpress design packages,INR,20,-100%,-100%,Unknown,,,,,,,,,50,30,20,10,10,70,10,10,10,10,10,0
wordpress design services agency,INR,30,300%,-43%,Low,0,,,,,,,,90,70,30,10,20,20,20,0,10,10,20,40
wordpress designer developer,INR,20,100%,-60%,Medium,42,678.10,3064.56,,,,,,40,70,20,20,40,30,10,10,10,10,10,20
wordpress designer oxford,INR,10,-100%,-100%,Unknown,,,,,,,,,30,10,10,0,10,50,0,0,0,10,0,0
wordpress designer phoenix,INR,30,0%,-50%,Low,8,,,,,,,,50,30,10,10,10,210,20,0,10,10,10,10
wordpress developer liverpool,INR,10,0%,0%,Low,0,,,,,,,,10,10,10,0,10,10,0,0,10,10,0,10
wordpress development company near me,INR,30,400%,150%,Low,6,,,,,,,,50,70,170,10,10,30,10,0,10,10,10,50
wordpress development services company,INR,20,100%,-71%,Low,6,,,,,,,,50,40,20,10,30,20,10,0,10,10,10,20
wordpress ecommerce design,INR,10,0%,0%,Low,0,,,,,,,,10,30,10,10,10,10,0,10,10,10,10,10
wordpress ecommerce design agency,INR,10,0%,0%,Unknown,,,,,,,,,0,0,0,0,0,0,0,0,0,0,10,0
wordpress ecommerce designers,INR,10,∞,100%,Low,0,,,,,,,,20,40,10,20,30,10,0,0,10,0,0,20
wordpress ecommerce development company,INR,50,350%,80%,Low,0,,,,,,,,70,70,50,20,50,90,20,10,20,20,10,90
wordpress ecommerce development services,INR,70,600%,40%,Low,1,,,,,,,,70,50,140,110,30,170,30,10,20,10,70,70
wordpress ecommerce store design,INR,10,0%,-100%,Unknown,,,,,,,,,10,10,10,0,0,0,0,0,0,0,0,0
wordpress ecommerce website development,INR,20,100%,0%,Low,1,,,,,,,,30,90,70,10,20,20,10,10,10,10,10,20
wordpress elementor designer,INR,10,0%,0%,High,79,,,,,,,,10,10,10,10,10,10,10,10,10,10,10,10
wordpress enterprise development,INR,10,0%,-50%,Low,29,,,,,,,,10,10,10,10,10,10,10,0,10,10,10,10
wordpress expert company,INR,10,100%,100%,Low,17,,,,,,,,10,10,10,0,10,0,10,0,0,10,20,20
wordpress free website templates for business,INR,10,-100%,0%,Unknown,,,,,,,,,0,10,0,10,10,0,0,0,0,10,0,0
wordpress freelance web designer,INR,10,∞,0%,Low,0,,,,,,,,0,20,10,10,10,0,10,10,0,0,10,10
wordpress inspiration sites,INR,10,0%,-100%,Unknown,,,,,,,,,0,10,10,10,10,10,10,10,0,0,0,0
wordpress mobile design,INR,10,0%,0%,Low,10,,,,,,,,10,10,10,10,10,10,10,10,10,10,10,10
wordpress multisite development company,INR,10,∞,0%,Low,0,,,,,,,,10,10,10,10,10,10,10,0,0,0,10,10
wordpress nft website template,INR,0,0%,0%,Unknown,,,,,,,,,0,0,0,0,0,0,0,0,0,0,0,0
wordpress outsourcing companies,INR,30,400%,25%,Low,0,,,,,,,,40,40,10,10,30,170,10,0,10,10,10,50
wordpress real estate web design,INR,40,0%,-80%,Low,0,,,,,,,,50,90,50,90,70,20,40,10,10,10,10,10
wordpress responsive webdesign,INR,10,0%,-100%,Unknown,,,,,,,,,10,20,10,10,10,0,0,0,0,0,0,0
wordpress services agency,INR,10,0%,0%,Low,0,,,,,,,,20,30,20,10,20,20,10,0,10,10,10,10
wordpress site development company,INR,480,457%,-79%,Low,3,1133.80,2084.73,,,,,,1000,1300,590,320,590,1000,210,260,210,70,110,390
wordpress specialist agency,INR,10,0%,-50%,Low,0,,,,,,,,20,20,10,10,10,10,10,0,0,10,10,10
wordpress to webflow seo,INR,10,0%,-100%,Unknown,,,,,,,,,10,10,0,0,10,0,0,0,0,0,0,0
wordpress vs webflow 2022,INR,0,0%,0%,Unknown,,,,,,,,,0,0,0,0,0,0,0,0,0,0,0,0
wordpress vs webflow reddit,INR,10,0%,-50%,Low,0,,,,,,,,20,20,20,10,10,10,10,10,10,10,10,10
wordpress vs webflow seo,INR,10,0%,-50%,Low,0,,,,,,,,30,10,10,10,10,10,10,10,10,10,10,10
wordpress web consulting,INR,10,0%,0%,Low,0,,,,,,,,10,10,10,10,10,30,10,0,0,10,0,10
wordpress web design agency near me,INR,70,200%,-65%,Low,1,,,,,,,,140,50,140,260,40,90,20,10,20,30,50,90
wordpress web design business,INR,10,0%,0%,Low,29,,,,,,,,10,30,10,20,20,10,0,0,10,10,10,10
wordpress web design cost,INR,140,3500%,324%,Low,0,472.42,2194.97,,,,,,170,170,50,70,110,260,70,70,20,20,10,720
wordpress web design portfolio,INR,10,0%,0%,Low,0,,,,,,,,10,10,10,10,10,10,0,10,10,10,10,10
wordpress web design vt,INR,20,0%,-80%,Low,0,,,,,,,,50,70,30,10,50,10,10,0,10,10,10,10
wordpress web designer and developer,INR,10,∞,0%,Low,0,,,,,,,,10,40,10,10,20,0,0,10,0,0,10,10
wordpress web designer essex,INR,0,0%,0%,Unknown,,,,,,,,,0,0,0,0,0,0,0,0,0,0,0,0
wordpress web designers gilbert,INR,10,0%,-100%,Unknown,,,,,,,,,10,10,0,0,10,0,0,10,0,0,0,0
wordpress web site development agency,INR,260,133%,-76%,Low,6,1889.67,3924.85,,,,,,590,320,210,260,390,720,110,90,110,90,90,210
wordpress website design & development,INR,170,325%,-19%,Low,3,1173.49,3779.35,,,,,,320,390,210,210,260,140,70,30,20,40,30,170
wordpress website design examples,INR,10,0%,0%,Low,7,,,,,,,,10,10,20,10,20,20,10,10,10,10,10,10
wordpress website design firm,INR,1900,85%,-45%,Low,2,1085.62,3802.97,,,,,,3600,2400,1600,1600,1600,4400,3600,1900,720,1300,480,2400
wordpress website design for beginners,INR,10,∞,0%,High,86,,,,,,,,0,10,10,10,10,10,0,0,0,0,10,10
wordpress website design freelance,INR,10,∞,0%,Low,0,,,,,,,,0,20,10,20,20,0,0,0,0,0,10,10
wordpress website design oxford,INR,10,∞,-80%,Low,0,,,,,,,,40,10,0,0,0,70,10,0,0,0,10,10
wordpress website design small business,INR,20,0%,-80%,Low,0,,,,,,,,40,50,20,30,30,90,10,0,0,10,10,10
wordpress website design studio,INR,10,0%,-50%,Low,0,,,,,,,,20,40,10,20,20,20,10,10,0,10,10,10
wordpress website designer services,INR,20,∞,0%,Medium,57,,,,,,,,30,40,40,10,90,10,10,30,10,0,10,10
wordpress website development firm,INR,110,0%,-36%,Low,2,,,,,,,,140,140,90,110,110,320,70,70,90,70,20,70
wordpress website templates for nonprofits,INR,10,0%,0%,Low,0,,,,,,,,10,10,10,0,20,20,10,0,10,10,10,10
wp development services,INR,10,-50%,-50%,Low,0,,,,,,,,20,20,10,10,10,90,10,0,10,20,0,10
wp web agency,INR,110,367%,0%,Low,4,1984.16,4724.19,,,,,,140,170,90,110,110,320,50,40,10,30,30,140
yoast seo for webflow,INR,10,0%,0%,Low,0,,,,,,,,10,10,10,10,10,10,10,10,10,10,10,10
yoast seo webflow,INR,10,0%,0%,Medium,36,,,,,,,,10,10,10,10,10,10,10,10,10,10,0,10
yoast webflow,INR,20,0%,-50%,Low,0,,,,,,,,20,20,20,110,20,30,10,10,10,10,10,10