kw-platforms-ecommerce,,,,,,,,,,,,,,,,,,,,,,,,,
1 April 2025 - 31 March 2026,,,,,,,,,,,,,,,,,,,,,,,,,
Keyword,Currency,Avg. monthly searches,Three month change,YoY change,Competition,Competition (indexed value),Top of page bid (low range),Top of page bid (high range),Ad impression share,Organic impression share,Organic average position,In account?,In plan?,Searches: Apr 2025,Searches: May 2025,Searches: Jun 2025,Searches: Jul 2025,Searches: Aug 2025,Searches: Sep 2025,Searches: Oct 2025,Searches: Nov 2025,Searches: Dec 2025,Searches: Jan 2026,Searches: Feb 2026,Searches: Mar 2026
woocommerce development,INR,320,75%,-88%,Low,8,1010.98,3614.00,,,,Y,,720,720,480,210,110,880,260,90,30,40,20,70
magento development company,INR,720,0%,-61%,Low,5,1458.83,3717.94,,,,Y,,1000,1600,880,390,390,1600,260,390,590,390,170,390
shopify plus development,INR,70,175%,-21%,Low,5,556.00,3841.71,,,,Y,,140,110,90,40,50,170,70,10,50,40,30,110
shopify plus agency,INR,480,238%,22%,Low,8,566.90,1832.23,,,,,,720,590,390,590,320,590,320,260,210,260,320,880
bigcommerce development,INR,210,540%,-18%,Low,2,1886.40,4251.77,,,,,,590,390,260,90,140,260,90,70,70,50,70,320
woocommerce developer,INR,590,336%,-33%,Low,11,2047.35,7185.60,,,,,,880,1300,720,260,320,1300,390,320,390,110,140,480
magento developer,INR,590,247%,-63%,Low,9,1318.05,8290.95,,,,,,1300,1300,720,390,390,1300,260,110,110,170,210,590
shopify plus developer,INR,210,420%,-56%,Low,4,597.93,7196.84,,,,,,590,390,170,110,110,720,170,30,90,50,90,260
magento to shopify migration,INR,210,133%,-56%,Low,14,756.73,4724.19,,,,,,480,260,170,140,170,590,70,50,40,90,70,210
woocommerce to shopify migration,INR,110,57%,-58%,Low,33,583.61,3686.31,,,,,,260,210,90,70,110,260,50,70,70,70,50,110
shopify agency,INR,1300,-91%,-12%,Low,15,533.83,2088.09,,,,Y,,720,720,480,1600,480,1000,480,390,390,9900,480,880
bigcommerce developer,INR,480,182%,-45%,Low,18,2290.73,6036.19,,,,,,1300,1000,720,390,320,720,320,210,140,170,170,480
magento agency,INR,210,425%,-34%,Low,4,1889.67,6836.84,,,,,,260,320,260,110,210,480,90,20,210,40,70,210
woocommerce expert,INR,260,57%,-72%,Low,9,1984.16,6006.31,,,,,,480,880,480,140,210,390,170,70,70,70,70,110
magento 2 developer,INR,320,267%,-72%,Low,5,289.92,6661.10,,,,,,390,1300,720,50,40,480,90,70,70,30,70,110
magento development agency,INR,720,-93%,-76%,Low,4,1889.67,3771.26,,,,,,720,1000,880,260,320,1300,480,320,390,2400,70,170
woocommerce developer near me,INR,10,0%,-67%,Low,11,,,,,,,,20,30,10,10,30,10,10,10,10,10,10,10
adobe commerce agency,INR,110,55%,-35%,Low,0,,,,,,,,260,90,70,20,70,390,90,50,50,110,20,170
woocommerce website developer,INR,70,250%,56%,Low,2,824.51,4387.83,,,,,,110,140,110,110,50,40,20,10,10,40,10,140
magento experts,INR,90,800%,-57%,Low,1,,,,,,,,210,110,90,20,70,260,30,20,40,10,20,90
bigcommerce agency,INR,90,325%,-19%,Low,2,932.39,4251.77,,,,,,210,170,110,70,90,140,70,30,40,40,30,170
shopify agency partners,INR,170,24%,0%,Low,13,566.90,2293.57,,,,,,210,210,170,170,170,320,70,70,70,170,90,210
magento specialist,INR,170,0%,-81%,Low,0,,,,,,,,140,590,390,20,40,210,210,170,110,40,30,40
magento ecommerce website,INR,50,350%,-18%,Low,4,1110.11,12208.76,,,,,,110,110,90,40,30,50,50,10,40,20,20,90
magento 2 agency,INR,70,-33%,-86%,Low,14,1889.67,28345.12,,,,,,170,90,40,10,50,320,50,20,20,30,10,20
magento web developers,INR,70,267%,-35%,Low,1,,,,,,,,210,110,50,20,40,260,30,10,40,30,10,110
big commerce developers,INR,480,182%,-45%,Low,18,2290.73,6036.19,,,,,,1300,1000,720,390,320,720,320,210,140,170,170,480
bigcommerce web designer,INR,260,86%,-46%,Low,3,2374.32,7212.10,,,,,,590,480,260,210,170,480,110,40,110,140,90,260
magento web,INR,260,91%,-71%,Low,17,566.90,4277.20,,,,,,590,480,260,260,210,390,210,90,110,110,90,210
magento 2 to shopify migration,INR,30,-67%,-91%,Low,8,,,,,,,,90,30,20,10,30,110,10,10,10,30,10,10
wordpress woocommerce developer,INR,20,200%,-40%,Low,23,1476.73,5237.22,,,,,,50,50,30,30,30,20,10,10,10,10,10,30
bigcommerce app development,INR,70,40%,-22%,Low,13,798.39,4251.77,,,,,,110,140,90,90,90,170,40,20,30,50,30,70
woocommerce web developer,INR,110,367%,-56%,Low,5,2834.51,6432.66,,,,,,390,320,170,90,90,70,50,20,20,30,30,140
migrate woocommerce to shopify,INR,260,86%,-74%,Low,10,621.68,5653.44,,,,,,720,390,210,110,210,880,90,70,90,140,70,260
woocommerce plugin development,INR,70,367%,0%,Low,4,447.93,1130.32,,,,,,140,90,70,70,50,50,20,20,10,30,50,140
magento agency partners,INR,10,∞,-33%,Low,0,,,,,,,,20,20,20,20,20,10,10,10,10,0,10,20
freelance magento 2 developer,INR,10,-100%,-100%,Unknown,,,,,,,,,10,10,10,10,0,10,0,0,10,10,10,0
woocommerce expert developer,INR,20,200%,0%,Low,2,,,,,,,,70,50,30,10,30,10,10,10,10,10,10,30
magento development services,INR,1000,-75%,-52%,Low,7,998.35,3785.96,,,,,,1000,1900,1000,390,480,1900,880,880,720,1900,110,480
magento ecommerce agency,INR,90,450%,-58%,Low,2,,,,,,,,210,140,110,30,50,390,30,10,20,20,10,110
bigcommerce web developer,INR,90,450%,-35%,Low,10,2363.04,12350.41,,,,,,210,210,110,50,70,110,40,10,20,20,10,110
migrate shopify to woocommerce,INR,90,40%,-67%,Low,19,436.27,3340.00,,,,,,170,110,90,40,110,210,30,50,50,50,30,70
magento web design,INR,110,1600%,-56%,Low,0,,,,,,,,320,320,170,70,110,260,20,10,10,10,10,170
shopify partner agency,INR,90,75%,40%,Low,12,550.84,2461.01,,,,,,30,40,480,210,110,30,40,20,30,40,70,70
magento 2 web developer,INR,10,0%,0%,Unknown,,,,,,,,,10,10,10,0,0,10,0,10,0,0,0,0
woocommerce development services,INR,320,436%,0%,Low,3,1133.80,4100.20,,,,,,590,480,320,210,170,720,140,110,90,110,210,590
magento website developer,INR,170,250%,-85%,Low,3,,,,,,,,480,260,110,50,50,590,110,50,50,20,90,70
woocommerce website development cost,INR,10,200%,0%,Low,0,,,,,,,,30,30,20,10,10,10,10,0,10,10,10,30
magento services,INR,110,-72%,-65%,Low,2,,,,,,,,210,140,90,40,40,390,20,10,10,320,10,90
magento company,INR,70,600%,-36%,Low,5,2173.13,10431.95,,,,,,110,70,50,20,210,140,40,10,10,10,40,70
bigcommerce website developer,INR,10,0%,-50%,Low,3,,,,,,,,20,30,30,10,30,10,10,10,10,10,10,10
best woocommerce developers,INR,20,200%,0%,Low,16,1987.94,3676.43,,,,,,40,70,30,10,20,10,10,0,10,10,10,30
magento 2 development company,INR,260,143%,-56%,Low,0,,,,,,,,390,880,480,70,110,720,90,50,70,70,20,170
migrate magento 2 to shopify,INR,10,0%,0%,High,86,,,,,,,,10,10,10,0,0,10,10,10,0,10,10,10
bigcommerce experts,INR,110,425%,0%,Low,0,,,,,,,,260,210,170,90,110,210,50,10,20,40,20,210
woocommerce development company,INR,320,0%,-46%,Low,2,793.66,3553.53,,,,,,480,320,210,170,140,880,320,320,260,260,70,260
moving from magento to shopify,INR,260,0%,-76%,Low,7,839.52,3695.31,,,,,,720,320,140,50,90,1300,70,20,40,170,70,170
magento custom development,INR,320,-47%,-71%,Low,0,,,,,,,,590,880,480,90,110,880,90,90,50,320,70,170
magento developers near me,INR,50,0%,250%,Low,4,,,,,,,,20,10,10,10,10,110,90,10,10,70,170,70
bigcommerce development agency,INR,140,240%,-47%,Low,2,,,,,,,,390,320,170,70,90,320,70,70,40,50,30,170
bigcommerce freelance developer,INR,10,∞,100%,Low,0,,,,,,,,20,10,10,10,10,10,0,10,40,0,0,20
magento software developer,INR,10,0%,-100%,Unknown,,,,,,,,,10,10,10,10,10,10,10,10,0,0,0,0
bigcommerce development company,INR,210,200%,-56%,Low,1,,,,,,,,480,320,320,170,260,320,140,140,110,70,50,210
best magento developers,INR,20,100%,-60%,Low,0,,,,,,,,50,40,20,10,30,10,10,20,30,10,10,20
shopify for agencies,INR,20,300%,-20%,Low,7,1366.93,4411.01,,,,,,40,40,30,10,30,10,20,10,10,10,10,40
freelance magento,INR,10,0%,-67%,Low,0,,,,,,,,20,10,10,10,10,10,10,0,0,10,10,10
find magento developer,INR,10,∞,-33%,Low,4,,,,,,,,20,20,20,10,10,10,10,0,10,0,10,20
woocommerce website developers,INR,110,367%,-56%,Low,5,2834.51,6432.66,,,,,,390,320,170,90,90,70,50,20,20,30,30,140
magento frontend developer,INR,10,0%,0%,Medium,43,,,,,,,,10,10,10,10,10,10,10,10,10,10,10,10
magento ecommerce development company,INR,390,320%,-56%,Low,1,,,,,,,,480,1600,880,110,210,720,110,40,110,50,40,210
woocommerce programmer,INR,590,336%,-33%,Low,11,2047.35,7185.60,,,,,,880,1300,720,260,320,1300,390,320,390,110,140,480
custom magento development,INR,320,-47%,-71%,Low,0,,,,,,,,590,880,480,90,110,880,90,90,50,320,70,170
big commerce agency,INR,90,325%,-19%,Low,2,932.39,4251.77,,,,,,210,170,110,70,90,140,70,30,40,40,30,170
shopify plus development agency,INR,170,136%,-19%,Low,5,485.65,1889.67,,,,Y,,320,260,170,170,170,480,110,30,90,110,110,260
woocommerce website development,INR,140,320%,-34%,Low,1,1133.80,4526.72,,,,,,390,320,210,70,110,260,70,40,30,50,20,210
magento 1 to shopify migration,INR,20,0%,-89%,Low,0,,,,,,,,50,20,10,10,20,90,20,10,0,10,10,10
magento programmers,INR,590,247%,-63%,Low,9,1318.05,8290.95,,,,,,1300,1300,720,390,390,1300,260,110,110,170,210,590
freelance magento developer,INR,30,200%,-25%,Low,0,,,,,,,,50,70,90,30,20,40,10,10,10,10,10,30
remote magento developer,INR,10,300%,300%,Low,0,,,,,,,,10,10,0,10,10,10,10,0,10,10,10,40
magento certified developers,INR,320,200%,-46%,Low,0,,,,,,,,390,1300,880,70,90,390,110,10,110,70,40,210
migrate from wordpress to shopify,INR,110,325%,-35%,Low,9,478.09,1508.13,,,,,,210,140,90,50,70,390,70,50,30,40,40,170
magento support agency,INR,50,125%,-18%,Low,0,,,,,,,,110,70,30,10,40,110,20,20,50,40,20,90
shopify to magento 2 migration,INR,10,-50%,-67%,Low,12,,,,,,,,20,10,10,10,10,70,20,10,10,20,10,10
bigcommerce api developer,INR,10,0%,-67%,Low,16,,,,,,,,20,10,10,10,10,10,10,10,10,10,10,10
magento ecommerce developers,INR,260,320%,-56%,Low,1,,,,,,,,390,1000,880,90,90,320,40,20,50,50,20,210
upwork magento developer,INR,40,0%,-50%,Low,0,,,,,,,,10,40,210,70,70,70,10,10,10,10,10,10
bigcommerce app developer,INR,10,0%,-67%,Low,0,,,,,,,,30,30,10,20,10,10,10,10,10,10,10,10
big commerce expert,INR,110,425%,0%,Low,0,,,,,,,,260,210,170,90,110,210,50,10,20,40,20,210
shopify to woocommerce migration,INR,40,0%,-57%,Medium,34,718.26,6202.86,,,,,,110,40,10,20,30,90,10,20,40,30,30,30
magento website designer,INR,70,1000%,-48%,Low,1,,,,,,,,210,210,70,20,40,70,70,10,30,10,10,110
shopify to woocommerce migration plugin,INR,20,0%,-50%,Low,10,,,,,,,,30,20,20,50,50,40,20,10,10,10,10,10
transfer woocommerce to shopify,INR,110,57%,-58%,Low,33,583.61,3686.31,,,,,,260,210,90,70,110,260,50,70,70,70,50,110
freelancer woocommerce,INR,50,300%,-71%,Low,4,,,,,,,,70,170,40,30,20,110,20,10,10,10,10,40
top shopify plus agencies,INR,20,-60%,-33%,Low,10,,,,,,,,30,50,20,20,10,40,10,10,10,50,10,20
top magento development companies,INR,90,250%,-50%,Low,1,,,,,,,,140,140,70,90,50,260,40,70,40,20,70,70
woocommerce theme development,INR,20,200%,-25%,Low,0,,,,,,,,40,30,30,20,20,20,10,10,10,10,10,30
big commerce development,INR,210,540%,-18%,Low,2,1886.40,4251.77,,,,,,590,390,260,90,140,260,90,70,70,50,70,320
magento to shopify migration app,INR,30,-50%,-89%,Low,0,,,,,,,,70,30,30,10,30,110,20,10,10,20,10,10
bigcommerce development services,INR,260,133%,-56%,Low,2,2172.98,4251.77,,,,,,590,320,320,210,260,590,110,40,90,90,40,210
magento backend developer,INR,10,0%,0%,Medium,57,,,,,,,,10,10,10,10,10,10,0,10,0,10,0,10
top magento developers,INR,70,-57%,-73%,Low,1,,,,,,,,70,70,50,50,70,110,70,90,90,70,10,30
magento 2 certified professional developer,INR,20,200%,-40%,Low,0,,,,,,,,40,20,10,10,10,90,10,0,10,10,10,30
custom magento development services,INR,320,-21%,-77%,Low,1,,,,,,,,480,880,480,50,110,880,390,260,90,140,30,110
woocommerce plugin developers,INR,10,100%,-33%,Low,4,,,,,,,,30,30,20,10,30,10,10,0,0,10,10,20
agency shopify,INR,10,100%,-33%,Low,12,,,,,,Y,,10,30,10,10,20,10,10,10,10,10,10,20
magento web development company,INR,260,950%,-56%,Low,1,,,,,,,,480,880,590,90,110,480,110,50,40,20,30,210
bigcommerce web development,INR,210,420%,-56%,Low,1,,,,,,,,590,480,210,90,260,590,90,40,70,50,40,260
magento ecommerce development services,INR,260,143%,-65%,Low,1,,,,,,,,390,880,720,170,170,590,110,50,90,70,40,170
export woocommerce to shopify,INR,20,0%,-80%,Low,0,,,,,,,,50,20,10,10,10,110,10,10,10,10,10,10
switch from woocommerce to shopify,INR,30,100%,-71%,Low,10,,,,,,,,70,30,20,10,40,90,10,10,10,10,10,20
freelance magento 2,INR,10,0%,-100%,Unknown,,,,,,,,,10,10,10,10,0,0,10,0,0,0,10,0
ecommerce shopify agency,INR,30,-50%,-80%,Low,0,,,,,,,,50,50,20,10,40,110,10,10,10,20,10,10
bigcommerce plugin development,INR,10,0%,-67%,Low,2,,,,,,,,20,20,20,10,10,10,10,10,10,10,10,10
migrate products from magento to shopify,INR,40,200%,-79%,Low,1,,,,,,,,110,50,20,10,40,210,40,10,10,10,0,30
magento to shopify migration service,INR,110,57%,-58%,Low,4,1093.98,4279.57,,,,,,260,170,140,50,50,260,70,20,30,70,50,110
magento developer agency,INR,30,-50%,-89%,Low,0,,,,,,,,90,50,20,10,20,140,10,10,10,20,0,10
woocommerce dev,INR,320,75%,-88%,Low,8,1010.98,3614.00,,,,,,720,720,480,210,110,880,260,90,30,40,20,70
magento mobile app,INR,90,467%,-35%,Low,2,300.46,922.07,,,,,,210,170,170,90,90,90,70,40,30,30,40,170
full service shopify agency,INR,20,300%,-20%,Low,0,,,,,,,,40,50,40,10,30,10,10,10,10,10,10,40
affordable magento developers,INR,30,-50%,-89%,Low,0,,,,,,,,90,50,30,10,20,70,10,0,10,20,10,10
magento expert developers,INR,90,150%,-81%,Low,0,,,,,,,,210,140,70,10,20,480,10,10,20,20,10,50
woocommerce website development services,INR,90,250%,0%,Low,1,,,,,,,,170,110,110,40,40,260,10,30,40,40,20,140
magento marketplace developer,INR,10,0%,-100%,Unknown,,,,,,,,,10,10,10,0,0,0,0,0,10,0,0,0
woocommerce agencies,INR,20,100%,-33%,Low,14,2834.51,21559.33,,,,,,70,50,30,10,40,20,10,10,10,10,10,20
indian magento developers,INR,70,67%,-81%,Low,0,,,,,,,,170,260,170,30,50,40,10,10,20,30,40,50
magento customization,INR,90,250%,-73%,Low,0,,,,,,,,210,170,90,70,90,260,70,10,20,20,20,70
woocommerce website development company,INR,110,600%,-46%,Low,2,2040.85,2929.00,,,,,,260,170,70,40,90,320,40,20,10,20,50,140
migration woocommerce shopify,INR,10,∞,0%,Low,0,,,,,,,,10,10,10,0,10,10,0,0,10,0,10,10
bigcommerce dev,INR,210,540%,-18%,Low,2,1886.40,4251.77,,,,,,590,390,260,90,140,260,90,70,70,50,70,320
magento php developer,INR,10,-100%,-100%,Unknown,,,,,,,,,10,20,10,10,10,10,10,10,10,10,0,0
move from shopify to woocommerce,INR,10,100%,-33%,Low,21,243.67,6202.86,,,,,,30,20,10,10,20,30,20,0,10,10,10,20
wordpress woocommerce experts,INR,10,0%,0%,Low,12,,,,,,,,10,10,10,10,10,0,10,10,10,10,0,10
magento 2 consultant,INR,10,∞,-33%,Low,0,,,,,,,,30,30,10,10,10,20,10,0,10,0,10,20
import shopify to woocommerce,INR,260,86%,-74%,Low,10,621.68,5653.44,,,,,,720,390,210,110,210,880,90,70,90,140,70,260
magento web agency,INR,70,300%,-76%,Low,2,,,,,,,,170,110,70,20,90,210,40,70,50,10,40,40
move woocommerce to shopify,INR,110,57%,-58%,Low,33,583.61,3686.31,,,,,,260,210,90,70,110,260,50,70,70,70,50,110
magento 2 freelance,INR,10,0%,-100%,Unknown,,,,,,,,,0,0,0,0,0,0,10,0,0,0,0,0
transfer shopify to woocommerce,INR,10,0%,-75%,Low,16,,,,,,,,40,20,20,10,20,40,10,0,10,10,10,10
import shopify products to woocommerce,INR,10,0%,-67%,Low,11,,,,,,,,30,20,20,10,10,10,10,10,10,10,10,10
woocommerce theme developer,INR,10,0%,-100%,Unknown,,,,,,,,,0,10,0,0,0,0,0,10,0,0,0,0
export woocommerce products to shopify,INR,10,0%,-50%,Low,19,,,,,,,,20,10,10,10,10,30,0,10,10,10,10,10
magento 2 expert,INR,30,300%,-43%,Low,0,,,,,,,,70,40,10,10,20,90,20,10,40,10,10,40
migrate products from woocommerce to shopify,INR,30,100%,-71%,Low,7,,,,,,,,70,40,20,10,20,140,10,10,10,10,10,20
shopify plus design agency,INR,70,367%,27%,Low,1,,,,,,,,140,110,90,70,40,70,10,10,40,30,30,140
woocommerce to shopify migration services,INR,40,50%,-57%,Low,8,,,,,,,,70,40,20,10,40,170,10,10,10,20,20,30
bigcommerce theme development,INR,30,300%,0%,Low,5,,,,,,,,70,70,30,30,20,30,20,10,10,10,10,40
magento designer,INR,30,600%,0%,Low,2,,,,,,,,70,50,40,20,20,0,10,10,20,10,10,70
woocommerce store development,INR,10,100%,0%,Low,1,,,,,,,,20,40,20,10,10,10,10,0,10,10,10,20
web agency magento,INR,70,300%,-76%,Low,2,,,,,,,,170,110,70,20,90,210,40,70,50,10,40,40
shopify plus app partners,INR,10,-100%,-100%,Unknown,,,,,,,,,10,10,10,10,10,10,10,0,0,10,0,0
import products from magento to shopify,INR,20,200%,0%,Low,3,,,,,,,,40,30,20,10,10,110,10,10,10,10,10,30
magento ui developer,INR,10,0%,-100%,Unknown,,,,,,,,,0,0,0,0,0,0,0,0,0,0,10,0
magento website company,INR,10,∞,0%,Low,24,,,,,,,,20,10,10,10,10,10,0,0,0,0,0,10
magento 1 certified front end developer,INR,10,-100%,-100%,Unknown,,,,,,,,,0,0,0,10,0,0,10,0,0,10,0,0
magento 2 certified professional front end developer,INR,10,0%,-100%,Unknown,,,,,,,,,0,10,10,10,10,0,0,10,10,0,0,0
shopify plus web design,INR,20,100%,-60%,Low,0,,,,,,,,40,40,40,10,40,20,10,10,10,10,10,20
adobe magento commerce developer,INR,10,0%,-50%,Low,0,,,,,,,,30,10,10,10,10,10,0,10,10,10,10,10
magento dev,INR,210,120%,-85%,Low,8,2135.38,10894.92,,,,,,590,390,140,110,170,880,140,20,90,50,70,110
woocommerce shopify migration,INR,110,57%,-58%,Low,33,583.61,3686.31,,,,,,260,210,90,70,110,260,50,70,70,70,50,110
magento certified,INR,50,450%,-21%,Low,2,,,,,,,,110,90,70,40,30,140,30,20,20,20,30,110
magento certified partners,INR,20,300%,-20%,Low,0,,,,,,,,30,30,30,10,20,20,10,10,10,10,10,40
magento extension developer,INR,20,600%,0%,Low,0,,,,,,,,50,30,20,10,10,50,10,0,0,10,10,70
adobe magento developer,INR,10,100%,100%,Low,2,,,,,,,,10,10,10,10,10,10,10,0,20,10,10,20
export products from woocommerce to shopify,INR,10,∞,0%,High,86,,,,,,,,10,10,10,10,10,10,10,0,10,0,10,10
adobe commerce development,INR,70,250%,-59%,Low,4,2911.03,3727.17,,,,,,140,90,140,70,50,260,40,40,40,20,10,70
shopify to magento migration,INR,50,-25%,-73%,Low,3,,,,,,,,90,50,30,10,20,260,10,10,20,40,50,30
magento frontend,INR,10,0%,-67%,Medium,36,,,,,,,,10,10,10,10,10,10,10,10,10,10,10,10
woocommerce custom development,INR,90,420%,24%,Low,1,1350.45,2534.97,,,,,,110,110,170,40,50,210,10,20,10,50,10,260
bigcommerce website development,INR,210,420%,-56%,Low,1,,,,,,,,590,480,210,90,260,590,90,40,70,50,40,260
magento consulting companies,INR,30,50%,0%,Low,0,,,,,,,,40,50,20,10,10,110,10,0,10,20,10,30
shopify plus development store,INR,20,150%,67%,Low,1,,,,,,,,50,50,20,10,20,10,20,10,10,20,10,50
magento website development company,INR,210,450%,-58%,Low,0,,,,,,,,260,720,480,50,110,390,70,50,50,20,10,110
import woocommerce to shopify,INR,10,100%,-33%,Low,7,,,,,,,,30,20,10,10,20,30,10,10,10,10,10,20
magento development outsourcing,INR,30,200%,-67%,Low,0,,,,,,,,90,70,40,20,30,50,10,10,10,10,10,30
shopify plus partner agency,INR,30,400%,67%,Low,4,566.90,1637.23,,,,,,30,50,70,30,30,50,10,10,20,10,20,50
magento enterprise developers,INR,50,800%,-36%,Low,1,,,,,,,,110,110,70,20,70,90,20,10,10,10,20,90
woocommerce app development,INR,10,0%,0%,Low,29,,,,,,,,10,10,10,10,30,10,10,0,0,10,10,10
magento developer company,INR,90,-50%,-89%,Low,2,,,,,,,,70,590,390,10,10,90,10,10,0,20,10,10
magento website development services,INR,260,100%,-64%,Low,1,,,,,,,,390,880,590,90,90,480,90,90,50,70,20,140
transfer shopify store to woocommerce,INR,10,0%,-50%,Medium,57,,,,,,,,20,20,10,10,20,30,10,10,10,10,10,10
magento online companies,INR,10,-100%,-100%,Unknown,,,,,,,,,10,30,30,10,20,10,0,10,10,10,10,0
woocommerce custom plugin development,INR,10,200%,50%,Low,0,,,,,,,,20,10,20,10,10,10,10,10,10,10,10,30
magento migration companies,INR,50,1000%,-21%,Low,0,,,,,,,,140,90,30,10,20,210,10,10,40,10,10,110
custom woocommerce development,INR,90,420%,24%,Low,1,1350.45,2534.97,,,,,,110,110,170,40,50,210,10,20,10,50,10,260
woocommerce export to shopify,INR,10,-100%,-100%,Unknown,,,,,,,,,10,10,10,10,10,20,10,0,0,10,0,0
bigcommerce developer account,INR,10,100%,100%,Low,23,2639.96,15504.68,,,,,,10,10,10,10,20,10,10,10,10,10,10,20
brightpearl bigcommerce,INR,10,∞,0%,Low,0,,,,,,,,10,10,10,10,10,10,10,0,10,0,10,10
export shopify products to woocommerce,INR,10,0%,-50%,Low,14,,,,,,,,10,10,10,10,10,20,10,10,10,10,10,10
magento services company,INR,10,∞,0%,Low,0,,,,,,,,40,20,10,0,10,10,0,0,10,0,10,20
looking for magento developer,INR,10,∞,0%,High,69,5432.82,12780.17,,,,,,10,10,10,10,10,10,10,0,10,0,10,10
switching from magento to shopify,INR,20,100%,-33%,Low,0,,,,,,,,50,30,10,10,20,50,10,0,10,10,10,20
export products from shopify to woocommerce,INR,10,∞,0%,Medium,50,,,,,,,,10,10,0,10,10,10,10,10,10,0,10,10
magento 2 frontend developer,INR,10,0%,-100%,Unknown,,,,,,,,,10,10,10,0,10,10,10,10,10,0,0,0
export shopify to woocommerce,INR,10,100%,-33%,Low,0,,,,,,,,30,20,20,10,10,10,10,10,10,10,10,20
full stack magento developer,INR,10,0%,-50%,Low,26,,,,,,,,20,10,10,10,10,10,10,10,10,10,10,10
bigcommerce certified developer,INR,20,∞,-25%,Low,18,2235.14,4322.63,,,,,,40,40,20,10,30,10,10,0,10,0,10,30
bigcommerce custom development,INR,20,300%,33%,Low,0,,,,,,,,40,30,20,10,20,10,10,10,10,10,10,40
magento web development agency,INR,140,67%,-64%,Low,2,,,,,,,,140,590,390,30,40,210,40,10,30,30,30,50
shopify plus agency partners,INR,40,350%,0%,Low,3,1011.66,3189.63,,,,,,90,70,40,10,30,70,30,20,20,20,20,90
magento digital agency,INR,10,0%,-80%,Low,0,,,,,,,,30,20,10,10,20,10,10,0,20,10,10,10
certified magento 2 developers,INR,50,133%,-50%,Low,2,,,,,,,,110,70,20,10,20,260,10,10,10,30,10,70
shopify plus ecommerce agency,INR,70,240%,89%,Low,0,,,,,,,,110,140,70,50,50,20,10,10,20,50,50,170
magento commerce developer,INR,40,50%,-67%,Low,0,,,,,,,,90,70,20,10,20,210,10,10,0,20,10,30
magento 2 development services,INR,390,189%,-56%,Low,3,2834.51,11124.52,,,,,,590,1300,880,110,140,880,110,70,110,90,50,260
woocommerce react native app,INR,10,-100%,-100%,Unknown,,,,,,,,,10,10,10,10,10,0,0,10,0,10,0,0
shopify woocommerce migration,INR,10,0%,-50%,Low,0,,,,,,,,10,10,10,10,30,20,10,10,10,10,10,10
transfer products from shopify to woocommerce,INR,10,0%,-67%,Low,2,,,,,,,,30,10,10,10,10,40,0,0,0,10,10,10
b2b magento agency,INR,40,150%,-55%,Low,0,,,,,,,,90,50,40,10,10,210,20,10,20,20,10,50
migrate products from shopify to woocommerce,INR,10,∞,-67%,Low,16,,,,,,,,30,20,10,10,10,30,10,10,10,0,10,10
woocommerce plugin development company,INR,10,0%,-50%,Low,0,,,,,,,,20,10,10,0,30,10,10,0,10,10,10,10
best magento agency,INR,20,100%,-50%,Low,21,2354.30,23284.58,,,,,,50,50,30,10,30,10,10,10,10,10,10,20
transfer from woocommerce to shopify,INR,10,0%,-50%,Low,0,,,,,,,,20,10,10,10,10,30,10,10,10,10,10,10
magento 2 ecommerce websites,INR,10,0%,-100%,Unknown,,,,,,,,,10,20,10,10,10,10,10,0,0,0,0,0
woocommerce payment plugin development,INR,10,∞,0%,Medium,57,,,,,,,,10,10,10,0,10,0,10,10,0,0,10,10
top woocommerce development companies,INR,20,100%,-60%,Low,6,,,,,,,,40,40,50,10,20,10,10,10,10,10,10,20
magento usa,INR,10,0%,0%,High,86,,,,,,,,10,10,10,10,10,10,10,10,0,10,0,10
adobe commerce developers,INR,70,600%,-73%,Low,5,1539.14,10894.92,,,,,,170,110,40,20,40,320,50,20,30,10,20,70
magento design company,INR,40,600%,-36%,Low,0,,,,,,,,90,70,90,40,40,40,20,10,10,10,10,70
magento development company near me,INR,10,∞,0%,Low,0,,,,,,,,10,10,10,10,10,10,0,0,0,0,0,10
amasty mega menu magento 2,INR,10,-100%,-100%,Unknown,,,,,,,,,0,10,10,10,10,0,10,0,10,10,10,0
lead magento developer,INR,10,0%,0%,Low,0,,,,,,,,0,0,10,10,10,0,0,0,0,10,0,10
magento ecommerce website development company,INR,40,0%,-86%,Low,7,,,,,,,,90,70,30,30,40,140,20,10,20,10,0,10
magento ecommerce experts,INR,30,∞,-89%,Low,0,,,,,,,,70,50,20,10,30,140,10,10,20,0,10,10
magento support company,INR,40,800%,-18%,Low,1,,,,,,,,110,90,50,10,20,40,0,20,10,10,10,90
woocommerce to shopify migration app,INR,20,0%,-50%,Low,29,,,,,,,,20,50,50,20,20,70,10,20,10,10,10,10
magento developer price per hour,INR,10,∞,0%,Low,0,,,,,,,,10,10,10,0,10,10,0,0,0,0,0,10
backend magento developer,INR,10,∞,0%,Low,0,,,,,,,,10,10,10,0,10,10,0,0,0,0,0,10
magento outsourcing,INR,30,600%,-36%,Low,0,,,,,,,,90,70,40,10,10,40,10,10,30,10,10,70
magento laravel,INR,10,∞,0%,Medium,40,253.61,807.89,,,,,,10,10,20,10,10,10,0,10,10,0,10,10
magento maintenance company,INR,30,600%,-50%,Low,0,,,,,,,,110,70,30,10,10,90,10,10,10,10,10,70
magento migration shopify,INR,20,33%,-64%,Low,0,,,,,,,,90,40,10,10,10,30,10,10,10,30,10,40
amasty magento,INR,20,0%,0%,Medium,44,172.15,967.04,,,,,,10,10,10,20,30,20,20,30,30,20,10,20
wordpress woocommerce plugin development,INR,10,0%,0%,Medium,57,,,,,,,,10,10,0,0,10,10,0,0,0,10,0,10
magento 2 page speed optimization,INR,20,200%,50%,Low,0,,,,,,,,30,40,20,10,10,90,20,10,10,10,10,30
magento integration agency,INR,50,67%,-64%,Low,0,,,,,,,,140,90,30,10,10,210,20,10,20,30,10,50
magento plugin developer,INR,10,0%,-100%,Unknown,,,,,,,,,10,10,10,10,10,10,10,0,0,0,0,0
shopify import woocommerce,INR,10,∞,-50%,Low,0,,,,,,,,20,10,10,10,10,20,10,10,0,0,10,10
adobe commerce development company,INR,110,-58%,-48%,Low,3,,,,,,,,140,110,140,90,110,210,30,20,110,260,50,110
move shopify to magento,INR,50,-25%,-73%,Low,3,,,,,,,,90,50,30,10,20,260,10,10,20,40,50,30
magento 2 certified developers,INR,50,133%,-50%,Low,2,,,,,,,,110,70,20,10,20,260,10,10,10,30,10,70
elasticsearch for magento 2.4,INR,0,0%,0%,Unknown,,,,,,,,,0,0,0,0,0,0,0,0,0,0,0,0
shopify plus development services,INR,110,143%,0%,Low,2,396.96,2344.09,,,,,,140,110,90,90,90,390,50,40,70,70,30,170
magento custom development services,INR,90,150%,-71%,Low,3,,,,,,,,170,110,70,90,110,320,20,20,10,20,10,50
magento react,INR,10,0%,-67%,Low,5,,,,,,,,30,50,30,10,10,10,10,10,10,10,10,10
magento 2 frontend,INR,10,0%,0%,Low,0,,,,,,,,0,10,10,0,0,10,10,10,10,10,10,10
woocommerce payment gateway development,INR,10,0%,0%,Low,0,,,,,,,,10,10,10,10,10,0,10,0,10,10,0,10
switch from shopify to woocommerce,INR,10,-100%,-100%,Unknown,,,,,,,,,10,10,10,0,20,20,10,0,10,10,10,0
top magento agencies,INR,40,400%,-29%,Low,7,,,,,,,,90,90,50,10,50,90,20,10,10,10,10,50
magento developer api,INR,10,0%,-100%,Unknown,,,,,,,,,10,0,10,10,0,10,10,10,0,0,10,0
migrate & import shopify to woocommerce,INR,10,0%,0%,Low,0,,,,,,,,10,10,10,10,10,40,10,10,10,10,0,10
adobe commerce magento agency,INR,10,∞,-75%,Low,0,,,,,,,,10,10,10,10,10,10,10,0,20,0,0,10
shopify partner plus,INR,10,-100%,-100%,Unknown,,,,,,,,,10,10,10,10,10,10,0,10,10,10,0,0
magento commerce agency,INR,10,0%,∞,Low,0,,,,,,,,10,20,20,10,10,10,10,10,10,10,10,10
bigcommerce freelancer,INR,10,0%,0%,Low,0,,,,,,,,10,10,10,10,10,10,0,0,10,10,10,10
magento module development company,INR,10,200%,50%,Low,0,,,,,,,,30,40,20,10,10,10,10,10,10,10,10,30
woocommerce extension development,INR,70,367%,0%,Low,4,447.93,1130.32,,,,,,140,90,70,70,50,50,20,20,10,30,50,140
shopify to woocommerce migration free,INR,10,0%,-100%,Unknown,,,,,,,,,0,10,10,10,10,10,10,10,10,0,10,0
migrate from shopify to magento,INR,10,-100%,-100%,Unknown,,,,,,,,,40,30,10,10,10,50,10,10,10,10,10,0
wordpress woocommerce theme development,INR,10,0%,0%,Low,0,,,,,,,,10,30,20,10,10,10,10,0,10,10,10,10
custom magento solutions,INR,10,∞,-75%,Low,0,,,,,,,,10,10,10,0,10,0,10,0,0,0,0,10
best magento ecommerce websites,INR,10,0%,0%,High,86,,,,,,,,10,10,10,10,10,10,0,0,0,10,0,10
magento engineer,INR,10,0%,-100%,Unknown,,,,,,,,,20,20,20,10,10,10,0,0,10,0,0,0
matrixify woocommerce to shopify,INR,10,0%,0%,Medium,51,433.35,1104.46,,,,,,10,10,10,10,10,10,10,10,10,10,10,10
shopify plus web development company,INR,50,40%,-36%,Low,0,,,,,,,,110,70,20,10,40,260,20,10,10,50,20,70
best magento development company,INR,70,75%,-50%,Low,1,,,,,,,,170,140,50,20,30,260,30,20,30,40,40,70
magento website agency,INR,70,300%,-76%,Low,2,,,,,,,,170,110,70,20,90,210,40,70,50,10,40,40
custom woocommerce development services,INR,20,250%,133%,Low,3,,,,,,,,30,30,20,10,30,10,10,10,10,20,10,70
magento web development services,INR,320,180%,-64%,Low,1,,,,,,,,480,880,720,140,210,720,140,90,70,50,20,140
wordpress woocommerce development,INR,10,0%,-50%,Low,18,,,,,,,,20,10,20,10,20,20,10,0,10,10,10,10
freelance bigcommerce developers,INR,10,∞,0%,Low,12,,,,,,,,10,10,10,10,10,30,10,10,10,0,10,10
magento web design agency,INR,50,600%,-36%,Low,0,,,,,,,,110,90,70,20,50,140,40,40,50,10,10,70
adobe commerce cloud developer,INR,10,0%,-86%,Low,0,,,,,,,,10,10,10,10,10,10,0,0,0,10,10,10
adobe commerce development agency,INR,70,600%,-36%,Low,0,,,,,,,,110,90,140,90,90,110,20,10,10,10,10,70
agency magento,INR,210,425%,-34%,Low,4,1889.67,6836.84,,,,,,260,320,260,110,210,480,90,20,210,40,70,210
amasty base extension in magento 2,INR,0,0%,0%,Unknown,,,,,,,,,0,0,0,0,0,0,0,0,0,0,0,0
amasty base magento 2,INR,10,0%,0%,Low,29,,,,,,,,0,0,10,10,0,10,10,10,10,10,10,10
amasty extensions,INR,10,0%,0%,Low,31,,,,,,,,10,10,10,10,10,10,10,10,10,10,10,10
amasty hyva,INR,10,0%,-100%,Unknown,,,,,,,,,10,10,0,10,0,0,0,10,10,0,0,0
amasty partners,INR,10,0%,-100%,Unknown,,,,,,,,,10,0,0,0,0,0,0,0,0,0,10,0
amasty smtp magento 2,INR,10,0%,0%,Medium,38,,,,,,,,0,10,10,0,10,0,10,10,10,10,0,10
amasty theme,INR,10,-100%,-100%,Unknown,,,,,,,,,10,0,0,0,10,0,10,0,0,10,0,0
angular magento,INR,10,∞,0%,Low,14,,,,,,,,10,10,10,10,10,10,10,0,10,0,10,10
avex shopify plus ecommerce agency,INR,10,0%,0%,Medium,57,,,,,,,,10,10,10,10,10,10,10,10,10,10,10,10
b2b magento developer,INR,30,0%,-89%,Low,0,,,,,,,,70,70,10,10,20,140,20,10,10,10,10,10
backend magento 2,INR,10,0%,0%,Low,0,,,,,,,,0,10,0,0,0,0,0,10,10,10,10,10
best magento 2 developer companies,INR,10,-100%,-100%,Unknown,,,,,,,,,10,30,10,10,10,90,10,0,10,10,0,0
best magento certified developer,INR,20,0%,-80%,Low,0,,,,,,,,40,30,10,10,10,110,10,0,0,10,10,10
best magento ecommerce development company,INR,10,100%,-33%,Low,0,,,,,,,,40,30,40,10,20,10,10,10,0,10,0,20
best magento experts,INR,10,∞,0%,Low,0,,,,,,,,20,30,10,10,20,10,0,0,10,0,10,10
best magento web developers,INR,10,∞,0%,Low,0,,,,,,,,10,20,30,10,10,10,10,10,0,0,0,10
best magento website,INR,10,0%,-67%,Medium,52,,,,,,,,50,20,20,10,20,10,10,10,10,10,10,10
best woocommerce development company,INR,20,100%,-50%,Low,0,,,,,,,,50,50,40,20,70,20,10,10,10,10,0,20
best woocommerce development services,INR,10,100%,-50%,Low,0,,,,,,,,30,20,20,10,10,10,10,10,0,10,10,20
best woocommerce expert,INR,10,-100%,-100%,Unknown,,,,,,,,,10,30,10,10,10,10,0,0,0,10,0,0
bigcommerce app development company,INR,10,∞,0%,Low,0,,,,,,,,10,20,10,10,10,10,10,0,0,0,0,10
bigcommerce development experts,INR,40,300%,-64%,Low,0,,,,,,,,90,70,50,10,50,70,40,10,30,10,20,40
bigcommerce development language,INR,10,-100%,0%,Unknown,,,,,,,,,10,10,0,10,0,0,0,0,10,10,10,0
bigcommerce development store,INR,10,100%,100%,Low,1,,,,,,,,20,20,10,10,10,10,10,0,0,10,10,20
bigcommerce ecommerce development,INR,20,∞,-40%,Low,0,,,,,,,,90,50,30,10,20,20,10,10,10,0,10,30
bigcommerce ecommerce development services,INR,20,0%,-80%,Low,0,,,,,,,,40,30,20,10,20,10,10,10,10,10,10,10
bigcommerce growth,INR,20,0%,-75%,Low,0,,,,,,,,50,50,20,20,10,10,10,10,0,10,10,10
bigcommerce laravel,INR,10,0%,0%,Unknown,,,,,,,,,0,0,0,10,0,0,0,0,10,0,0,0
bigcommerce local development,INR,10,0%,-50%,Low,21,,,,,,,,10,40,20,10,30,10,10,10,10,10,10,10
bigcommerce nodejs,INR,10,0%,0%,Unknown,,,,,,,,,10,20,10,10,10,10,0,10,0,0,0,0
bigcommerce pwa development,INR,10,∞,∞,Low,0,,,,,,,,10,10,10,10,10,40,10,0,0,0,0,10
bigcommerce stencil developer,INR,10,100%,-33%,Low,9,,,,,,,,20,20,10,10,10,10,0,10,0,10,10,20
bigcommerce stencil development,INR,10,0%,-50%,Low,7,,,,,,,,20,20,10,10,10,10,0,0,0,10,10,10
bigcommerce store development,INR,30,200%,-67%,Low,0,,,,,,,,90,70,50,20,40,10,10,10,10,10,10,30
bigcommerce web development company,INR,210,420%,-56%,Low,1,,,,,,,,590,480,210,90,260,590,90,40,70,50,40,260
bigcommerce website developers,INR,90,450%,-35%,Low,10,2363.04,12350.41,,,,,,210,210,110,50,70,110,40,10,20,20,10,110
bigcommerce website development services,INR,20,50%,-67%,Low,2,,,,,,,,90,30,20,10,20,10,30,10,10,20,10,30
bigcommerce xamarin integration,INR,10,0%,0%,Unknown,,,,,,,,,10,10,20,10,10,10,10,0,0,0,0,0
cart2cart magento to shopify,INR,10,∞,-50%,Low,0,,,,,,,,10,10,10,10,10,10,0,10,0,0,10,10
cart2cart shopify to woocommerce migration,INR,10,0%,0%,Low,0,,,,,,,,10,10,10,10,10,20,10,10,10,10,20,10
certified bigcommerce developers,INR,10,∞,-50%,Low,0,,,,,,,,30,20,10,10,10,10,10,10,0,0,0,10
certified magento agency,INR,20,0%,-89%,Low,0,,,,,,,,70,40,20,10,30,90,0,10,10,10,10,10
certified magento ecommerce services,INR,30,400%,0%,Low,0,,,,,,,,70,40,70,30,20,90,10,10,30,10,10,50
convert magento to shopify,INR,10,∞,-67%,Low,0,,,,,,,,20,10,10,0,10,20,10,10,10,0,0,10
cost to migrate magento to shopify,INR,10,100%,-71%,Low,0,,,,,,,,50,10,10,0,10,30,10,0,10,10,10,20
custom magento design,INR,30,600%,0%,Low,0,,,,,,,,70,70,40,10,30,20,10,10,10,10,10,70
custom magento development company,INR,30,300%,-43%,Low,2,,,,,,,,70,90,50,20,40,40,10,10,20,10,10,40
custom magento extensions,INR,10,-50%,-50%,Low,0,,,,,,,,30,10,10,10,10,10,10,0,20,20,10,10
custom module in magento 2,INR,0,0%,-100%,Unknown,,,,,,,,,0,0,0,0,0,0,0,0,0,0,0,0
custom module magento 2,INR,0,0%,-100%,Unknown,,,,,,,,,0,0,0,0,0,0,0,0,0,0,0,0
dedicated magento 2 developer,INR,10,0%,-100%,Unknown,,,,,,,,,0,0,0,0,10,0,0,0,0,0,10,0
dedicated magento developer,INR,70,600%,-73%,Low,0,,,,,,,,210,110,50,30,50,170,20,10,20,10,10,70
dedicated woocommerce developer,INR,10,-100%,-100%,Unknown,,,,,,,,,30,20,10,10,20,10,0,0,0,10,10,0
developer siti magento,INR,0,0%,0%,Unknown,,,,,,,,,0,0,0,0,0,0,0,0,0,0,0,0
ecommerce magento developers,INR,260,320%,-56%,Low,1,,,,,,,,390,1000,880,90,90,320,40,20,50,50,20,210
ecommerce magento development agency,INR,260,80%,-72%,Low,0,,,,,,,,320,1300,720,40,90,390,30,20,30,50,20,90
enterprise woocommerce development,INR,10,0%,0%,Unknown,,,,,,,,,10,10,10,10,10,10,10,20,0,0,10,0
experienced magento developer,INR,20,0%,-86%,Low,0,,,,,,,,70,30,10,10,10,110,10,10,10,10,10,10
expert magento 2 developer,INR,30,-100%,-100%,Unknown,,,,,,,,,70,30,10,10,10,170,10,0,10,10,0,0
expert magento developer,INR,90,150%,-81%,Low,0,,,,,,,,210,140,70,10,20,480,10,10,20,20,10,50
expert shopify plus,INR,10,0%,-100%,Unknown,,,,,,,,,10,10,10,10,10,10,0,0,0,0,10,0
export magento to shopify,INR,10,0%,-67%,Low,0,,,,,,,,30,30,10,10,10,30,0,10,10,10,10,10
flatsome developer,INR,10,∞,0%,Low,0,,,,,,,,10,0,10,0,0,0,10,10,0,0,0,10
flutter magento,INR,0,0%,-100%,Unknown,,,,,,,,,0,0,0,0,0,0,0,0,0,0,0,0
flutter magento 2,INR,10,0%,0%,Unknown,,,,,,,,,0,0,10,0,0,0,0,0,0,0,0,0
forix magento,INR,10,∞,0%,Medium,38,,,,,,,,10,10,10,10,10,10,0,10,0,0,0,10
freelance dedicated magento developers,INR,10,0%,-100%,Unknown,,,,,,,,,10,20,10,10,0,10,10,0,0,0,10,0
freelance magento specialist,INR,10,0%,-100%,Unknown,,,,,,,,,0,0,10,0,0,0,0,0,0,0,0,0
freelance magento web developer,INR,10,-100%,-100%,Unknown,,,,,,,,,10,10,10,10,10,10,0,0,0,10,0,0
freelance offshore magento developers,INR,10,0%,-100%,Unknown,,,,,,,,,10,10,10,10,10,10,10,0,0,0,0,0
front end developer magento 2,INR,10,0%,-100%,Unknown,,,,,,,,,0,0,0,0,0,0,0,0,0,0,10,0
frontend magento 2,INR,10,0%,-100%,Unknown,,,,,,,,,0,0,10,0,0,10,0,0,0,0,0,0
full service magento agency,INR,10,∞,0%,Low,0,,,,,,,,10,10,10,10,10,10,10,0,0,0,0,10
headless woocommerce development,INR,10,0%,0%,Low,0,,,,,,,,10,10,10,10,10,10,10,0,10,10,0,10
hyva themes developers,INR,90,800%,-18%,Low,3,,,,,,,,110,70,70,210,170,320,40,10,40,10,20,90
import from shopify to woocommerce,INR,10,0%,-100%,Unknown,,,,,,,,,10,10,10,0,0,0,10,10,10,0,0,0
import shopify to woocommerce plugin,INR,10,0%,0%,Low,14,,,,,,,,10,10,0,10,0,0,0,10,10,10,0,10
laravel and magento,INR,10,∞,0%,Medium,40,253.61,807.89,,,,,,10,10,20,10,10,10,0,10,10,0,10,10
laravel bigcommerce,INR,10,0%,-100%,Unknown,,,,,,,,,10,10,10,0,10,10,10,10,0,0,10,0
laravel magento 2,INR,10,0%,-100%,Unknown,,,,,,,,,0,0,10,0,0,0,0,0,0,0,10,0
mage_mode magento 2,INR,0,0%,0%,Unknown,,,,,,,,,0,0,0,0,0,0,0,0,0,0,0,0
magento 1 certified developer,INR,10,0%,-100%,Unknown,,,,,,,,,10,10,10,10,10,10,10,10,10,0,10,0
magento 1 to shopify,INR,10,-100%,0%,Unknown,,,,,,,,,0,0,0,0,0,0,0,0,10,10,10,0
magento 2 amasty layered navigation,INR,10,0%,0%,Medium,34,,,,,,,,10,10,10,0,0,10,10,10,10,10,10,10
magento 2 certified,INR,10,100%,-33%,Low,0,,,,,,,,30,20,20,10,10,10,20,10,10,10,10,20
magento 2 certified frontend developer,INR,10,-100%,0%,Unknown,,,,,,,,,0,0,0,0,0,10,0,0,0,10,0,0
magento 2 company,INR,10,∞,-50%,Low,0,,,,,,,,20,20,10,10,10,20,10,0,0,0,0,10
magento 2 custom api,INR,10,0%,-100%,Unknown,,,,,,,,,10,10,10,0,10,0,0,10,0,0,0,0
magento 2 dev,INR,140,120%,-72%,Low,0,,,,,,,,320,210,110,40,40,590,90,70,50,50,20,110
magento 2 ecommerce agency,INR,10,∞,-67%,Low,0,,,,,,,,20,30,20,10,10,10,10,0,10,0,0,10
magento 2 ecommerce development company,INR,10,100%,0%,Low,0,,,,,,,,30,20,20,10,10,10,0,0,0,10,10,20
magento 2 enterprise developers,INR,10,-100%,-100%,Unknown,,,,,,,,,10,10,10,10,10,10,10,0,0,10,10,0
magento 2 extension developer,INR,10,200%,200%,Low,0,,,,,,,,10,10,10,10,10,20,10,0,0,10,0,30
magento 2 extension development company,INR,10,300%,0%,Low,0,,,,,,,,30,20,10,10,10,30,10,10,0,10,10,40
magento 2 extension development services,INR,10,300%,33%,Low,0,,,,,,,,30,30,20,10,10,10,10,0,0,10,10,40
magento 2 front end developer,INR,10,0%,-100%,Unknown,,,,,,,,,10,10,10,0,10,10,10,10,10,0,0,0
magento 2 professional developer,INR,10,0%,-100%,Unknown,,,,,,,,,0,0,0,0,0,0,0,0,0,0,10,0
magento 2 pwa development services,INR,10,∞,-50%,Low,0,,,,,,,,10,10,20,10,10,10,0,0,10,0,10,10
magento 2 react frontend,INR,10,∞,0%,High,86,,,,,,,,0,0,10,0,0,0,10,0,0,0,0,10
magento 2 reactjs,INR,10,0%,-50%,Low,0,,,,,,,,10,10,20,0,10,0,0,10,10,10,10,10
magento 2 specialists,INR,20,-100%,-100%,Unknown,,,,,,,,,40,30,10,10,10,90,10,10,10,20,20,0
magento 2 theme developer,INR,20,0%,-75%,Low,0,,,,,,,,40,30,10,0,10,90,10,0,10,10,10,10
magento 2 upgrade firms,INR,10,∞,0%,Low,0,,,,,,,,10,10,10,0,10,10,0,0,10,0,0,10
magento 2 web development agency,INR,10,0%,-67%,Low,0,,,,,,,,30,30,20,10,20,40,0,0,10,10,10,10
magento 2 web development company,INR,10,0%,-50%,Low,0,,,,,,,,30,40,20,10,10,0,0,0,10,10,10,10
magento 2.4 developer,INR,10,∞,0%,Low,14,,,,,,,,20,10,10,0,10,10,0,0,0,0,10,10
magento agency near me,INR,10,-100%,-100%,Unknown,,,,,,,,,10,10,10,0,10,10,10,10,0,10,10,0
magento and react,INR,10,0%,-67%,Low,5,,,,,,,,30,50,30,10,10,10,10,10,10,10,10,10
magento angular,INR,10,∞,0%,Low,14,,,,,,,,10,10,10,10,10,10,10,0,10,0,10,10
magento b2b agency,INR,40,400%,-55%,Low,0,,,,,,,,110,50,20,10,10,170,10,10,20,10,10,50
magento b2b developer,INR,50,0%,-91%,Low,0,,,,,,,,110,50,10,10,20,320,10,10,0,10,10,10
magento b2b developers,INR,50,0%,-91%,Low,0,,,,,,,,110,50,10,10,20,320,10,10,0,10,10,10
magento b2b development services,INR,40,0%,-89%,Low,7,,,,,,,,90,40,30,10,10,260,10,0,10,10,0,10
magento back end,INR,10,0%,-50%,Low,7,,,,,,,,10,10,10,10,10,10,10,10,10,10,10,10
magento based ecommerce website,INR,10,0%,0%,Low,0,,,,,,,,10,10,40,10,10,10,0,10,0,10,10,10
magento certified agency,INR,20,0%,-86%,Low,29,,,,,,,,70,40,20,10,20,90,10,10,10,10,10,10
magento certified company,INR,10,∞,-75%,Low,0,,,,,,,,30,30,20,10,10,10,0,10,10,0,10,10
magento certified ecommerce agency,INR,10,∞,-75%,Low,9,,,,,,,,50,40,30,10,30,10,0,0,10,0,10,10
magento certified expert,INR,30,0%,-93%,Low,4,,,,,,,,110,70,10,10,20,140,20,10,20,10,10,10
magento certified front end developer,INR,30,-67%,-86%,Low,0,,,,,,,,70,30,10,0,10,110,50,10,0,30,10,10
magento certified frontend developer,INR,30,-67%,-86%,Low,0,,,,,,,,70,30,10,0,10,110,50,10,0,30,10,10
magento certified solution partner,INR,10,∞,0%,Low,0,,,,,,,,10,10,10,10,20,10,10,0,10,0,10,10
magento cloud agency,INR,10,0%,0%,Unknown,,,,,,,,,10,10,10,10,10,10,0,0,0,0,0,0
magento commerce cloud development services,INR,10,∞,-80%,Low,0,,,,,,,,10,10,20,10,10,10,10,10,0,0,0,10
magento commerce cloud for developers,INR,10,0%,0%,Unknown,,,,,,,,,0,0,0,10,0,0,0,0,0,0,0,0
magento commerce development,INR,10,-50%,-75%,Low,0,,,,,,,,30,30,20,10,10,10,10,10,10,20,10,10
magento commerce development solutions,INR,10,0%,0%,Low,0,,,,,,,,10,20,10,10,10,10,0,10,10,10,0,10
magento commerce mobile app,INR,20,∞,0%,Low,0,,,,,,,,20,50,30,10,20,20,10,10,10,0,10,30
magento commerce website,INR,50,350%,-18%,Low,4,1110.11,12208.76,,,,,,110,110,90,40,30,50,50,10,40,20,20,90
magento custom extension,INR,10,-50%,-50%,Low,0,,,,,,,,30,10,10,10,10,10,10,0,20,20,10,10
magento custom extension development,INR,50,1300%,-18%,Low,1,,,,,,,,140,110,50,10,40,140,20,10,10,10,10,140
magento customization company,INR,20,300%,-20%,Low,1,,,,,,,,40,50,20,20,30,30,10,10,10,10,10,40
magento customization service,INR,50,400%,-64%,Low,0,,,,,,,,110,110,70,20,50,170,10,10,10,10,20,50
magento dedicated developers,INR,10,0%,-50%,Low,0,,,,,,,,40,30,10,0,10,10,0,0,10,10,10,10
magento design agency,INR,40,200%,-67%,Low,0,,,,,,,,90,70,30,30,40,140,20,20,30,10,10,30
magento design and development company,INR,10,0%,-100%,Unknown,,,,,,,,,20,10,10,10,10,10,0,0,10,0,10,0
magento design partner,INR,10,200%,200%,Low,0,,,,,,,,10,0,10,0,0,10,10,0,0,10,10,30
magento design services,INR,30,400%,-29%,Low,0,,,,,,,,50,50,30,30,30,50,10,10,10,10,10,50
magento design software,INR,10,0%,-100%,Unknown,,,,,,,,,0,10,0,0,10,0,0,0,0,0,0,0
magento designers,INR,30,600%,0%,Low,2,,,,,,,,70,50,40,20,20,0,10,10,20,10,10,70
magento developer cost,INR,10,0%,-67%,Low,2,,,,,,,,30,30,10,10,20,20,10,10,10,10,10,10
magento developer expert,INR,90,150%,-81%,Low,0,,,,,,,,210,140,70,10,20,480,10,10,20,20,10,50
magento developer newcastle,INR,10,0%,0%,Unknown,,,,,,,,,0,10,10,0,0,0,0,0,0,0,0,0
magento developer support,INR,10,0%,-100%,Unknown,,,,,,,,,10,10,10,10,0,10,0,10,10,0,10,0
magento developer upwork,INR,10,-100%,-100%,Unknown,,,,,,,,,10,0,0,0,0,0,0,0,0,10,0,0
magento development firm,INR,20,300%,-56%,Low,0,,,,,,,,70,50,40,10,40,20,10,10,10,10,10,40
magento development solutions,INR,30,0%,-89%,Low,5,,,,,,,,90,70,30,10,20,140,10,10,10,10,10,10
magento e commerce development services,INR,260,143%,-65%,Low,1,,,,,,,,390,880,720,170,170,590,110,50,90,70,40,170
magento e commerce website,INR,10,0%,0%,Low,0,,,,,,,,10,10,10,10,10,10,10,0,0,10,10,10
magento ecommerce app,INR,20,300%,-20%,Low,0,,,,,,,,70,40,30,10,10,30,10,10,10,10,10,40
magento ecommerce company,INR,30,0%,-86%,Low,0,,,,,,,,70,50,40,10,20,140,10,10,10,10,10,10
magento ecommerce customization,INR,10,0%,0%,Low,0,,,,,,,,10,30,30,10,10,10,10,10,10,10,10,10
magento ecommerce designers,INR,10,0%,-50%,Low,0,,,,,,,,10,10,10,10,10,20,0,0,0,10,0,10
magento ecommerce development agency,INR,260,80%,-72%,Low,0,,,,,,,,320,1300,720,40,90,390,30,20,30,50,20,90
magento ecommerce development solutions,INR,10,∞,0%,Low,0,,,,,,,,10,20,20,10,10,10,0,0,10,0,0,10
magento ecommerce mobile app,INR,20,∞,0%,Low,0,,,,,,,,20,50,30,10,20,20,10,10,10,0,10,30
magento ecommerce specialists,INR,10,∞,0%,Low,0,,,,,,,,10,10,20,0,20,10,0,0,10,0,10,10
magento ecommerce web development company,INR,110,50%,-40%,Low,5,,,,,,,,90,720,480,30,40,40,0,10,20,20,10,30
magento ecommerce website development services,INR,30,0%,-67%,Low,0,,,,,,,,30,90,40,20,50,50,10,10,10,10,10,10
magento enterprise agency,INR,30,100%,-71%,Low,0,,,,,,,,90,70,20,10,30,90,10,10,20,10,10,20
magento enterprise development,INR,40,600%,-22%,Low,0,,,,,,,,90,50,50,20,10,110,30,10,20,10,10,70
magento enterprise development agency,INR,10,-100%,-100%,Unknown,,,,,,,,,20,20,10,10,10,10,0,0,10,10,0,0
magento enterprise development company,INR,10,0%,0%,Low,0,,,,,,,,10,20,10,10,10,20,0,0,0,10,10,10
magento extension development company,INR,40,600%,-22%,Low,0,,,,,,,,90,90,40,10,30,110,10,10,10,10,20,70
magento extension development services,INR,40,600%,-22%,Low,0,,,,,,,,90,70,30,20,20,140,10,10,20,10,10,70
magento flutter,INR,10,0%,-100%,Unknown,,,,,,,,,0,0,10,0,0,0,0,0,0,0,0,0
magento flutter app,INR,10,0%,-100%,Unknown,,,,,,,,,0,10,0,0,0,0,0,0,0,0,0,0
magento full stack developer,INR,10,0%,-100%,Unknown,,,,,,,,,0,10,10,0,0,0,0,0,0,0,0,0
magento grocery store developer,INR,10,0%,0%,Unknown,,,,,,,,,10,0,0,0,0,0,0,0,0,0,0,0
magento integration expert,INR,20,∞,-80%,Low,0,,,,,,,,50,40,10,10,10,110,10,10,10,0,10,10
magento marketing agency,INR,20,150%,25%,Low,0,,,,,,,,20,20,20,10,20,20,20,10,40,20,20,50
magento migration to shopify,INR,30,-67%,-93%,Low,11,,,,,,,,90,30,10,10,20,170,10,10,10,30,10,10
magento mobile app development company,INR,20,300%,-20%,Low,2,,,,,,,,50,50,30,10,30,20,10,10,0,10,10,40
magento mobile app development service,INR,20,200%,-25%,Low,2,,,,,,,,40,40,20,10,20,20,20,0,10,10,10,30
magento mobile application,INR,90,467%,-35%,Low,2,300.46,922.07,,,,,,210,170,170,90,90,90,70,40,30,30,40,170
magento mobile development,INR,50,450%,-21%,Low,1,,,,,,,,140,140,90,40,50,30,10,10,20,20,10,110
magento module developer,INR,10,0%,-100%,Unknown,,,,,,,,,10,0,0,0,0,0,10,0,0,0,0,0
magento module development services,INR,10,0%,-50%,Low,0,,,,,,,,10,20,20,10,10,10,10,10,0,10,0,10
magento native app,INR,10,0%,-100%,Unknown,,,,,,,,,10,0,10,0,10,10,0,10,0,0,0,0
magento online company,INR,10,-100%,-100%,Unknown,,,,,,,,,10,30,30,10,20,10,0,10,10,10,10,0
magento open source developer,INR,10,∞,0%,High,86,,,,,,,,10,10,10,10,10,10,0,0,0,0,0,10
magento professional,INR,10,0%,-75%,Low,1,,,,,,,,30,20,30,10,20,10,10,10,10,10,10,10
magento progressive web app,INR,50,∞,-29%,Low,0,,,,,,,,90,90,90,30,50,110,20,10,10,0,10,50
magento progressive web app development,INR,10,∞,-33%,Low,0,,,,,,,,20,30,20,10,10,0,10,10,0,0,0,20
magento pwa development company,INR,10,100%,-33%,Low,0,,,,,,,,30,40,20,10,10,10,10,0,20,10,0,20
magento pwa development service,INR,40,300%,-56%,Low,0,,,,,,,,90,70,20,10,30,140,10,10,10,10,10,40
magento react js,INR,10,0%,-100%,Unknown,,,,,,,,,10,0,0,10,0,0,0,0,0,0,0,0
magento react theme,INR,10,-100%,-100%,Unknown,,,,,,,,,0,10,10,0,10,10,0,0,0,10,0,0
magento software development company,INR,10,0%,-67%,Low,0,,,,,,,,30,40,20,10,10,20,10,10,10,10,10,10
magento solution company,INR,10,0%,0%,Low,0,,,,,,,,10,10,10,0,10,10,0,0,10,10,0,10
magento solutions partner,INR,50,1300%,27%,Low,0,,,,,,,,110,90,70,50,30,50,40,10,10,10,10,140
magento store developer,INR,20,0%,-86%,Low,0,,,,,,,,50,40,20,10,10,90,10,10,10,10,10,10
magento store development company,INR,140,250%,-50%,Low,0,,,,,,,,140,590,390,10,70,210,20,20,40,20,10,70
magento store development services,INR,50,50%,-67%,Low,2,,,,,,,,90,40,20,10,10,210,40,40,20,20,10,30
magento theme developer,INR,20,100%,-71%,Low,0,,,,,,,,50,30,20,10,20,110,0,10,10,10,10,20
magento theme development company,INR,30,600%,-22%,Low,0,,,,,,,,70,50,20,10,10,110,10,10,30,10,10,70
magento theme development services,INR,40,300%,-56%,Low,0,,,,,,,,70,50,30,20,20,140,10,10,30,10,10,40
magento theme integration,INR,10,-100%,-100%,Unknown,,,,,,,,,10,10,10,10,0,0,10,0,0,10,0,0
magento to shopify data migration,INR,50,250%,-59%,Low,2,,,,,,,,140,70,30,10,20,260,20,10,10,20,10,70
magento to shopify plus migration,INR,50,0%,-88%,Low,0,,,,,,,,140,50,30,10,40,210,10,10,10,20,10,20
magento to shopify product migration,INR,50,400%,-64%,Low,1,,,,,,,,140,50,30,10,20,210,10,10,20,10,10,50
magento upgrade company,INR,10,0%,-80%,Low,0,,,,,,,,30,30,20,10,10,10,10,0,10,10,10,10
magento vuejs,INR,10,0%,-100%,Unknown,,,,,,,,,0,10,0,0,0,0,0,0,0,0,0,0
magento web app,INR,10,-100%,-100%,Unknown,,,,,,,,,10,10,10,10,10,10,10,10,10,10,10,0
magento web design and integration,INR,0,0%,-100%,Unknown,,,,,,,,,0,0,0,0,0,0,0,0,0,0,0,0
magento web design company,INR,170,800%,-47%,Low,1,,,,,,,,170,720,480,30,50,170,50,30,50,10,20,90
magento web design services,INR,110,200%,-18%,Low,1,,,,,,,,140,170,210,170,210,110,50,40,70,30,20,90
magento website design agency,INR,10,∞,-50%,Low,3,,,,,,,,30,30,30,10,20,30,10,0,10,0,0,20
magento website design company,INR,70,133%,-36%,Low,0,,,,,,,,140,110,50,50,50,110,70,70,50,30,10,70
magento website development agency,INR,40,-43%,-56%,Low,0,,,,,,,,90,70,20,10,20,210,10,10,10,70,10,40
magento website to mobile app,INR,10,0%,-100%,Unknown,,,,,,,,,0,0,0,0,0,10,0,0,0,0,0,0
magento ™ development companies,INR,10,0%,0%,Unknown,,,,,,,,,10,10,10,10,10,10,0,0,0,0,0,0
magneto it solutions pvt ltd ecommerce development company,INR,0,0%,0%,Unknown,,,,,,,,,0,0,0,0,0,0,0,0,0,0,0,0
meetanshi magento development agency,INR,0,0%,0%,Unknown,,,,,,,,,0,0,0,0,0,0,0,0,0,0,0,0
migrate magento 1 to shopify,INR,20,-50%,-89%,Low,0,,,,,,,,50,30,10,10,20,30,0,10,10,20,10,10
migrate magento shopify,INR,20,0%,-89%,Low,0,,,,,,,,70,30,20,10,40,40,0,0,10,10,10,10
migrate orders from magento to shopify,INR,10,-50%,0%,Low,0,,,,,,,,10,10,10,10,10,10,0,10,10,20,10,10
migrate orders from woocommerce to shopify,INR,10,0%,-67%,Low,0,,,,,,,,20,20,10,10,10,30,0,10,0,10,10,10
mobile app for magento website,INR,10,0%,-100%,Unknown,,,,,,,,,20,20,10,10,10,10,10,0,10,0,0,0
need magento developer,INR,20,0%,-80%,Low,0,,,,,,,,50,30,10,10,10,90,10,0,10,10,10,10
offshore magento developer,INR,50,100%,-88%,Low,0,,,,,,,,140,90,30,10,20,260,10,0,10,10,10,20
offshore magento development company,INR,10,∞,-75%,Low,0,,,,,,,,30,20,10,10,10,70,10,0,0,0,0,10
outsource magento 2 development,INR,10,0%,0%,Low,0,,,,,,,,10,10,10,10,10,10,10,0,0,10,0,10
outsource magento development,INR,30,200%,-67%,Low,0,,,,,,,,90,70,40,20,30,50,10,10,10,10,10,30
professional magento developers,INR,10,∞,0%,Low,0,,,,,,,,20,30,10,10,10,10,0,0,10,0,0,10
react magento,INR,10,0%,-67%,Low,5,,,,,,,,30,50,30,10,10,10,10,10,10,10,10,10
s2w import shopify to woocommerce nulled,INR,10,-100%,0%,Unknown,,,,,,,,,10,10,10,10,0,10,0,0,0,10,0,0
shopify export to woocommerce,INR,10,0%,0%,Low,0,,,,,,,,10,10,10,0,10,20,10,0,0,10,10,10
shopify import from woocommerce,INR,10,∞,0%,Low,14,,,,,,,,10,10,10,10,10,20,10,10,10,0,0,10
shopify plus developers liverpool,INR,10,∞,∞,Low,0,,,,,,,,10,20,10,10,10,10,0,0,0,0,0,10
shopify plus development company,INR,170,55%,-35%,Low,2,504.54,2626.65,,,,Y,,210,140,70,90,140,720,320,140,50,110,70,170
shopify plus development firm,INR,70,-20%,-71%,Low,1,,,,,,,,140,70,30,20,10,320,10,10,10,50,10,40
shopify plus store development,INR,50,100%,-86%,Low,0,,,,,,,,110,70,20,10,20,320,30,40,50,10,10,20
shopify plus theme development company,INR,40,-20%,-43%,Low,0,,,,,,,,70,40,20,10,50,140,20,20,10,50,20,40
shopify plus web development,INR,50,1000%,-21%,Low,1,,,,,,,,110,90,40,20,20,140,20,10,10,10,10,110
sr magento developer,INR,10,∞,0%,Low,22,,,,,,,,10,10,10,10,30,10,10,10,10,0,10,10
theme integration in magento 2,INR,0,0%,-100%,Unknown,,,,,,,,,0,0,0,0,0,0,0,0,0,0,0,0
three js ecommerce,INR,10,0%,-100%,Unknown,,,,,,,,,10,10,10,10,10,10,10,0,10,0,0,0
top 10 magento development companies,INR,10,-100%,-100%,Unknown,,,,,,,,,20,20,10,10,10,90,10,10,0,20,10,0
top 5 magento development companies,INR,10,∞,∞,Low,0,,,,,,,,0,0,0,0,0,0,0,0,0,0,0,10
top bigcommerce developers,INR,40,100%,-20%,Low,1,,,,,,,,50,50,40,30,30,30,40,50,30,20,10,40
top magento 2 agency,INR,10,0%,-67%,Low,0,,,,,,,,40,40,20,10,30,10,10,0,10,10,10,10
top magento companies,INR,20,0%,-67%,Low,10,,,,,,,,40,40,20,10,30,70,0,10,10,10,10,10
top magento web development companies,INR,20,∞,0%,Low,2,,,,,,,,40,40,10,10,10,110,10,0,10,0,0,20
top woocommerce developers,INR,50,-60%,-50%,Low,0,,,,,,,,40,30,50,40,20,50,70,110,110,50,10,20
toptal magento,INR,0,0%,0%,Unknown,,,,,,,,,0,0,0,0,0,0,0,0,0,0,0,0
us magento developer,INR,10,∞,0%,Low,0,,,,,,,,10,10,10,10,10,10,0,0,10,0,0,10
velstar digital,INR,10,-100%,0%,Unknown,,,,,,,,,10,20,10,0,10,0,0,0,0,10,0,0
velstar shopify,INR,10,-100%,-100%,Unknown,,,,,,,,,10,10,10,10,10,10,10,0,10,10,10,0
vue js woocommerce,INR,10,0%,-100%,Unknown,,,,,,,,,10,0,0,10,0,0,0,0,0,0,0,0
w2s migrate woocommerce to shopify,INR,10,0%,0%,Medium,43,,,,,,,,10,10,10,10,10,10,10,10,10,10,10,10
woocommerce certified developer,INR,10,200%,50%,Low,5,,,,,,,,30,20,30,10,10,10,0,10,10,10,10,30
woocommerce custom development services,INR,10,0%,0%,Low,0,,,,,,,,10,10,10,10,10,10,0,10,10,10,10,10
woocommerce custom theme development,INR,50,4700%,4700%,Low,0,,,,,,,,20,20,20,10,20,10,10,0,10,10,10,480
woocommerce developer oxford,INR,0,0%,0%,Unknown,,,,,,,,,0,0,0,0,0,0,0,0,0,0,0,0
woocommerce development company near me,INR,10,0%,-50%,Low,0,,,,,,,,30,20,10,0,20,10,0,0,10,10,10,10
woocommerce development cost,INR,10,0%,-50%,Low,0,,,,,,,,40,40,20,10,10,10,10,10,10,10,10,10
woocommerce development experts,INR,10,100%,100%,Low,0,,,,,,,,30,20,10,10,10,10,0,0,0,10,0,20
woocommerce development services company,INR,10,-100%,-100%,Unknown,,,,,,,,,10,10,10,0,10,10,0,0,0,10,10,0
woocommerce development website,INR,10,∞,0%,Low,0,,,,,,,,20,10,20,0,10,10,0,0,0,0,10,10
woocommerce ecommerce development,INR,10,100%,100%,Low,0,,,,,,,,10,30,10,10,10,10,10,20,10,10,10,20
woocommerce ecommerce development company,INR,10,0%,0%,Low,0,,,,,,,,10,10,10,10,10,10,10,10,10,10,10,10
woocommerce import from shopify,INR,10,0%,0%,Low,29,,,,,,,,10,10,10,10,10,20,0,0,10,10,0,10
woocommerce import shopify,INR,10,∞,0%,Low,0,,,,,,,,10,10,10,10,10,30,0,0,10,0,0,10
woocommerce mobile app development,INR,10,∞,0%,Low,0,,,,,,,,10,10,10,0,0,10,10,0,0,0,0,10
woocommerce payment gateway plugin development,INR,10,-100%,-100%,Unknown,,,,,,,,,10,0,10,0,0,10,0,0,0,10,0,0
woocommerce plugin development services,INR,10,0%,-50%,Low,21,,,,,,,,20,30,30,10,50,10,10,10,10,10,10,10
woocommerce storefront development,INR,10,100%,0%,Low,1,,,,,,,,20,40,20,10,10,10,10,0,10,10,10,20
woocommerce theme development company,INR,10,0%,-100%,Unknown,,,,,,,,,30,20,10,10,10,10,0,0,10,0,0,0
woocommerce theme development from scratch,INR,10,0%,0%,Low,0,,,,,,,,10,10,10,10,10,10,10,0,0,10,10,10
woocommerce theme development services,INR,10,0%,-50%,Low,0,,,,,,,,10,10,10,0,30,10,10,0,10,10,0,10
woocommerce to shopify export,INR,20,0%,-80%,Low,0,,,,,,,,40,20,10,0,10,110,10,0,10,10,10,10
woocommerce to shopify import,INR,10,0%,-100%,Unknown,,,,,,,,,0,10,10,0,0,0,10,0,10,0,10,0
woocommerce to shopify migration plugin,INR,20,0%,-100%,Unknown,,,,,,,,,30,20,10,10,20,90,10,10,10,0,0,0
woocommerce vuejs,INR,10,0%,-100%,Unknown,,,,,,,,,10,0,0,0,10,0,10,0,0,0,0,0
woocommerce web development services,INR,90,250%,0%,Low,1,,,,,,,,170,110,110,40,40,260,10,30,40,40,20,140
wordpress e commerce development w woocommerce & storefront,INR,10,0%,-100%,Unknown,,,,,,,,,10,20,10,10,10,0,0,0,10,0,0,0
wordpress woocommerce web developer,INR,10,∞,0%,Medium,48,,,,,,,,10,10,20,10,10,10,0,10,10,0,10,10
zen cart to magento,INR,10,∞,0%,Low,0,,,,,,,,20,10,10,10,10,40,0,0,0,0,0,10