keyword,organic_captured,ai_overview,featured_snippet,item_types,ai_overview_sources,ai_overview_text,featured_snippet_text
best seo agency usa,19,no,no,local_pack|organic|related_searches,,,
top seo agency usa,19,YES,no,ai_overview|organic|people_also_ask|related_searches,agencies.semrush.com|elsner.com|clutch.co|goodfirms.co|ignitevisibility.com|quora.com,"The top-rated SEO companies in the USA include `WebFX, Ignite Visibility, and SmartSites` . Because every business has different needs, the ""best"" choice depends on your budget, company size, and specific goals.[](https://www.elsner.com/top-seo-companies-in-the-usa/) [[1]](https://www.elsner.com/top-seo-companies-in-the-usa/)[[2]](https://www.quora.com/Which-is-the-best-and-most-affordable-SEO-agency-in-the-USA)

Top SEO Agencies by Category

- **Best for Enterprise & Scale:** WebFX (Harrisburg, PA) provides full-service digital marketing, custom ROI tracking software, and large teams for mid-to-large enterprises ($3,500–$20,000+/mo).[](https://www.elsner.com/top-seo-companies-in-the-usa/) 
- **Best for Strategy & Multi-Channel Growth:** Ignite Visibility (San Diego, CA) focuses on high-touch enterprise campaigns, AI search visibility, and integrated paid media ($5,000–$25,000+/mo).[](https://www.elsner.com/top-seo-companies-in-the-usa/) [[1]](https://ignitevisibility.com/services/seo/)
- **Best for Small-to-Midsize Businesses (SMBs):** SmartSites (Paramus, NJ) offers affordable, transparent search optimization combined with web design ($1,500–$8,000/mo).[](https://clutch.co/us/seo-firms) [[1]](https://clutch.co/us/seo-firms)[[2]](https://www.goodfirms.co/seo-agencies/usa)
- **Best for Content-Led Growth:** Siege Media (San Diego, CA) specializes in high-end content creation and digital PR for SaaS and fintech brands ($7,500–$25,000/mo).[](https://www.elsner.com/top-seo-companies-in-the-usa/) 
- **Best for Pure-Play SEO:** Victorious (San Francisco, CA) delivers data-driven, technical SEO campaigns without mandatory bundled services ($2,500–$15,000/mo).[](https://clutch.co/us/seo-firms) 

To help narrow down the best choice for you, please share:

- Your **industry** or niche
- Your approximate **monthly budget** 
- Your primary **goal** (local leads, national e-commerce, or B2B SaaS growth)",
best seo agency,19,YES,no,ai_overview|organic|local_pack|related_searches,coalitiontechnologies.com|clutch.co|neilpatel.com|thriveagency.com|youtube.com|elsner.com|ignitevisibility.com|webfx.com|seodiscovery.com,"The best SEO agency `depends on your business size, goals, and budget` , with several top-performing firms recognized for distinct specialties.[](https://neilpatel.com/blog/seo-agency/) [[1]](https://neilpatel.com/blog/seo-agency/)Top-Rated SEO Agencies

- **[Ignite Visibility](https://ignitevisibility.com/services/seo/)** : Best for comprehensive search marketing, conversion rate optimization (CRO), and multi-channel strategy.
- **[Coalition Technologies](https://coalitiontechnologies.com/)** : Best for data-driven e-commerce SEO, high ROI, and flexible month-to-month contracts.
- **NP Digital** : Best for enterprise-level omnichannel campaigns and large consumer or tech brands.
- **[Thrive Internet Marketing Agency](https://thriveagency.com/digital-marketing-services/search-engine-optimization-seo/)** : Best for small-to-medium businesses needing localized strategies, content writing, and technical audits.[](https://coalitiontechnologies.com/seo-search-engine-optimization) [[1]](https://coalitiontechnologies.com/seo-search-engine-optimization)[[2]](https://clutch.co/seo-firms)[[3]](https://ignitevisibility.com/services/seo/)[[4]](https://coalitiontechnologies.com/miami-fl-seo)[[5]](https://coalitiontechnologies.com/houston-tx-seo)[[6]](https://www.elsner.com/top-seo-companies-in-the-usa/)[[7]](https://thriveagency.com/digital-marketing-services/search-engine-optimization-seo/)

How to Choose the Right Agency

- **Define your goals:** Decide if you need local visibility, e-commerce scale, or enterprise content marketing.
- **Check transparency:** Look for agencies that provide custom, easy-to-read performance reports rather than raw data.
- **Review case studies:** Ask for verifiable proof of past success within your specific industry.[](https://coalitiontechnologies.com/seo-search-engine-optimization) [[1]](https://www.youtube.com/watch?v=Mzr6uWxIJ_c&t=380)[[2]](https://www.webfx.com/industries/legal/law-firms/best-seo-companies-for-lawyers/)[[3]](https://www.seodiscovery.com/blog/how-local-seo-increases-profits/)

[](https://coalitiontechnologies.com/) Coalition Technologies: SEO Company - #1 Rated in America ...Coalition Technologies is the top-rated SEO company with 250+ reviews on Google at 4.8 stars, 80+ reviews on Facebook at 5.0 stars...![](https://encrypted-tbn0.gstatic.com/images?q=tbn:ANd9GcRgxcTPBiE73_c6K1NoKMqifq2A_QN7VuVeIPMk4WrbUW46TxOCqtId4gr6q3BaIyPEhV5KtA)
![](https://encrypted-tbn1.gstatic.com/faviconV2?url=https://coalitiontechnologies.com&amp;client=AIM&amp;size=16&amp;type=FAVICON&amp;fallback_opts=TYPE,SIZE,URL)
Coalition Technologies[](https://coalitiontechnologies.com/seo-search-engine-optimization) Top-Ranked, Global SEO Company - Coalition Technologies We Are The Best in SEO With over 500+ outstanding SEO client case studies and a large team of SEO specialists from all over the wo...![](https://encrypted-tbn1.gstatic.com/images?q=tbn:ANd9GcRwy3CRERbJZroDpTIP9EGyS77CrIHiWW88vX9V4ClagvteK4zV6IFFiGOf_qAMYHea47VtFg)
![](https://encrypted-tbn1.gstatic.com/faviconV2?url=https://coalitiontechnologies.com&amp;client=AIM&amp;size=16&amp;type=FAVICON&amp;fallback_opts=TYPE,SIZE,URL)
Coalition Technologies[](https://clutch.co/seo-firms) Top SEO Companies & Services - Jul 2026 Rankings | Clutch.co Jul 28, 2026 — List of the Best SEO Companies * SmartSites. 4.9 364 reviews. Premier Verified. $1,000+ 250 - 999. Paramus, NJ. 50% Search Engine ...![](https://encrypted-tbn3.gstatic.com/images?q=tbn:ANd9GcSW42mv4dR26UN9Yra1-N2iq_D23yhoSpFyRkWKey1mrVpydT-kuNDRweoAp0dzxcN7bWRKEw)
![](https://encrypted-tbn1.gstatic.com/faviconV2?url=https://clutch.co&amp;client=AIM&amp;size=16&amp;type=FAVICON&amp;fallback_opts=TYPE,SIZE,URL)
Clutch - The Leading Marketplace for Finding Business Services[](https://coalitiontechnologies.com/houston-tx-seo) Houston, TX SEO - Coalition Technologies Jun 5, 2026 — Work with the Best SEO Agency in Houston Most of our competitors depend on onerous 12- or 24-month contracts to keep their clients...![](https://encrypted-tbn0.gstatic.com/images?q=tbn:ANd9GcQfI27NQMR6h2EnTga44TUt_J6LkHwogKysdK92d9ZKpf-Sv8AmN4kJ0RJh)
![](https://encrypted-tbn1.gstatic.com/faviconV2?url=https://coalitiontechnologies.com&amp;client=AIM&amp;size=16&amp;type=FAVICON&amp;fallback_opts=TYPE,SIZE,URL)
Coalition Technologies[](https://coalitiontechnologies.com/miami-fl-seo) Miami, FL SEO - Coalition Technologies May 15, 2026 — With over 300 successful SEO client case studies and a large team of SEO experts from around the world, Coalition Technologies is ...![](https://encrypted-tbn2.gstatic.com/images?q=tbn:ANd9GcS1j6K1sdZ4QH1QsBhasM_GL7lhMBih9y7FcW97Kk6ssL6pYOFT9MsWkSEu4Ab1EO5k7Ew0VQ)
![](https://encrypted-tbn1.gstatic.com/faviconV2?url=https://coalitiontechnologies.com&amp;client=AIM&amp;size=16&amp;type=FAVICON&amp;fallback_opts=TYPE,SIZE,URL)
Coalition Technologies[](https://neilpatel.com/blog/seo-agency/) Best SEO Companies of 2026 - Neil Patel Feb 5, 2026 — Table_title: Best SEO Companies For Small and Medium Businesses (SMBs) Table_content: | Agency | Best For | Business Size | | --- ...![](https://encrypted-tbn0.gstatic.com/images?q=tbn:ANd9GcT5ZQDvuJ5UvtrHy7G0nH6Cy3ZxGjm9OeQGXGHiq7n8-hNf1W29zDA-x5lAN9l9dM1mzn1Bhw)
![](https://encrypted-tbn2.gstatic.com/faviconV2?url=https://neilpatel.com&amp;client=AIM&amp;size=16&amp;type=FAVICON&amp;fallback_opts=TYPE,SIZE,URL)
Neil Patel[](https://thriveagency.com/digital-marketing-services/search-engine-optimization-seo/) Search Engine Optimization – SEO Company Thrive Internet Marketing Agency is a search engine optimization (SEO) company that offers a variety of services to help businesse...![](https://encrypted-tbn3.gstatic.com/images?q=tbn:ANd9GcT6xJAwLIgE5j52ihcvQPvkMB3YXQ2dPTiDqUZ294bxALwyJ-XxBJ630s5f1sICtFc7lBpVuQ)
![](https://encrypted-tbn1.gstatic.com/faviconV2?url=https://thriveagency.com&amp;client=AIM&amp;size=16&amp;type=FAVICON&amp;fallback_opts=TYPE,SIZE,URL)
Thrive Internet Marketing Agency[](https://www.youtube.com/watc",
best seo company for small business,18,YES,no,ai_overview|organic|discussions_and_forums|people_also_ask|related_searches,reddit.com|searchbloom.com|thirdmarblemarketing.com|thryv.com|webfx.com|outerboxdesign.com|winstondigitalmarketing.com|yesoptimist.com|revenueboomers.com,"There is no single best SEO company for every small business . Top-rated choices include [Searchbloom](https://www.searchbloom.com/strategy/best-seo-agency-services-for-small-businesses/) for full-service custom growth, [Thryv](https://www.thryv.com/blog/seo-services-small-business/) for local service software integration, and [WebFX](https://www.webfx.com/seo/services/smb/) for data-driven mid-market scale . The right choice depends on your specific budget, goals, and industry.[](https://www.searchbloom.com/strategy/best-seo-agency-services-for-small-businesses/) [[1]](https://www.searchbloom.com/strategy/best-seo-agency-services-for-small-businesses/)[[2]](https://www.winstondigitalmarketing.com/best-seo-for-small-business/)[[3]](https://www.thryv.com/blog/seo-services-small-business/)[[4]](https://www.outerboxdesign.com/companies/rankings/best-seo-companies/small-business-seo-services/)Top Small Business SEO Providers

- **Searchbloom** : Best for full-funnel local and technical strategies with senior attention.
- **Thryv** : Best for local service businesses needing a unified customer communication and listing management software stack.
- **WebFX** : Best for large-scale custom campaigns backed by proprietary technology and detailed ROI tracking.
- **[Third Marble Marketing](https://www.thirdmarblemarketing.com/search-engine-optimization-richmond-va/seo-services-for-small-businesses)** : Best for very small local operations testing basic map pack optimization on a strict budget.[](https://www.searchbloom.com/strategy/best-seo-agency-services-for-small-businesses/) [[1]](https://www.webfx.com/seo/services/smb/)[[2]](https://www.thirdmarblemarketing.com/search-engine-optimization-richmond-va/seo-services-for-small-businesses)

Key Selection Factors

- **Scope and Pricing:** Avoid agencies promising full-service work for under a few hundred dollars a month, as real technical and content execution requires significant hours. Look for clear deliverables.[](https://www.reddit.com/r/smallbusiness/comments/1gut09i/budgetfriendly_seo_company_recommendation_for/) [[1]](https://www.reddit.com/r/smallbusiness/comments/1gut09i/budgetfriendly_seo_company_recommendation_for/)[[2]](https://www.yesoptimist.com/saas-content-marketing-agencies/)[[3]](https://www.searchbloom.com/strategy/best-veterinary-seo-companies/)
- **Specialization:** Select local SEO focus if you serve a specific geographic region, or e-commerce SEO if you sell products online globally.[](https://www.searchbloom.com/strategy/best-seo-agency-services-for-small-businesses/) 
- **Reporting:** Ensure the provider tracks actual revenue, calls, and qualified leads rather than just vanity metrics like keyword movements.[](https://www.winstondigitalmarketing.com/best-seo-for-small-business/) [[1]](https://www.outerboxdesign.com/companies/rankings/best-seo-companies/small-business-seo-services/)[[2]](https://revenueboomers.com/seo-services/)",
seo agency for small business,19,no,no,local_pack|organic|people_also_ask|related_searches,,,
