keyword,position,domain,url,title,is_directory
best seo agency usa,1,seosherpa.com,https://seosherpa.com/us-en/,Best SEO Agency in USA // SEO SHERPA,False
best seo agency usa,2,clutch.co,https://clutch.co/us/seo-firms,Top SEO Agencies in the United States - Jul 2026 Rankings,True
best seo agency usa,3,ideamagix.com,https://www.ideamagix.com/best-seo-company-in-usa.html,"Best SEO Consultants in America, SEO Services",False
best seo agency usa,4,rankstar.io,https://rankstar.io/seo-agency-in-the-united-states/,Best SEO Agency In The USA,False
best seo agency usa,5,seoprofy.com,https://seoprofy.com/blog/top-seo-companies-in-the-usa/,Top 10 SEO Companies in the USA for 2026,False
best seo agency usa,6,quora.com,https://www.quora.com/Which-is-the-best-and-most-affordable-SEO-agency-in-the-USA,Which is the best and most affordable SEO agency in ...,True
best seo agency usa,7,ignitevisibility.com,https://ignitevisibility.com/services/seo/,"Expert SEO Company: ROI Driven, Innovative SEO Services",False
best seo agency usa,8,askgalore.com,https://askgalore.com/lists/top-seo-companies-usa,Top SEO Companies in USA - AskGalore,False
best seo agency usa,9,quora.com,https://www.quora.com/Which-is-the-best-SEO-agency-in-USA,Which is the best SEO agency in USA?,True
best seo agency usa,10,youtube.com,https://www.youtube.com/watch?v=d5dZNucQPRQ,Don't Hire an SEO Agency (do this instead),True
best seo agency usa,11,topseobrands.com,https://www.topseobrands.com/best-seo-firms-in-usa,Top SEO Firms in United States,True
best seo agency usa,12,youtube.com,https://www.youtube.com/watch?v=b9OfPKuIhHc,How to Find an SEO Agency You Won't Regret Hiring,True
best seo agency usa,13,ignitevisibility.com,https://ignitevisibility.com/services/seo/,"Expert SEO Company: ROI Driven, Innovative SEO Services",False
best seo agency usa,14,agencies.semrush.com,https://agencies.semrush.com/list/seo/united-states/,Best SEO Companies in United States 2026,True
best seo agency usa,15,youtube.com,https://www.youtube.com/watch?v=fUz7yzKhExY,How to Find a Good Local SEO Company (or Expert),True
best seo agency usa,16,firstpagesage.com,https://firstpagesage.com/seo-blog/top-b2b-seo-agencies-us/,The Top B2B SEO Agencies in the US — 2026,False
best seo agency usa,17,designrush.com,https://www.designrush.com/agency/search-engine-optimization/us,Top SEO Agencies in US - Jul 2026,True
best seo agency usa,18,elsner.com,https://www.elsner.com/top-seo-companies-in-the-usa/,Top SEO Companies in USA (2026): Best SEO Agencies,False
best seo agency usa,19,techstepsolutions.com,https://www.techstepsolutions.com/top-10-seo-companies-usa-2026/,Top 10 SEO Companies in the USA 2026: Best Agencies,False
top seo agency usa,1,seranking.com,https://seranking.com/agencies/location/united-states/,SEO agencies in the United States,True
top seo agency usa,2,clutch.co,https://clutch.co/us/seo-firms,Top SEO Agencies in the United States - Jul 2026 Rankings,True
top seo agency usa,3,agencies.semrush.com,https://agencies.semrush.com/list/seo/united-states/,Best SEO Companies in United States 2026,True
top seo agency usa,4,seosherpa.com,https://seosherpa.com/us-en/,Best SEO Agency in USA // SEO SHERPA,False
top seo agency usa,5,coalitiontechnologies.com,https://coalitiontechnologies.com/seo-search-engine-optimization,"Top-Ranked, Global SEO Company",False
top seo agency usa,6,seoprofy.com,https://seoprofy.com/blog/top-seo-companies-in-the-usa/,Top 10 SEO Companies in the USA for 2026,False
top seo agency usa,7,firstpagesage.com,https://firstpagesage.com/seo-blog/top-b2b-seo-agencies-us/,The Top B2B SEO Agencies in the US — 2026,False
top seo agency usa,8,goodfirms.co,https://www.goodfirms.co/seo-agencies,Best SEO Companies & Agencies - 2026 Rankings,True
top seo agency usa,9,ignitevisibility.com,https://ignitevisibility.com/services/seo/,"Expert SEO Company: ROI Driven, Innovative SEO Services",False
top seo agency usa,10,thatware.co,https://thatware.co/top-10-seo-companies-in-usa/,Top 10 SEO Companies in USA - Best USA SEO Firms,False
top seo agency usa,11,digitalguider.com,https://digitalguider.com/seo-services/,Affordable SEO Services USA | SEO Marketing USA,False
top seo agency usa,12,seo.com,https://www.seo.com/companies/usa/,Explore the Best SEO Companies in the USA,False
top seo agency usa,13,outsourceaccelerator.com,https://www.outsourceaccelerator.com/guide/top-seo-companies-in-the-united-states/,Top SEO companies in the United States in 2026,True
top seo agency usa,14,designrush.com,https://www.designrush.com/agency/search-engine-optimization/us,Top SEO Agencies in US - Jul 2026,True
top seo agency usa,15,bluethings.co,https://www.bluethings.co/blog/top-seo-agencies-in-the-us,Top 25 SEO Agencies in the US for 2026 and Beyond,False
top seo agency usa,16,elsner.com,https://www.elsner.com/top-seo-companies-in-the-usa/,Top SEO Companies in USA (2026): Best SEO Agencies,False
top seo agency usa,17,rankstar.io,https://rankstar.io/seo-agency-in-the-united-states/,Best SEO Agency In The USA,False
top seo agency usa,18,trailblazermktg.com,https://trailblazermktg.com/blog/best-seo-agency-in-the-usa,42 Best SEO Agencies in the USA in 2026 to Grow Traffic & ...,False
top seo agency usa,19,youtube.com,https://www.youtube.com/watch?v=Fq97LgAJAQM,Top 12 SEO Agencies to Hire in 2026,True
best seo agency,1,coalitiontechnologies.com,https://coalitiontechnologies.com/,Coalition Technologies: SEO Company - #1 Rated in America ...,False
best seo agency,2,thriveagency.com,https://thriveagency.com/seo-agency-los-angeles/,Los Angeles SEO Company | Best SEO Services in L.A.,False
best seo agency,3,agencies.semrush.com,https://agencies.semrush.com/list/seo/united-states/,Best SEO Companies in United States 2026,True
best seo agency,4,goodfirms.co,https://www.goodfirms.co/seo-agencies,Best SEO Companies & Agencies - 2026 Rankings,True
best seo agency,5,clutch.co,https://clutch.co/seo-firms,Top SEO Companies & Services - Jul 2026 Rankings,True
best seo agency,6,coalitiontechnologies.com,https://coalitiontechnologies.com/miami-fl-seo,"Miami, FL SEO",False
best seo agency,7,expertmarket.com,https://www.expertmarket.com/seo-services/best-seo-companies,Best SEO Agencies and Companies,True
best seo agency,8,youtube.com,https://www.youtube.com/watch?v=d5dZNucQPRQ,Don't Hire an SEO Agency (do this instead),True
best seo agency,9,seoprofy.com,https://seoprofy.com/blog/top-seo-companies-in-the-usa/,Top 10 SEO Companies in the USA for 2026,False
best seo agency,10,thriveagency.com,https://thriveagency.com/digital-marketing-services/search-engine-optimization-seo/,Search Engine Optimization – SEO Company,False
best seo agency,11,youtube.com,https://www.youtube.com/watch?v=fUz7yzKhExY,How to Find a Good Local SEO Company (or Expert),True
best seo agency,12,rankstar.io,https://rankstar.io/seo-agency-in-the-united-states/,Best SEO Agency In The USA,False
best seo agency,13,youtube.com,https://www.youtube.com/watch?v=4Q7vQ9gh3c8,Best SEO Company | Top SEO Company - SEO Discovery,True
best seo agency,14,thatware.co,https://thatware.co/top-10-seo-companies-in-usa/,Top 10 SEO Companies in USA - Best USA SEO Firms,False
best seo agency,15,builtinnyc.com,https://www.builtinnyc.com/companies/type/seo-companies,"Top NYC, NY SEO Companies 2026",True
best seo agency,16,expertise.com,https://www.expertise.com/business/seo-agencies,The Best SEO Agencies,True
best seo agency,17,designrush.com,https://www.designrush.com/agency/search-engine-optimization/us,Top SEO Agencies in US - Jul 2026,True
best seo agency,18,youtube.com,https://www.youtube.com/watch?v=TfaJC_Xp7c4,How to Choose a Good SEO Company,True
best seo agency,19,builtinla.com,https://www.builtinla.com/companies/type/seo-companies,"Top Los Angeles, CA SEO Companies 2026",True
best seo company for small business,1,reddit.com,https://www.reddit.com/r/smallbusiness/comments/1gut09i/budgetfriendly_seo_company_recommendation_for/,budget-friendly SEO company recommendation for small ...,True
best seo company for small business,2,thirdmarblemarketing.com,https://www.thirdmarblemarketing.com/search-engine-optimization-richmond-va/seo-services-for-small-businesses,Local SEO Services for Small Businesses,False
best seo company for small business,3,searchbloom.com,https://www.searchbloom.com/strategy/best-seo-agency-services-for-small-businesses/,Best SEO Companies for Small Business in 2026,False
best seo company for small business,4,webfx.com,https://www.webfx.com/seo/services/smb/,Small Business SEO Services,False
best seo company for small business,5,focus-digital.co,https://focus-digital.co/the-best-seo-agencies-for-small-businesses/,The Best SEO Agencies for Small Businesses: 2026 Edition,False
best seo company for small business,6,podium.com,https://www.podium.com/article/best-seo-companies-for-small-business,The 8 Best SEO Companies For Small Businesses,True
best seo company for small business,7,succeedingsmall.co,https://succeedingsmall.co/seo/,SEO For Small Businesses | Digital Marketing Agency,False
best seo company for small business,8,tackmedia.com,https://www.tackmedia.com/affordable-seo-for-small-businesses-los-angeles/,Affordable SEO For Small Businesses in Los Angeles,False
best seo company for small business,9,quora.com,https://www.quora.com/What-are-the-best-local-SEO-companies-in-the-United-States,What are the best local SEO companies in the United States?,True
best seo company for small business,10,winstondigitalmarketing.com,https://www.winstondigitalmarketing.com/best-seo-for-small-business/,Best SEO for Small Business: How to Choose,False
best seo company for small business,11,goodfirms.co,https://www.goodfirms.co/seo-agencies,Best SEO Companies & Agencies - 2026 Rankings,True
best seo company for small business,12,investopedia.com,https://www.investopedia.com/seo-for-small-businesses-8584627,SEO for Small Businesses: Everything You Need to Know,True
best seo company for small business,13,thriveagency.com,https://thriveagency.com/nyc-seo-company/,NYC SEO Company | Rank Higher with Thrive Top ...,False
best seo company for small business,14,deftsoft.com,https://deftsoft.com/how-to-hire-best-seo-companies-for-small-business/,How to Hire Best SEO Companies for Small Business,False
best seo company for small business,15,smallbusiness-seo.com,https://smallbusiness-seo.com/?srsltid=AfmBOoojKtZu4SlEL_d2xTBWtlvAg5orYbBcYysutlUpOKyODNJjeKzG,"Small Business SEO | 10,000 Sites Built. Yours Goes Live In ...",False
best seo company for small business,16,thryv.com,https://www.thryv.com/blog/seo-services-small-business/,11 Affordable SEO Services for Small Businesses,True
best seo company for small business,17,youtube.com,https://www.youtube.com/watch?v=OwolDvDfSg8,This Is How You Sell SEO To Small Businesses,True
best seo company for small business,18,youtube.com,https://www.youtube.com/watch?v=GnbdSXnoqsQ,Boost Your Small Business: Mastering Local SEO,True
seo agency for small business,1,thirdmarblemarketing.com,https://www.thirdmarblemarketing.com/search-engine-optimization-richmond-va/seo-services-for-small-businesses,Local SEO Services for Small Businesses,False
seo agency for small business,2,reddit.com,https://www.reddit.com/r/AskMarketing/comments/1sfm9lw/any_affordable_seo_agencies_that_actually_work/,Any affordable SEO agencies that actually work for small ...,True
seo agency for small business,3,outerboxdesign.com,https://www.outerboxdesign.com/companies/rankings/best-seo-companies/small-business-seo-services/,Best Small Business SEO Services & Companies for 2026,False
seo agency for small business,4,tackmedia.com,https://www.tackmedia.com/affordable-seo-for-small-businesses-los-angeles/,Affordable SEO For Small Businesses in Los Angeles,False
seo agency for small business,5,designrush.com,https://www.designrush.com/agency/search-engine-optimization/small-business,Top Small Business SEO Companies in 2026,True
seo agency for small business,6,focus-digital.co,https://focus-digital.co/the-best-seo-agencies-for-small-businesses/,The Best SEO Agencies for Small Businesses: 2026 Edition,False
seo agency for small business,7,webfx.com,https://www.webfx.com/seo/services/smb/,Small Business SEO Services,False
seo agency for small business,8,knapsackcreative.com,https://knapsackcreative.com/blog/seo/best-seo-companies-for-small-businesses,Best SEO Companies for Small Businesses in 2026,False
seo agency for small business,9,premiermarketingus.com,https://premiermarketingus.com/blog/best-seo-companies-for-small-businesses/,Top 5 SEO Agencies for Small Businesses in Charlotte,False
seo agency for small business,10,seoprofy.com,https://seoprofy.com/blog/affordable-seo-services/,10 Affordable SEO Services for Small Businesses,False
seo agency for small business,11,premiermarketingus.com,https://premiermarketingus.com/blog/best-seo-companies-for-small-businesses/,Top 5 SEO Agencies for Small Businesses in Charlotte,False
seo agency for small business,12,reddit.com,https://www.reddit.com/r/smallbusiness/comments/1r6gs2l/small_business_seo_services_which_ones_are/,Small business SEO services — which ones are actually ...,True
seo agency for small business,13,deftsoft.com,https://deftsoft.com/how-to-hire-best-seo-companies-for-small-business/,How to Hire Best SEO Companies for Small Business,False
seo agency for small business,14,firstpagesage.com,https://firstpagesage.com/seo-blog/the-best-seo-companies-for-small-business/,The Best SEO Companies for Small Business in 2026,False
seo agency for small business,15,agencies.semrush.com,https://agencies.semrush.com/list/local-seo/georgia-state/small-business/,Best Local SEO Companies for Small Business in Georgia ...,True
seo agency for small business,16,thriveagency.com,https://thriveagency.com/denver-seo-company/,Denver SEO Company | Best SEO Marketing Services,False
seo agency for small business,17,fueler.io,https://fueler.io/blog/best-seo-agencies-for-small-businesses-in-the-usa,Best SEO Agencies for Small Businesses in the USA,False
seo agency for small business,18,thryv.com,https://www.thryv.com/blog/seo-services-small-business/,11 Affordable SEO Services for Small Businesses,True
seo agency for small business,19,visualwebz.com,https://visualwebz.com/seattle-seo-companies/,Top SEO Companies in Seattle 2026 - Visualwebz,False
