domain,layer,appearances,avg_pos,keywords,sample_title,sample_url
youtube.com,directory/aggregator,10,14.1,best seo agency|best seo agency usa|best seo company for small business|top seo agency usa,Don't Hire an SEO Agency (do this instead),https://www.youtube.com/watch?v=d5dZNucQPRQ
seoprofy.com,agency,4,7.5,best seo agency|best seo agency usa|seo agency for small business|top seo agency usa,Top 10 SEO Companies in the USA for 2026,https://seoprofy.com/blog/top-seo-companies-in-the-usa/
agencies.semrush.com,directory/aggregator,4,8.8,best seo agency|best seo agency usa|seo agency for small business|top seo agency usa,Best SEO Companies in United States 2026,https://agencies.semrush.com/list/seo/united-states/
thriveagency.com,agency,4,10.2,best seo agency|best seo company for small business|seo agency for small business,Los Angeles SEO Company | Best SEO Services in L.A.,https://thriveagency.com/seo-agency-los-angeles/
designrush.com,directory/aggregator,4,13.2,best seo agency|best seo agency usa|seo agency for small business|top seo agency usa,Top SEO Agencies in US - Jul 2026,https://www.designrush.com/agency/search-engine-optimization/us
clutch.co,directory/aggregator,3,3.0,best seo agency|best seo agency usa|top seo agency usa,Top SEO Agencies in the United States - Jul 2026 Rankings,https://clutch.co/us/seo-firms
coalitiontechnologies.com,agency,3,4.0,best seo agency|top seo agency usa,"Top-Ranked, Global SEO Company",https://coalitiontechnologies.com/seo-search-engine-optimization
reddit.com,directory/aggregator,3,5.0,best seo company for small business|seo agency for small business,budget-friendly SEO company recommendation for small ...,https://www.reddit.com/r/smallbusiness/comments/1gut09i/budgetfriendly_seo_company_recommendation_for/
goodfirms.co,directory/aggregator,3,7.7,best seo agency|best seo company for small business|top seo agency usa,Best SEO Companies & Agencies - 2026 Rankings,https://www.goodfirms.co/seo-agencies
quora.com,directory/aggregator,3,8.0,best seo agency usa|best seo company for small business,Which is the best and most affordable SEO agency in ...,https://www.quora.com/Which-is-the-best-and-most-affordable-SEO-agency-in-the-USA
ignitevisibility.com,agency,3,9.7,best seo agency usa|top seo agency usa,"Expert SEO Company: ROI Driven, Innovative SEO Services",https://ignitevisibility.com/services/seo/
rankstar.io,agency,3,11.0,best seo agency|best seo agency usa|top seo agency usa,Best SEO Agency In The USA,https://rankstar.io/seo-agency-in-the-united-states/
firstpagesage.com,agency,3,12.3,best seo agency usa|seo agency for small business|top seo agency usa,The Top B2B SEO Agencies in the US — 2026,https://firstpagesage.com/seo-blog/top-b2b-seo-agencies-us/
thirdmarblemarketing.com,agency,2,1.5,best seo company for small business|seo agency for small business,Local SEO Services for Small Businesses,https://www.thirdmarblemarketing.com/search-engine-optimization-richmond-va/seo-services-for-small-businesses
seosherpa.com,agency,2,2.5,best seo agency usa|top seo agency usa,Best SEO Agency in USA // SEO SHERPA,https://seosherpa.com/us-en/
webfx.com,agency,2,5.5,best seo company for small business|seo agency for small business,Small Business SEO Services,https://www.webfx.com/seo/services/smb/
focus-digital.co,agency,2,5.5,best seo company for small business|seo agency for small business,The Best SEO Agencies for Small Businesses: 2026 Edition,https://focus-digital.co/the-best-seo-agencies-for-small-businesses/
tackmedia.com,agency,2,6.0,best seo company for small business|seo agency for small business,Affordable SEO For Small Businesses in Los Angeles,https://www.tackmedia.com/affordable-seo-for-small-businesses-los-angeles/
premiermarketingus.com,agency,2,10.0,seo agency for small business,Top 5 SEO Agencies for Small Businesses in Charlotte,https://premiermarketingus.com/blog/best-seo-companies-for-small-businesses/
thatware.co,agency,2,12.0,best seo agency|top seo agency usa,Top 10 SEO Companies in USA - Best USA SEO Firms,https://thatware.co/top-10-seo-companies-in-usa/
deftsoft.com,agency,2,13.5,best seo company for small business|seo agency for small business,How to Hire Best SEO Companies for Small Business,https://deftsoft.com/how-to-hire-best-seo-companies-for-small-business/
elsner.com,agency,2,17.0,best seo agency usa|top seo agency usa,Top SEO Companies in USA (2026): Best SEO Agencies,https://www.elsner.com/top-seo-companies-in-the-usa/
thryv.com,publisher/tool,2,17.0,best seo company for small business|seo agency for small business,11 Affordable SEO Services for Small Businesses,https://www.thryv.com/blog/seo-services-small-business/
seranking.com,publisher/tool,1,1.0,top seo agency usa,SEO agencies in the United States,https://seranking.com/agencies/location/united-states/
ideamagix.com,agency,1,3.0,best seo agency usa,"Best SEO Consultants in America, SEO Services",https://www.ideamagix.com/best-seo-company-in-usa.html
searchbloom.com,agency,1,3.0,best seo company for small business,Best SEO Companies for Small Business in 2026,https://www.searchbloom.com/strategy/best-seo-agency-services-for-small-businesses/
outerboxdesign.com,agency,1,3.0,seo agency for small business,Best Small Business SEO Services & Companies for 2026,https://www.outerboxdesign.com/companies/rankings/best-seo-companies/small-business-seo-services/
podium.com,publisher/tool,1,6.0,best seo company for small business,The 8 Best SEO Companies For Small Businesses,https://www.podium.com/article/best-seo-companies-for-small-business
expertmarket.com,directory/aggregator,1,7.0,best seo agency,Best SEO Agencies and Companies,https://www.expertmarket.com/seo-services/best-seo-companies
succeedingsmall.co,agency,1,7.0,best seo company for small business,SEO For Small Businesses | Digital Marketing Agency,https://succeedingsmall.co/seo/
askgalore.com,agency,1,8.0,best seo agency usa,Top SEO Companies in USA - AskGalore,https://askgalore.com/lists/top-seo-companies-usa
knapsackcreative.com,agency,1,8.0,seo agency for small business,Best SEO Companies for Small Businesses in 2026,https://knapsackcreative.com/blog/seo/best-seo-companies-for-small-businesses
winstondigitalmarketing.com,agency,1,10.0,best seo company for small business,Best SEO for Small Business: How to Choose,https://www.winstondigitalmarketing.com/best-seo-for-small-business/
topseobrands.com,directory/aggregator,1,11.0,best seo agency usa,Top SEO Firms in United States,https://www.topseobrands.com/best-seo-firms-in-usa
digitalguider.com,agency,1,11.0,top seo agency usa,Affordable SEO Services USA | SEO Marketing USA,https://digitalguider.com/seo-services/
seo.com,agency,1,12.0,top seo agency usa,Explore the Best SEO Companies in the USA,https://www.seo.com/companies/usa/
investopedia.com,publisher/tool,1,12.0,best seo company for small business,SEO for Small Businesses: Everything You Need to Know,https://www.investopedia.com/seo-for-small-businesses-8584627
outsourceaccelerator.com,directory/aggregator,1,13.0,top seo agency usa,Top SEO companies in the United States in 2026,https://www.outsourceaccelerator.com/guide/top-seo-companies-in-the-united-states/
bluethings.co,agency,1,15.0,top seo agency usa,Top 25 SEO Agencies in the US for 2026 and Beyond,https://www.bluethings.co/blog/top-seo-agencies-in-the-us
builtinnyc.com,directory/aggregator,1,15.0,best seo agency,"Top NYC, NY SEO Companies 2026",https://www.builtinnyc.com/companies/type/seo-companies
smallbusiness-seo.com,agency,1,15.0,best seo company for small business,"Small Business SEO | 10,000 Sites Built. Yours Goes Live In ...",https://smallbusiness-seo.com/?srsltid=AfmBOoojKtZu4SlEL_d2xTBWtlvAg5orYbBcYysutlUpOKyODNJjeKzG
expertise.com,directory/aggregator,1,16.0,best seo agency,The Best SEO Agencies,https://www.expertise.com/business/seo-agencies
fueler.io,agency,1,17.0,seo agency for small business,Best SEO Agencies for Small Businesses in the USA,https://fueler.io/blog/best-seo-agencies-for-small-businesses-in-the-usa
trailblazermktg.com,agency,1,18.0,top seo agency usa,42 Best SEO Agencies in the USA in 2026 to Grow Traffic & ...,https://trailblazermktg.com/blog/best-seo-agency-in-the-usa
techstepsolutions.com,agency,1,19.0,best seo agency usa,Top 10 SEO Companies in the USA 2026: Best Agencies,https://www.techstepsolutions.com/top-10-seo-companies-usa-2026/
builtinla.com,directory/aggregator,1,19.0,best seo agency,"Top Los Angeles, CA SEO Companies 2026",https://www.builtinla.com/companies/type/seo-companies
visualwebz.com,agency,1,19.0,seo agency for small business,Top SEO Companies in Seattle 2026 - Visualwebz,https://visualwebz.com/seattle-seo-companies/
