keyword,seed,search_volume,cpc,competition,kd,intent
amazon,sell on amazon,151000000,0.02,LOW,100,navigational
amazon prime,sell on amazon,24900000,0.02,LOW,90,commercial
amazon prime membership,sell on amazon,4090000,0.4,LOW,58,commercial
free trial amazon prime,sell on amazon,1500000,5.26,LOW,33,transactional
amazon prime subscription,sell on amazon,1220000,0.53,LOW,44,commercial
amazon prime free trial,sell on amazon,1220000,0.86,LOW,35,commercial
amazon customer service,sell on amazon,1000000,3.4,LOW,49,informational
amazon shopping,sell on amazon,673000,0.12,LOW,90,commercial
amazon prime login,sell on amazon,673000,0.03,LOW,53,navigational
google ads,amazon marketing agency,550000,9.16,MEDIUM,100,informational
amazon fresh,sell on amazon,550000,0.82,LOW,39,transactional
amazon usa,sell on amazon,550000,0.04,LOW,61,navigational
amazon login,sell on amazon,450000,0.03,LOW,33,navigational
content marketing,amazon marketing agency,368000,13.22,LOW,74,informational
amazon orders,sell on amazon,368000,0.58,LOW,10,transactional
amazon video,sell on amazon,368000,0.06,LOW,65,informational
free 30 day trial amazon prime,sell on amazon,301000,0.02,LOW,29,commercial
amazon prime shopping,sell on amazon,246000,0.07,LOW,40,commercial
amazon black friday deals,sell on amazon,246000,0.33,LOW,34,commercial
amazon flex,sell on amazon,246000,2.08,LOW,25,navigational
amazon prime day,sell on amazon,246000,0.33,LOW,35,commercial
amazon prime video membership,sell on amazon,246000,0.48,LOW,62,commercial
amazon tracking,sell on amazon,246000,0.13,LOW,38,navigational
amazon prime subscription plan,sell on amazon,201000,0.96,LOW,45,commercial
amazon prime free shipping,sell on amazon,201000,0.62,LOW,21,commercial
amazon prime day deals,sell on amazon,201000,0.7,LOW,28,commercial
amazon prime standard membership,sell on amazon,201000,0,LOW,41,informational
amazon kdp,sell on amazon,201000,6.83,LOW,47,informational
amazon business,sell on amazon,201000,3.33,MEDIUM,32,navigational
amazon official site,sell on amazon,201000,0.02,LOW,100,navigational
amazon seller central,sell on amazon,201000,3.2,LOW,38,navigational
staples print and marketing services,amazon marketing agency,165000,1.94,LOW,21,commercial
amazon a to z,sell on amazon,165000,0,LOW,10,navigational
amazon layoffs,sell on amazon,165000,3.31,LOW,10,informational
amazon near me,sell on amazon,165000,2.72,LOW,39,navigational
my amazon orders,sell on amazon,165000,0.59,LOW,21,navigational
amazon india,sell on amazon,165000,0.03,LOW,55,navigational
amazon recalls,sell on amazon,165000,1.35,LOW,30,informational
digital marketing,amazon marketing agency,135000,22.86,LOW,66,informational
amazon uk,sell on amazon,135000,0.15,LOW,17,navigational
amazon.com login,sell on amazon,135000,0.03,LOW,40,navigational
amazon us,sell on amazon,135000,0.09,LOW,91,navigational
amazon app,sell on amazon,135000,1.45,LOW,47,navigational
amazon haul,sell on amazon,135000,0.29,LOW,21,transactional
amazon canada,sell on amazon,135000,0.1,LOW,56,navigational
amazon affiliate program,sell on amazon,110000,7.03,LOW,25,commercial
amazon my orders,sell on amazon,110000,0.35,LOW,6,navigational
amazon influencer program,sell on amazon,110000,5.64,LOW,20,informational
amazon vine login,sell on amazon,110000,0,LOW,2,navigational
affiliate marketing,amazon marketing agency,90500,10.78,LOW,61,commercial
seo services,amazon marketing agency,90500,48.94,LOW,54,commercial
marketing jobs,amazon marketing agency,90500,3.95,LOW,26,informational
social media marketing,amazon marketing agency,90500,31.08,LOW,73,informational
marketing,amazon marketing agency,90500,21.12,LOW,85,informational
amazon associates,sell on amazon,90500,7.87,LOW,21,navigational
amazon seller,sell on amazon,90500,4.58,MEDIUM,64,navigational
how much is amazon prime,sell on amazon,90500,0.42,LOW,31,informational
amazon product safety warning,sell on amazon,90500,0.74,LOW,14,informational
amazon prime membership benefits,sell on amazon,90500,0.1,LOW,31,informational
amazon luna,sell on amazon,90500,0,LOW,34,transactional
amazon customer service chat,sell on amazon,90500,3.82,LOW,39,navigational
amazon how to return,sell on amazon,90500,1.44,LOW,17,informational
amazon online shopping,sell on amazon,90500,0.33,LOW,45,navigational
amazon tracking number,sell on amazon,90500,0.28,LOW,14,navigational
zappos amazon,sell on amazon,90500,1.25,HIGH,24,transactional
social media jobs,amazon marketing agency,74000,2.2,LOW,0,informational
meta ads library,amazon marketing agency,74000,14.87,LOW,11,navigational
amazon fba,sell on amazon,74000,5.72,LOW,16,navigational
amazon cyber monday deals,sell on amazon,74000,0.43,LOW,9,commercial
amazon in,sell on amazon,74000,0.28,LOW,56,navigational
amazon account,sell on amazon,74000,0.48,LOW,28,navigational
amazon outlet,sell on amazon,74000,0.34,LOW,5,navigational
amazon flex driver,sell on amazon,74000,1.82,LOW,30,transactional
amazon prime video login,sell on amazon,74000,0.78,LOW,95,navigational
amazon prime update,sell on amazon,74000,0.33,LOW,33,informational
amazon locker,sell on amazon,74000,7.49,LOW,36,navigational
call amazon customer service,sell on amazon,74000,3.61,LOW,27,informational
amazon synchrony,sell on amazon,74000,3.93,LOW,20,navigational
amazon store card,sell on amazon,74000,5.99,LOW,19,transactional
amazon website,sell on amazon,74000,0.47,LOW,100,navigational
amazon fire stick,sell on amazon,74000,0.65,HIGH,44,transactional
amazon chat,sell on amazon,74000,4.68,LOW,39,navigational
marketing strategy,amazon marketing agency,60500,12.76,LOW,55,informational
meta ads manager,amazon marketing agency,60500,4.87,MEDIUM,74,navigational
vector marketing,amazon marketing agency,60500,2.08,LOW,24,commercial
marketing agency,amazon marketing agency,60500,18.72,LOW,75,commercial
my amazon account,sell on amazon,60500,0.19,LOW,23,navigational
amazon locker near me,sell on amazon,60500,0.37,LOW,27,navigational
amazon chase,sell on amazon,60500,4.44,LOW,19,navigational
amazon work from home jobs,sell on amazon,60500,1.2,LOW,20,informational
amazon position,sell on amazon,60500,3.02,LOW,20,navigational
amazon returns near me,sell on amazon,60500,1.16,LOW,19,navigational
amazon seller account,sell on amazon,60500,5.36,MEDIUM,52,navigational
chase amazon,sell on amazon,60500,4.31,LOW,15,navigational
prime amazon,sell on amazon,60500,0.11,LOW,90,commercial
synchrony amazon,sell on amazon,60500,3.17,LOW,21,navigational
amazon alexa,sell on amazon,60500,1.13,HIGH,69,navigational
amazon registry,sell on amazon,60500,0.21,LOW,16,navigational
amazon force,sell on amazon,60500,0.51,LOW,28,navigational
amazon storefront,sell on amazon,60500,1.65,LOW,19,navigational
amazon associates program,sell on amazon,60500,7.07,LOW,24,navigational
digital marketing agency,amazon marketing agency,49500,22.42,LOW,74,commercial
black friday ads,amazon marketing agency,49500,5.59,LOW,48,commercial
is amazon down,sell on amazon,49500,0,LOW,11,informational
amazon prime student,sell on amazon,49500,0.3,LOW,21,commercial
amazon sign in,sell on amazon,49500,0.05,LOW,14,navigational
amazon shopping online,sell on amazon,49500,0.24,LOW,55,commercial
amazon auto parts,sell on amazon,49500,0.34,MEDIUM,3,transactional
free same day shipping amazon prime,sell on amazon,49500,0,LOW,41,commercial
amazon prime free same day delivery,sell on amazon,49500,0,LOW,40,commercial
amazon my account,sell on amazon,49500,0.07,LOW,17,navigational
amazon echo,sell on amazon,49500,0.98,HIGH,38,transactional
amazon atoz,sell on amazon,49500,0.5,LOW,15,transactional
amazon marketplace,sell on amazon,49500,2.14,LOW,21,navigational
amazon chime,sell on amazon,49500,18.71,LOW,48,transactional
local service ads,amazon marketing agency,40500,5.35,LOW,48,informational
digital marketing platform for small businesses,amazon marketing agency,40500,0,LOW,42,commercial
meta ads,amazon marketing agency,40500,12.08,MEDIUM,74,commercial
when is amazon prime day,sell on amazon,40500,3.83,LOW,18,informational
contact amazon customer service,sell on amazon,40500,0,LOW,49,informational
amazon vine,sell on amazon,40500,1.72,LOW,22,navigational
contact us amazon customer service,sell on amazon,40500,0.38,LOW,29,navigational
amazon number,sell on amazon,40500,4.05,LOW,47,navigational
contact to amazon customer service,sell on amazon,40500,0,LOW,51,navigational
amazon warehouse near me,sell on amazon,40500,3.98,LOW,34,navigational
amazon recent orders,sell on amazon,40500,0.54,LOW,2,navigational
disco cowboy hats amazon,sell on amazon,40500,0,LOW,0,commercial
amazon hub,sell on amazon,40500,4.34,LOW,0,navigational
amazon whole foods,sell on amazon,40500,0.6,LOW,12,transactional
contact with amazon customer service,sell on amazon,40500,0.38,LOW,41,navigational
amazon resale,sell on amazon,40500,0.21,LOW,8,commercial
contacting amazon customer service,sell on amazon,40500,0,LOW,27,informational
amazon household,sell on amazon,40500,0.2,HIGH,9,navigational
amazon shopping app,sell on amazon,40500,1.16,LOW,36,navigational
amazon deals,sell on amazon,40500,0.31,LOW,55,commercial
amazon product recalls,sell on amazon,40500,0,LOW,26,informational
amazon gaming,sell on amazon,40500,1.55,LOW,33,navigational
amazon customer service calls,sell on amazon,40500,0.38,LOW,41,informational
amazon prime visa,sell on amazon,40500,6.17,LOW,19,commercial
amazon employees and others were arrested for stealing $2 million,sell on amazon,40500,0,LOW,0,transactional
amazon down,sell on amazon,40500,0,LOW,11,informational
amazon return policy,sell on amazon,40500,2.92,LOW,38,informational
amazon affiliate,sell on amazon,40500,7.2,LOW,24,commercial
amazon go,sell on amazon,40500,0.83,LOW,22,navigational
modeling agencies,amazon marketing agency,33100,3.59,LOW,61,commercial
tag agency,amazon marketing agency,33100,1.04,LOW,9,navigational
amazon.in customer support,sell on amazon,33100,3.63,LOW,24,navigational
amazon online,sell on amazon,33100,0.22,LOW,91,navigational
amazon career customer service,sell on amazon,33100,0,LOW,24,navigational
how to contact amazon customer service,sell on amazon,33100,4.01,LOW,51,informational
how to cancel amazon prime,sell on amazon,33100,1.73,LOW,40,informational
amazon echo dot,sell on amazon,33100,0.89,HIGH,25,navigational
amazon subscriptions,sell on amazon,33100,1.51,LOW,46,commercial
support the amazon,sell on amazon,33100,5.18,LOW,51,navigational
amazon prime membership plans,sell on amazon,33100,0,LOW,42,commercial
amazon sale,sell on amazon,33100,0.57,LOW,16,commercial
who owns amazon,sell on amazon,33100,0,LOW,57,informational
amazon official website,sell on amazon,33100,0.04,LOW,100,navigational
amazon prime membership free trial,sell on amazon,33100,0.92,LOW,38,transactional
amazon wishlist,sell on amazon,33100,0.92,LOW,17,navigational
amazon registries search,sell on amazon,33100,0.25,LOW,,navigational
amazon price tracker,sell on amazon,33100,3.28,LOW,26,commercial
amazon prime gaming,sell on amazon,33100,2.61,LOW,18,commercial
amazon layoffs employees,sell on amazon,33100,0,LOW,41,informational
customer service job amazon,sell on amazon,33100,0,LOW,35,informational
amazon mechanical turk,sell on amazon,33100,6.1,LOW,29,navigational
relay amazon,sell on amazon,33100,0.71,LOW,16,navigational
amazon careers customer service,sell on amazon,33100,0,LOW,36,navigational
amazon registry search,sell on amazon,33100,0.25,LOW,7,navigational
amazon reinvent,sell on amazon,33100,1.15,LOW,32,informational
amazon customer service work,sell on amazon,33100,0,LOW,16,informational
amazon prime usa,sell on amazon,33100,0.2,LOW,98,navigational
amazon drop off near me,sell on amazon,33100,0.16,LOW,38,transactional
amazon ebikes,sell on amazon,33100,0.53,HIGH,6,transactional
seo agency,amazon marketing agency,27100,55.72,LOW,31,commercial
whole foods amazon return hours,sell on amazon,27100,0,LOW,13,informational
amazon de,sell on amazon,27100,0.08,LOW,46,navigational
amazon hub locker,sell on amazon,27100,5.19,LOW,36,navigational
customer service amazon,sell on amazon,27100,3.08,LOW,49,navigational
amazon prime cost,sell on amazon,27100,0.45,LOW,38,informational
amazon parent dashboard,sell on amazon,27100,0,LOW,18,navigational
amazon flex app,sell on amazon,27100,1.34,LOW,41,navigational
amazon cart,sell on amazon,27100,0.33,LOW,0,transactional
amazon prime membership deals,sell on amazon,27100,1.09,LOW,47,commercial
my amazon,sell on amazon,27100,0.21,LOW,13,navigational
amazon clothes for women,sell on amazon,27100,0.79,HIGH,3,transactional
amazon slack,sell on amazon,27100,0.53,LOW,36,navigational
amazon support no,sell on amazon,27100,0,LOW,42,informational
amazon.com usa,sell on amazon,27100,0.13,LOW,43,navigational
amazon prime monthly subscription,sell on amazon,27100,0.53,LOW,47,transactional
amazon music login,sell on amazon,27100,1.38,LOW,81,navigational
amazon prime student discount,sell on amazon,27100,0.42,LOW,5,commercial
amazon labor day sale,sell on amazon,27100,0.66,LOW,8,commercial
amazon prime refund settlement,sell on amazon,27100,0.02,LOW,28,informational
amazon grocery,sell on amazon,27100,0.58,MEDIUM,26,navigational
amazon a to z login,sell on amazon,27100,8.14,LOW,10,navigational
amazon business account,sell on amazon,27100,4.78,MEDIUM,33,navigational
amazon my account prime,sell on amazon,27100,0.15,LOW,41,navigational
amazon redeem,sell on amazon,27100,0.26,LOW,21,commercial
amazon dresses,sell on amazon,27100,0.38,HIGH,3,transactional
amazon sonic sea112,sell on amazon,27100,0.42,LOW,0,transactional
seo marketing digital,amazon marketing agency,22200,16.11,LOW,65,commercial
google ads manager,amazon marketing agency,22200,8.25,MEDIUM,65,commercial
web stories ads,amazon marketing agency,22200,0,LOW,33,commercial
advertising agency,amazon marketing agency,22200,21.05,LOW,86,commercial
amazon freevee,sell on amazon,22200,1.28,LOW,28,transactional
my orders amazon,sell on amazon,22200,0.4,LOW,15,navigational
amazon prime settlement issues,sell on amazon,22200,0.01,LOW,30,informational
amazon prime music,sell on amazon,22200,1.14,LOW,81,commercial
amazon order tracking,sell on amazon,22200,0.35,LOW,31,navigational
amazon issues attack warning,sell on amazon,22200,0,LOW,13,informational
amex amazon offer,sell on amazon,22200,0,LOW,11,commercial
amazon deals today,sell on amazon,22200,0.29,LOW,27,commercial
amazon prime sign in,sell on amazon,22200,0.09,LOW,54,navigational
kohl's amazon returns,sell on amazon,22200,1.44,LOW,17,informational
aliexpress usa,sell on amazon,22200,0.88,HIGH,47,navigational
amazon prime benefits,sell on amazon,22200,0.38,LOW,27,informational
amazon jfk27 hank,sell on amazon,22200,0.41,LOW,0,navigational
how to sell on amazon,sell on amazon,22200,5.59,MEDIUM,27,informational
amazon.com my account,sell on amazon,22200,0.31,LOW,22,navigational
how to hide amazon order,sell on amazon,22200,3.81,LOW,0,informational
seller central amazon,sell on amazon,22200,4.09,LOW,37,navigational
amazon usa en español,sell on amazon,22200,0.19,LOW,30,navigational
contacting amazon,sell on amazon,22200,5.92,LOW,51,informational
smile amazon,sell on amazon,22200,0.14,LOW,16,transactional
amazon prime customer service,sell on amazon,22200,4.28,LOW,32,informational
amazon aws,sell on amazon,22200,2.24,LOW,76,navigational
sell on amazon how to,how to sell on amazon,22200,5.59,MEDIUM,27,informational
how to sell on amazon seller,how to sell on amazon,22200,5.59,MEDIUM,27,informational
how to i sell on amazon,how to sell on amazon,22200,6.56,MEDIUM,55,informational
affiliate marketing program,amazon marketing agency,18100,7.64,LOW,65,commercial
marketing definition,amazon marketing agency,18100,21.09,LOW,53,informational
what is digital marketing,amazon marketing agency,18100,10.27,LOW,57,informational
pinterest affiliate marketing,amazon marketing agency,18100,4.48,LOW,18,commercial
internet marketing services,amazon marketing agency,18100,17.92,LOW,66,commercial
what is marketing,amazon marketing agency,18100,6.72,LOW,38,informational
marketing consultant,amazon marketing agency,18100,15.86,LOW,5,commercial
longs weekly ads,amazon marketing agency,18100,0,LOW,0,informational
digital marketing jobs,amazon marketing agency,18100,10.52,LOW,30,informational
marketing mix,amazon marketing agency,14800,19.37,LOW,19,informational
remote marketing jobs,amazon marketing agency,14800,2.57,LOW,0,informational
guerilla marketing,amazon marketing agency,14800,9.16,LOW,30,commercial
marketing internships,amazon marketing agency,14800,5.66,LOW,0,informational
digital marketing services,amazon marketing agency,14800,21.6,LOW,48,commercial
instagram marketing services,amazon marketing agency,14800,6.59,LOW,24,commercial
4 ps of marketing,amazon marketing agency,12100,1.29,LOW,24,informational
social media marketing services,amazon marketing agency,12100,19.11,LOW,20,commercial
online marketing platforms,amazon marketing agency,12100,81.43,LOW,30,commercial
marketing funnel,amazon marketing agency,12100,18.86,LOW,38,commercial
seo marketing,amazon marketing agency,12100,39.82,LOW,75,commercial
digital marketing course,amazon marketing agency,12100,16.55,MEDIUM,42,commercial
marketing manager,amazon marketing agency,12100,9.25,LOW,27,informational
social media marketing agency,amazon marketing agency,12100,26.04,LOW,43,commercial
social media ads,amazon marketing agency,9900,52.1,LOW,61,commercial
online marketing platform for small businesses,amazon marketing agency,9900,0,LOW,11,commercial
brand ambassador jobs,amazon marketing agency,9900,2,LOW,0,navigational
email marketing platforms for small business,amazon marketing agency,9900,68.03,LOW,46,commercial
branding agency,amazon marketing agency,9900,23.25,LOW,66,commercial
entry level marketing jobs,amazon marketing agency,9900,3.3,LOW,0,informational
linkedin ads,amazon marketing agency,9900,12.27,MEDIUM,40,commercial
local seo services,amazon marketing agency,9900,43.07,LOW,17,commercial
plannet marketing,amazon marketing agency,9900,15.28,LOW,14,commercial
marketing assistant jobs,amazon marketing agency,8100,2.17,LOW,0,informational
snapchat ads,amazon marketing agency,8100,36.62,MEDIUM,36,commercial
marketing plan,amazon marketing agency,8100,14.43,LOW,47,informational
influencer marketing agency,amazon marketing agency,8100,20.49,LOW,54,commercial
creative agency,amazon marketing agency,8100,7.69,LOW,45,commercial
influencer marketing platform,amazon marketing agency,8100,41.03,LOW,53,commercial
what are the 4 ps of marketing,amazon marketing agency,8100,4.9,LOW,24,informational
what is affiliate marketing,amazon marketing agency,8100,4.59,LOW,59,informational
instagram influencer marketing,amazon marketing agency,8100,7.41,LOW,11,commercial
digital marketing company,amazon marketing agency,8100,28.45,LOW,62,commercial
content creation agency,amazon marketing agency,8100,19.2,LOW,0,commercial
google ads certification,amazon marketing agency,8100,7.75,MEDIUM,19,informational
advertising jobs,amazon marketing agency,6600,28.64,LOW,24,informational
google local ads,amazon marketing agency,6600,8.45,MEDIUM,22,commercial
social media agency,amazon marketing agency,6600,18.23,MEDIUM,31,commercial
marketing digital,amazon marketing agency,6600,21.35,MEDIUM,75,commercial
digital marketing platforms,amazon marketing agency,6600,19.58,LOW,18,commercial
marketing degree,amazon marketing agency,6600,39.17,MEDIUM,22,informational
best seo agency,amazon marketing agency,6600,63.24,LOW,36,commercial
affiliate marketing platform,amazon marketing agency,6600,28.66,LOW,30,commercial
social media marketing tools,amazon marketing agency,6600,27.69,LOW,20,commercial
small business seo services,amazon marketing agency,6600,80.96,LOW,12,commercial
marketing company,amazon marketing agency,6600,31.13,MEDIUM,80,commercial
influencer marketing,amazon marketing agency,6600,21.46,LOW,69,informational
content marketing services,amazon marketing agency,6600,9.92,LOW,20,commercial
how to sell stuff on amazon,how to sell on amazon,6600,7.71,MEDIUM,36,informational
how to sell books on amazon,how to sell on amazon,6600,4.75,MEDIUM,1,informational
how to sell a book on amazon,how to sell on amazon,6600,4.99,LOW,13,informational
how to sell something on amazon,how to sell on amazon,6600,7.71,MEDIUM,22,informational
how to sell the books on amazon,how to sell on amazon,6600,4.99,LOW,1,informational
how to sell things on amazon,how to sell on amazon,6600,7.71,MEDIUM,36,informational
pathos ads,amazon marketing agency,5400,0,LOW,0,commercial
google ads transparency,amazon marketing agency,5400,33.84,LOW,46,informational
social media marketing strategy,amazon marketing agency,5400,9.59,LOW,48,commercial
google business ads,amazon marketing agency,5400,43.73,LOW,85,commercial
pr agency,amazon marketing agency,5400,22.38,LOW,41,commercial
content creator jobs,amazon marketing agency,5400,4.79,LOW,0,commercial
google digital marketing & e-commerce certificate,amazon marketing agency,5400,16.25,LOW,15,commercial
google ads library,amazon marketing agency,5400,16.34,LOW,30,informational
b2b marketing,amazon marketing agency,5400,27.52,LOW,50,commercial
marketing director,amazon marketing agency,5400,9.5,LOW,3,informational
personalized ads,amazon marketing agency,5400,3.88,LOW,44,commercial
online marketing,amazon marketing agency,5400,31.95,LOW,61,informational
ai marketing,amazon marketing agency,5400,40.81,MEDIUM,29,commercial
digital marketing strategies,amazon marketing agency,5400,14.17,LOW,59,informational
content marketing lead,amazon marketing agency,5400,19.59,LOW,0,commercial
social media marketing jobs,amazon marketing agency,5400,2.75,LOW,0,informational
pinterest ads,amazon marketing agency,5400,8.81,MEDIUM,35,commercial
ppc agency,amazon marketing agency,5400,75.59,LOW,28,navigational
masters in marketing,amazon marketing agency,5400,36.87,MEDIUM,28,informational
marketing manager jobs,amazon marketing agency,5400,1.24,LOW,0,informational
lead generation content marketing,amazon marketing agency,5400,19.59,LOW,13,commercial
experiential marketing,amazon marketing agency,5400,10.89,LOW,22,informational
b2b marketing agency,amazon marketing agency,5400,63.29,LOW,18,commercial
online marketing company,amazon marketing agency,5400,63.26,LOW,70,commercial
creative director jobs,amazon marketing agency,5400,1.51,LOW,0,informational
seo marketing services,amazon marketing agency,5400,12.95,LOW,53,commercial
onlyfans agency,amazon marketing agency,5400,6.06,MEDIUM,9,commercial
online marketing companies,amazon marketing agency,5400,63.26,LOW,55,commercial
marketing coordinator,amazon marketing agency,5400,8.98,LOW,3,informational
how to sell items on amazon,how to sell on amazon,5400,7.51,MEDIUM,33,informational
seo marketing agency,amazon marketing agency,4400,78.99,LOW,32,commercial
super bowl ads pepsi,amazon marketing agency,4400,0,LOW,6,commercial
american marketing and publishing,amazon marketing agency,4400,6.53,LOW,10,informational
advertising agencies,amazon marketing agency,4400,17.33,MEDIUM,29,commercial
marketing salary,amazon marketing agency,4400,16.39,LOW,20,informational
seo agency austin,amazon marketing agency,4400,24.85,LOW,12,commercial
4ps of marketing,amazon marketing agency,4400,0.5,LOW,33,informational
facebook business ads,amazon marketing agency,4400,22.8,LOW,93,commercial
marketing automation,amazon marketing agency,4400,68.46,LOW,64,commercial
content marketing strategy,amazon marketing agency,4400,10.89,LOW,39,commercial
redbull ads,amazon marketing agency,4400,0,LOW,17,commercial
marketing firms,amazon marketing agency,4400,31.53,MEDIUM,24,commercial
performance marketing,amazon marketing agency,4400,21.54,LOW,21,informational
marketing management,amazon marketing agency,4400,19.71,LOW,8,informational
market research marketing,amazon marketing agency,4400,10.05,LOW,34,informational
ads in the 1950's,amazon marketing agency,4400,0,LOW,0,informational
digital marketing specialist jobs,amazon marketing agency,4400,6.43,LOW,1,commercial
pepsi ads super bowl,amazon marketing agency,4400,0,LOW,3,commercial
pepsi super bowl ads,amazon marketing agency,4400,0,LOW,0,informational
google ads editor,amazon marketing agency,4400,7.7,LOW,18,commercial
small business social media marketing,amazon marketing agency,4400,25.29,LOW,16,informational
austin seo agency,amazon marketing agency,4400,24.85,LOW,4,commercial
ai marketing tools,amazon marketing agency,4400,49.69,LOW,19,commercial
uz marketing,amazon marketing agency,4400,3.01,MEDIUM,0,informational
high ticket affiliate marketing,amazon marketing agency,4400,5.39,MEDIUM,9,commercial
alcohol ads,amazon marketing agency,4400,0.43,LOW,3,informational
etsy ads,amazon marketing agency,4400,43.35,LOW,18,commercial
marketing jobs nyc,amazon marketing agency,4400,1.85,LOW,0,commercial
internet marketing agency,amazon marketing agency,4400,49.95,LOW,64,commercial
four ps of marketing,amazon marketing agency,4400,4.05,LOW,24,informational
what is seo marketing,amazon marketing agency,4400,6.79,LOW,47,informational
instagram marketing strategy,amazon marketing agency,4400,24.96,LOW,14,commercial
marketing major,amazon marketing agency,4400,16.66,LOW,14,informational
top digital marketing agencies,amazon marketing agency,4400,19.14,LOW,25,commercial
social media marketing small business,amazon marketing agency,4400,25.29,LOW,24,commercial
what is vector marketing,amazon marketing agency,4400,1.7,LOW,19,informational
sms marketing platforms,amazon marketing agency,4400,83.57,LOW,26,commercial
affiliate marketing blog,amazon marketing agency,4400,4.96,LOW,1,commercial
digital agency,amazon marketing agency,4400,14.6,LOW,90,commercial
marketing vs advertising,amazon marketing agency,4400,22.73,LOW,13,informational
podcast ads,amazon marketing agency,4400,101.76,LOW,8,commercial
lead generation agency,amazon marketing agency,3600,33.7,LOW,24,commercial
flipp weekly ads,amazon marketing agency,3600,3,LOW,26,commercial
local seo agency,amazon marketing agency,3600,16.36,LOW,21,commercial
etr ads,amazon marketing agency,3600,0,LOW,0,informational
content marketing agencies,amazon marketing agency,3600,17.3,LOW,13,commercial
popular ads,amazon marketing agency,3600,0,LOW,17,informational
product ads,amazon marketing agency,3600,27.01,LOW,16,informational
integrated marketing communications,amazon marketing agency,3600,13.18,LOW,20,informational
sms marketing,amazon marketing agency,3600,75.22,MEDIUM,44,commercial
fashion marketing,amazon marketing agency,3600,13.87,LOW,6,commercial
seo consulting service,amazon marketing agency,3600,53.57,LOW,17,commercial
inbound marketing,amazon marketing agency,3600,16.37,LOW,47,commercial
lyfe marketing,amazon marketing agency,3600,8.81,MEDIUM,14,commercial
marketing specialist,amazon marketing agency,3600,54.46,LOW,0,commercial
7 casting agency,amazon marketing agency,3600,0,LOW,5,navigational
direct marketing,amazon marketing agency,3600,20.95,LOW,18,commercial
the 4 ps of marketing,amazon marketing agency,3600,5.44,LOW,19,informational
email marketing agency,amazon marketing agency,3600,29.66,LOW,31,commercial
marketing careers,amazon marketing agency,3600,6.36,LOW,25,informational
direct mail marketing,amazon marketing agency,3600,34.61,MEDIUM,39,commercial
full-service marketing agency,amazon marketing agency,3600,23.77,LOW,0,commercial
internet marketing company,amazon marketing agency,3600,60.62,LOW,41,commercial
advertising services,amazon marketing agency,3600,42.1,LOW,39,commercial
digital marketing jobs remote,amazon marketing agency,3600,4.05,LOW,15,informational
red cap tag agency,amazon marketing agency,3600,4.25,LOW,0,navigational
digital marketing specialist,amazon marketing agency,3600,14.31,LOW,15,commercial
buy native ads traffic,amazon marketing agency,3600,0,LOW,19,transactional
internet marketing,amazon marketing agency,3600,10.65,LOW,25,commercial
brand marketing,amazon marketing agency,3600,16.09,LOW,10,informational
marketing concept,amazon marketing agency,3600,4.92,LOW,11,informational
sunbelt marketing,amazon marketing agency,3600,0,LOW,3,commercial
marketing internships summer 2026,amazon marketing agency,3600,3.28,LOW,0,commercial
marketing jobs chicago,amazon marketing agency,3600,1.02,LOW,0,commercial
chief marketing officer,amazon marketing agency,3600,69.38,LOW,13,informational
marketing synonym,amazon marketing agency,3600,0.08,LOW,0,informational
ai in marketing,amazon marketing agency,3600,31.54,MEDIUM,38,commercial
vaping ads,amazon marketing agency,3600,3.91,LOW,6,informational
google ads cost,amazon marketing agency,3600,30.65,LOW,33,commercial
power digital marketing,amazon marketing agency,3600,8.44,LOW,20,commercial
targeted ads,amazon marketing agency,3600,29.74,LOW,35,commercial
rich communication services,amazon marketing agency,3600,9.89,LOW,37,commercial
chickasha tag agency,amazon marketing agency,3600,0,LOW,0,navigational
marketing campaign,amazon marketing agency,3600,53.89,LOW,48,commercial
ads placeholder,amazon marketing agency,3600,0,LOW,0,informational
social media marketing course,amazon marketing agency,3600,15.16,MEDIUM,25,informational
yelp ads,amazon marketing agency,2900,19.26,LOW,14,informational
how to sell second hand books on amazon,how to sell on amazon,2900,3.98,LOW,0,informational
how to sell second-hand books on amazon,how to sell on amazon,2900,3.98,LOW,0,informational
how to sell a used book on amazon,how to sell on amazon,2900,3.98,LOW,9,informational
how to sell products on amazon,how to sell on amazon,2400,9.45,MEDIUM,43,informational
how to sell product on amazon,how to sell on amazon,2400,9.25,MEDIUM,54,informational
how to sell used books on amazon,how to sell on amazon,2400,3.2,LOW,0,informational
how to sell amazon products on amazon,how to sell on amazon,2400,9.45,MEDIUM,36,informational
how to sell goods on amazon,how to sell on amazon,2400,9.45,MEDIUM,28,informational
how to sell good on amazon,how to sell on amazon,2400,9.25,MEDIUM,29,informational
how to sell used textbooks on amazon,how to sell on amazon,2400,3.2,LOW,0,informational
how to start to sell on amazon,how to sell on amazon,1900,6.4,MEDIUM,24,informational
how to start sell on amazon,how to sell on amazon,1900,6.4,MEDIUM,48,informational
amazon consultant,amazon consultant,1600,49.25,MEDIUM,0,navigational
consultant for amazon,amazon consultant,1600,73.85,MEDIUM,0,navigational
consultant amazon,amazon consultant,1600,49.25,MEDIUM,0,navigational
how to sell on amazon without inventory,how to sell on amazon,1600,5.79,MEDIUM,8,informational
how to sell for free on amazon,how to sell on amazon,1300,8.06,MEDIUM,22,informational
how to sell free on amazon,how to sell on amazon,1300,8.06,MEDIUM,24,informational
how to sell on amazon free,how to sell on amazon,1300,8.06,MEDIUM,22,informational
how to sell on amazon for free,how to sell on amazon,1300,8.06,MEDIUM,22,informational
amazon agency,amazon agency,1000,57.62,MEDIUM,17,navigational
agency for amazon,amazon agency,1000,56.01,MEDIUM,17,navigational
agency amazon,amazon agency,1000,56.01,MEDIUM,41,navigational
how to sell on amazon for beginners,how to sell on amazon,1000,4.99,MEDIUM,32,informational
how to sell on amazon for dummies,how to sell on amazon,1000,4.99,MEDIUM,32,informational
amazon ads agency,amazon agency,880,89.15,LOW,33,commercial
ad agency for amazon,amazon agency,880,89.15,LOW,42,commercial
amazon ad agency,amazon agency,880,89.15,LOW,22,commercial
amazon advertising agency,amazon agency,880,141.38,LOW,16,commercial
advertising agency for amazon,amazon agency,880,89.15,LOW,37,commercial
how much does it cost to sell on amazon,how to sell on amazon,880,4.7,MEDIUM,17,informational
how to sell used books on amazon for free,how to sell on amazon,720,4.18,LOW,1,informational
how to sell ebooks on amazon,how to sell on amazon,720,8.2,MEDIUM,17,informational
how to sell textbooks on amazon,how to sell on amazon,720,6.14,LOW,23,informational
how to sell an ebook on amazon,how to sell on amazon,720,8.2,MEDIUM,17,informational
how to sell a textbook on amazon,how to sell on amazon,720,3.49,LOW,23,informational
how to sell on amazon ebook,how to sell on amazon,720,8.2,MEDIUM,17,informational
how to sell old textbooks on amazon,how to sell on amazon,720,3.49,LOW,0,informational
how to sell ebook on amazon,how to sell on amazon,720,8.2,MEDIUM,17,informational
how to sell a ebook on amazon,how to sell on amazon,720,8.2,MEDIUM,17,informational
amazon marketing agency,amazon agency,590,76.38,LOW,11,commercial
how to sell and make money on amazon,how to sell on amazon,590,5.49,MEDIUM,31,informational
how to sell your novel on amazon,how to sell on amazon,590,7.68,MEDIUM,30,informational
how to sell on amazon and make money,how to sell on amazon,590,5.49,MEDIUM,41,informational
how to sell your book on amazon,how to sell on amazon,590,7.68,MEDIUM,26,informational
amazon ppc management,amazon ppc management,480,54.73,LOW,0,navigational
amazon seo consultant,amazon consultant,480,0,LOW,0,commercial
how to sell my book on amazon,how to sell on amazon,480,10.52,MEDIUM,32,informational
how to sell used items on amazon,how to sell on amazon,480,6.62,LOW,7,informational
how to sell on amazon used items,how to sell on amazon,480,6.62,LOW,15,informational
how to sell my product on amazon,how to sell on amazon,480,10.25,MEDIUM,48,informational
how to sell second hand items on amazon,how to sell on amazon,480,6.62,LOW,7,informational
how to sell used goods on amazon,how to sell on amazon,480,6.62,LOW,13,informational
how to sell a used item on amazon,how to sell on amazon,480,6.62,LOW,7,informational
how to sell my products on amazon,how to sell on amazon,480,10.25,MEDIUM,22,informational
amazon ppc agency,amazon agency,390,90.38,MEDIUM,16,navigational
amazon ppc management service,amazon ppc management,390,0,LOW,0,navigational
amazon ppc management services,amazon ppc management,390,77.91,LOW,0,navigational
amazon prime account management,amazon account management,390,2.01,LOW,21,navigational
how to sell used stuff on amazon,how to sell on amazon,390,5.94,LOW,7,informational
staffing agency amazon,amazon agency,320,1.11,LOW,5,navigational
staffing agency for amazon,amazon agency,320,2.64,LOW,6,navigational
full service amazon agency,amazon agency,320,87.14,LOW,5,navigational
temp agency for amazon,amazon agency,320,2.64,LOW,42,navigational
amazon temp agency,amazon agency,320,2.64,LOW,42,navigational
temp agency amazon,amazon agency,320,2.64,LOW,42,navigational
full-service amazon agency,amazon agency,320,87.14,LOW,5,navigational
amazon staffing agency,amazon agency,320,1.11,LOW,42,navigational
account management amazon,amazon account management,320,18.62,LOW,20,navigational
amazon account management,amazon account management,320,22.08,LOW,20,navigational
amazon listing optimization,amazon listing optimization,320,20.43,LOW,15,informational
listing optimization on amazon,amazon listing optimization,320,20.43,LOW,15,informational
listing optimization amazon,amazon listing optimization,320,20.43,LOW,15,commercial
how to find products that sell on amazon,how to sell on amazon,320,6.3,MEDIUM,24,informational
how to sell handmade crafts on amazon,how to sell on amazon,320,3.11,MEDIUM,3,informational
how much is it to sell on amazon,how to sell on amazon,320,5.39,MEDIUM,9,informational
how to sell tee shirts on amazon,how to sell on amazon,320,7.06,MEDIUM,19,informational
how much to sell on amazon,how to sell on amazon,320,5.39,MEDIUM,36,informational
how do i find products to sell on amazon,how to sell on amazon,320,6.3,MEDIUM,23,informational
how to sell t shirt on amazon,how to sell on amazon,320,5.46,MEDIUM,21,informational
how to sell shirts on amazon,how to sell on amazon,320,7.06,MEDIUM,19,informational
how to sell a item on amazon,how to sell on amazon,320,6.68,MEDIUM,33,informational
how to sell handmade on amazon,how to sell on amazon,320,3.11,MEDIUM,2,informational
how to sell shirt on amazon,how to sell on amazon,320,5.46,MEDIUM,19,informational
how to get product to sell on amazon,how to sell on amazon,320,6.04,MEDIUM,10,informational
how to sell on handmade amazon,how to sell on amazon,320,3.11,MEDIUM,2,informational
how to sell on amazon handmade,how to sell on amazon,320,3.11,MEDIUM,2,informational
how do you find products to sell on amazon,how to sell on amazon,320,6.04,MEDIUM,27,informational
how to find product to sell on amazon,how to sell on amazon,320,6.04,MEDIUM,24,informational
how to find a product to sell on amazon,how to sell on amazon,320,6.04,MEDIUM,24,informational
how to sell coloring books on amazon,how to sell on amazon,320,5.56,MEDIUM,2,informational
how to find products to sell on amazon,how to sell on amazon,320,6.04,MEDIUM,24,informational
how much is to sell on amazon,how to sell on amazon,320,5.39,MEDIUM,37,informational
how to sell crafts on amazon,how to sell on amazon,320,3.11,MEDIUM,2,informational
how to sell t-shirts on amazon,how to sell on amazon,320,7.06,MEDIUM,16,informational
how to sell t shirts on amazon,how to sell on amazon,320,5.46,MEDIUM,20,informational
how to sell your products on amazon,how to sell on amazon,320,9.79,MEDIUM,39,informational
how to get products to sell on amazon,how to sell on amazon,320,6.04,MEDIUM,26,informational
how to sell colouring books on amazon,how to sell on amazon,320,5.56,MEDIUM,5,informational
how to sell an item on amazon,how to sell on amazon,320,6.68,MEDIUM,54,informational
how to sell digital product on amazon,how to sell on amazon,320,6.41,MEDIUM,2,informational
how to sell your product on amazon,how to sell on amazon,320,9.79,MEDIUM,42,informational
amazon ppc management software,amazon ppc management,260,35.83,LOW,11,commercial
amazon account management services,amazon account management,260,38.37,LOW,0,navigational
amazon account management service,amazon account management,260,38.37,LOW,0,navigational
how to sell books back on amazon,how to sell on amazon,260,3.32,MEDIUM,13,informational
how to sell back books on amazon,how to sell on amazon,260,3.32,MEDIUM,2,informational
how to sell any product on amazon,how to sell on amazon,260,11.57,MEDIUM,26,informational
how to sell book on amazon,how to sell on amazon,260,5.99,MEDIUM,35,informational
how to sell textbooks back on amazon,how to sell on amazon,260,3.32,MEDIUM,17,informational
how to sell back textbooks on amazon,how to sell on amazon,260,3.32,MEDIUM,16,informational
how to sell digital products on amazon,how to sell on amazon,260,7.22,MEDIUM,2,informational
how to sell a product on amazon,how to sell on amazon,260,11.57,MEDIUM,49,informational
how to sell coloring book on amazon,how to sell on amazon,260,6.12,MEDIUM,0,informational
how to sell on amazon marketplace,how to sell on amazon,260,10.93,MEDIUM,49,informational
how to sell back a book on amazon,how to sell on amazon,260,3.32,MEDIUM,13,informational
amazon seo agency,amazon agency,210,77.02,LOW,9,commercial
amazon consultant services,amazon consultant,210,105.17,LOW,0,navigational
amazon seller consultant,amazon consultant,210,82.04,LOW,0,commercial
amazon sales consultant,amazon consultant,210,51.61,LOW,36,informational
how much are the fees to sell on amazon,how to sell on amazon,210,5.21,LOW,10,informational
amazon consultant agency,amazon agency,170,23.09,LOW,14,navigational
amazon consulting agency,amazon agency,170,23.09,LOW,0,navigational
pirawna amazon marketing agency,amazon agency,170,56.34,LOW,0,commercial
amazon full service agency,amazon agency,170,91.84,LOW,6,navigational
amazon full-service agency,amazon agency,170,140.69,LOW,15,navigational
amazon fba consultant,amazon consultant,170,49.68,LOW,3,navigational
amazon aws consultant,amazon consultant,170,0,LOW,14,navigational
amazon web services consultant,amazon consultant,170,0,LOW,15,navigational
amazon listing optimization service,amazon listing optimization,170,58.04,LOW,0,commercial
amazon listing optimization services,amazon listing optimization,170,58.04,LOW,0,commercial
how-to-sell-on-amazon-fba,how to sell on amazon,170,6.76,LOW,36,informational
how to sell my books on amazon,how to sell on amazon,170,4.19,MEDIUM,25,informational
how much does it cost to sell items on amazon,how to sell on amazon,170,4.48,LOW,9,informational
how much is the fee to sell on amazon,how to sell on amazon,170,4.86,LOW,12,informational
how much does it cost to sell something on amazon,how to sell on amazon,170,4.48,LOW,16,informational
how much does it cost to sell stuff on amazon,how to sell on amazon,170,4.54,LOW,12,informational
how to sell fba on amazon,how to sell on amazon,170,6.76,LOW,36,informational
how to buy and sell on amazon,how to sell on amazon,170,6.79,MEDIUM,31,informational
how to sell on amazon fba,how to sell on amazon,170,6.76,LOW,36,informational
how to sell on fba amazon,how to sell on amazon,170,6.76,LOW,36,informational
how to make a coloring book to sell on amazon,how to sell on amazon,170,9.21,LOW,0,informational
how to sell your books on amazon,how to sell on amazon,170,4.19,MEDIUM,6,informational
how much does it cost to sell things on amazon,how to sell on amazon,170,4.48,LOW,8,informational
how to sell and buy on amazon,how to sell on amazon,170,6.79,MEDIUM,31,informational
amazon seller agency,amazon agency,140,107.36,LOW,21,navigational
amazon ppc management agency,amazon agency,140,11.41,LOW,1,navigational
how to sell my stuff on amazon,how to sell on amazon,140,6.92,MEDIUM,36,informational
how to sell on amazon from home,how to sell on amazon,140,7.89,MEDIUM,48,informational
how to sell my used books on amazon,how to sell on amazon,140,5.01,MEDIUM,3,informational
how to sell books on amazon used,how to sell on amazon,140,3.45,MEDIUM,9,informational
how to sell my items on amazon,how to sell on amazon,140,6.92,MEDIUM,36,informational
amazon account management agency,amazon agency,110,54.46,MEDIUM,0,navigational
amazon seller account management services,amazon account management,110,36.84,LOW,17,navigational
amazon listing optimization tool,amazon listing optimization,110,16.29,LOW,0,informational
amazon listing optimization tools,amazon listing optimization,110,16.29,LOW,4,informational
amazon product listing optimization,amazon listing optimization,110,72.57,LOW,7,informational
how to sell books on amazon and make money,how to sell on amazon,110,5.98,LOW,11,transactional
how to sell apparel on amazon,how to sell on amazon,110,7.41,MEDIUM,12,informational
how to sell garments on amazon,how to sell on amazon,110,7.41,MEDIUM,11,informational
how to sell journals on amazon,how to sell on amazon,110,4.63,MEDIUM,11,informational
how to make coloring books to sell on amazon,how to sell on amazon,110,10.74,LOW,0,informational
how to create coloring books to sell on amazon,how to sell on amazon,110,11.11,LOW,7,informational
how to sell homemade products on amazon,how to sell on amazon,110,2.03,MEDIUM,15,informational
how to sell clothes on amazon,how to sell on amazon,110,7.41,MEDIUM,11,informational
how to sell clothing on amazon,how to sell on amazon,110,7.41,MEDIUM,19,informational
how to sell journal on amazon,how to sell on amazon,110,6.36,MEDIUM,11,informational
how to sell handmade products on amazon,how to sell on amazon,110,2.03,MEDIUM,6,informational
how to start sell products on amazon,how to sell on amazon,110,7.65,MEDIUM,49,informational
how to create coloring book to sell on amazon,how to sell on amazon,110,11.11,LOW,0,informational
how to create a coloring book to sell on amazon,how to sell on amazon,110,6.39,LOW,0,informational
how to make coloring book to sell on amazon,how to sell on amazon,110,10.74,LOW,0,informational
how to sell on amazon with prime,how to sell on amazon,110,6.65,LOW,49,informational
how to sell on amazon prime,how to sell on amazon,110,6.65,LOW,49,informational
how to sell handmade items on amazon,how to sell on amazon,110,2.03,MEDIUM,3,informational
amazon dsp agency,amazon agency,90,7.67,LOW,21,navigational
amazon fba agency,amazon agency,90,40.34,MEDIUM,28,navigational
what temp agency hires for amazon,amazon agency,90,0,LOW,20,informational
what temp agency is hiring for amazon,amazon agency,90,0,LOW,32,informational
best amazon agency,amazon agency,90,121.39,MEDIUM,1,commercial
amazon seller account management service,amazon account management,90,83.06,LOW,12,navigational
amazon seller central consultant,amazon consultant,90,156,LOW,0,navigational
amazon expert consultant,amazon consultant,90,377.32,LOW,4,navigational
amazon marketing consultant,amazon consultant,90,0,LOW,2,commercial
how to sell prime on amazon,how to sell on amazon,90,6.4,LOW,49,informational
how much does it cost to sell books on amazon,how to sell on amazon,90,5.81,LOW,9,informational
how to sell your ebooks on amazon,how to sell on amazon,90,12.26,MEDIUM,30,informational
how to sell my ebooks on amazon,how to sell on amazon,90,12.26,MEDIUM,21,informational
how to sell on amazon business,how to sell on amazon,90,12.09,MEDIUM,25,informational
how to sell my ebook on amazon,how to sell on amazon,90,12.26,MEDIUM,20,informational
how to sell on amazon successfully,how to sell on amazon,90,7.31,LOW,11,informational
how to sell on amazon as a business,how to sell on amazon,90,12.09,MEDIUM,37,informational
how to sell things on amazon and make money,how to sell on amazon,90,8.21,MEDIUM,27,informational
how to successfully sell on amazon,how to sell on amazon,90,7.31,LOW,11,informational
how to sell print on demand on amazon,how to sell on amazon,90,6.14,LOW,9,informational
how to sell as a business on amazon,how to sell on amazon,90,12.09,MEDIUM,37,informational
how to sell successfully on amazon,how to sell on amazon,90,7.31,LOW,11,informational
how to sell your ebook on amazon,how to sell on amazon,90,12.26,MEDIUM,42,informational
amazon agency uk,amazon agency,70,0,LOW,32,navigational
pirawna amazon agency,amazon agency,70,12.95,HIGH,,navigational
amazon agency jobs,amazon agency,70,2.25,LOW,22,navigational
temp agency that hires for amazon,amazon agency,70,3.08,LOW,43,navigational
temp agency hiring for amazon,amazon agency,70,0.75,LOW,56,navigational
best amazon ppc agency,amazon agency,70,71.84,LOW,0,commercial
amazon management agency,amazon agency,70,129.06,LOW,5,navigational
amazon brand protection agency,amazon agency,70,0,LOW,4,informational
pattern amazon agency,amazon agency,70,13.5,MEDIUM,24,navigational
amazon seller account management,amazon account management,70,0,LOW,25,navigational
amazon seller central account management,amazon account management,70,0,LOW,13,navigational
amazon optimization consultant,amazon consultant,70,0,LOW,0,commercial
youtube how to sell on amazon,how to sell on amazon,70,1.66,LOW,29,informational
learning how to sell on amazon,how to sell on amazon,70,4.99,MEDIUM,54,informational
how to sell on amazon as an individual,how to sell on amazon,70,6.78,MEDIUM,8,informational
how much does it cost to sell products on amazon,how to sell on amazon,70,15.57,LOW,22,informational
how to sell a self-published book on amazon,how to sell on amazon,70,7.31,MEDIUM,26,informational
how to sell notebook on amazon,how to sell on amazon,70,3.22,MEDIUM,14,transactional
how to sell merchandise on amazon,how to sell on amazon,70,8.71,MEDIUM,48,informational
how to sell paintings online on amazon,how to sell on amazon,70,7.15,MEDIUM,10,informational
how to sell books on amazon for cash,how to sell on amazon,70,3.46,MEDIUM,6,informational
how to sell my textbook on amazon,how to sell on amazon,70,4.36,MEDIUM,10,informational
how to sell other people's products on amazon,how to sell on amazon,70,8.16,MEDIUM,16,informational
how to sell self published books on amazon,how to sell on amazon,70,7.31,MEDIUM,41,informational
how to sell on amazon individual,how to sell on amazon,70,6.78,MEDIUM,19,informational
how to sell notebooks on amazon,how to sell on amazon,70,8.94,MEDIUM,14,informational
how to sell used item on amazon,how to sell on amazon,70,6.07,LOW,11,informational
how to learn to sell on amazon,how to sell on amazon,70,10.03,MEDIUM,54,informational
how to sell on amazon individual seller,how to sell on amazon,70,6.78,MEDIUM,11,informational
how to sell as an individual on amazon,how to sell on amazon,70,6.78,MEDIUM,8,informational
how to sell used product on amazon,how to sell on amazon,70,13.38,LOW,22,informational
how to sell a used product on amazon,how to sell on amazon,70,6.95,LOW,7,informational
how to sell on amazon as individual,how to sell on amazon,70,5.96,MEDIUM,8,informational
how to sell used products on amazon,how to sell on amazon,70,6.95,LOW,14,informational
how to sell self-published books on amazon,how to sell on amazon,70,7.31,MEDIUM,21,informational
how to create a journal to sell on amazon,how to sell on amazon,70,2.84,MEDIUM,0,informational
how hard is it to sell on amazon,how to sell on amazon,70,4.55,MEDIUM,8,informational
how to sell self published book on amazon,how to sell on amazon,70,7.31,MEDIUM,27,transactional
how to scan books to sell on amazon,how to sell on amazon,70,2.87,LOW,2,informational
how to sell individually on amazon,how to sell on amazon,70,6.78,MEDIUM,13,informational
how to sell products on amazon and make money,how to sell on amazon,70,7.79,MEDIUM,39,informational
how to sell stuff on amazon and make money,how to sell on amazon,70,7.61,MEDIUM,20,informational
how to sell on amazon merch,how to sell on amazon,70,11,MEDIUM,18,informational
how to sell coloring books on amazon using canva,how to sell on amazon,70,7.06,LOW,0,informational
how to sell on amazon as an individual seller,how to sell on amazon,70,6.78,MEDIUM,10,informational
how to sell on amazon as individual seller,how to sell on amazon,70,6.78,MEDIUM,10,informational
how to sell as individual on amazon,how to sell on amazon,70,6.78,MEDIUM,35,informational
how to sell old books on amazon,how to sell on amazon,70,4.07,MEDIUM,1,informational
learn how to sell on amazon,how to sell on amazon,70,10.03,MEDIUM,54,informational
how to sell merch on amazon,how to sell on amazon,70,11,MEDIUM,14,informational
how to sell a coloring book on amazon,how to sell on amazon,70,8.46,MEDIUM,0,informational
how to sell on merch by amazon,how to sell on amazon,70,8.71,MEDIUM,19,informational
how to sell a self published book on amazon,how to sell on amazon,70,7.31,MEDIUM,25,informational
how to sell my textbooks on amazon,how to sell on amazon,70,4.36,MEDIUM,10,informational
how to sell used things on amazon,how to sell on amazon,70,6.07,LOW,19,informational
how to sell secondhand books on amazon,how to sell on amazon,70,3.03,MEDIUM,11,informational
amazon marketing services agency,amazon agency,50,0,LOW,27,navigational
amazon ecommerce agency,amazon agency,50,41.89,MEDIUM,15,navigational
what temp agency does amazon use,amazon agency,50,1.29,LOW,15,informational
amazon media agency,amazon agency,50,18.3,MEDIUM,34,navigational
amazon agency spain,amazon agency,50,0,,0,navigational
marketing agency amazon,amazon agency,50,0,LOW,28,commercial
amazon agency partners,amazon agency,50,0,MEDIUM,6,navigational
amazon prime video account management,amazon account management,50,2.04,LOW,29,navigational
amazon consultant uk,amazon consultant,50,0,MEDIUM,13,navigational
amazon consultant job,amazon consultant,50,0,LOW,5,navigational
amazon consultant jobs,amazon consultant,50,0,LOW,0,navigational
amazon vendor central consultant,amazon consultant,50,0,LOW,0,navigational
amazon ppc consultant,amazon consultant,50,59.71,LOW,0,commercial
amazon product listing optimization service,amazon listing optimization,50,0,LOW,0,informational
amazon product listing optimization services,amazon listing optimization,50,0,LOW,0,informational
how to sell products on amazon without inventory,how to sell on amazon,50,7.51,MEDIUM,0,informational
how to source products to sell on amazon,how to sell on amazon,50,5.15,MEDIUM,0,informational
how to sell dvds on amazon,how to sell on amazon,50,5.36,MEDIUM,0,informational
how much cost to sell on amazon,how to sell on amazon,50,5.58,LOW,27,informational
how to sell kindle book on amazon,how to sell on amazon,50,7.31,MEDIUM,26,transactional
how to create an ebook to sell on amazon,how to sell on amazon,50,7.04,HIGH,33,informational
how to sell artwork on amazon,how to sell on amazon,50,5.73,LOW,11,informational
how to sell item on amazon,how to sell on amazon,50,8.06,MEDIUM,26,informational
how to start sell on amazon for beginners,how to sell on amazon,50,6.6,MEDIUM,21,informational
how to source product to sell on amazon,how to sell on amazon,50,5.15,MEDIUM,0,informational
how to sell art on amazon,how to sell on amazon,50,6.67,LOW,9,informational
amazon ppc ads agency,amazon agency,40,0,LOW,40,navigational
amazon marketing agency uk,amazon agency,40,0,,32,commercial
amazon ppc advertising agency,amazon agency,40,0,LOW,1,commercial
recruitment agency for amazon,amazon agency,40,0,LOW,13,navigational
amazon hiring agency,amazon agency,40,0,LOW,33,navigational
amazon influencer marketing agency,amazon agency,40,12.44,LOW,9,commercial
amazon listing optimization agency,amazon agency,40,0,LOW,0,navigational
crush amazon agency,amazon agency,40,11.78,MEDIUM,0,navigational
amazon agency partner,amazon agency,40,88.8,HIGH,37,navigational
ppc management amazon,amazon ppc management,40,48.91,LOW,1,navigational
amazon ppc management tools,amazon ppc management,40,0,LOW,1,commercial
amazon ppc management tool,amazon ppc management,40,0,LOW,6,informational
amazon pay per click account management,amazon account management,40,0,LOW,5,navigational
the consultant amazon prime,amazon consultant,40,0,LOW,21,informational
amazon marketplace consultant,amazon consultant,40,0,LOW,0,navigational
amazon vendor consultant,amazon consultant,40,21.22,LOW,0,navigational
amazon employment agency,amazon agency,30,0,LOW,55,navigational
amazon ppc agency uk,amazon agency,30,32.04,LOW,7,navigational
cartograph amazon agency,amazon agency,30,36.91,MEDIUM,,navigational
amazon agency san diego,amazon agency,30,0,HIGH,5,navigational
amazon job agency,amazon agency,30,0.46,LOW,17,navigational
amazon marketplace agency,amazon agency,30,133.67,LOW,,navigational
amazon agency work,amazon agency,30,0,LOW,46,navigational
amazon growth agency,amazon agency,30,57.91,LOW,,navigational
top amazon agency,amazon agency,30,69.66,MEDIUM,7,navigational
is amazon a federal agency,amazon agency,30,0,LOW,40,informational
canopy amazon agency,amazon agency,30,41.71,MEDIUM,13,navigational
what staffing agency hires for amazon,amazon agency,30,0,LOW,10,informational
best amazon ppc management agency,amazon agency,30,0,LOW,0,commercial
hiring agency for amazon,amazon agency,30,0,LOW,44,navigational
amazon agency contact,amazon agency,30,0,LOW,,navigational
amazon ads management agency,amazon agency,30,9.7,LOW,4,commercial
amazon review agency,amazon agency,30,43.11,MEDIUM,0,navigational
amazon agency services,amazon agency,30,0,LOW,11,navigational
amazon marketing agency nyc,amazon agency,30,0,MEDIUM,4,commercial
best amazon advertising agency,amazon agency,30,100.85,MEDIUM,14,commercial
best amazon ads agency,amazon agency,30,100.85,MEDIUM,15,commercial
best amazon marketing agency,amazon agency,30,0,LOW,37,commercial
amazon agency near me,amazon agency,30,0,MEDIUM,44,navigational
nectar amazon agency,amazon agency,30,21.72,MEDIUM,17,navigational
amazon reviews agency,amazon agency,30,43.11,MEDIUM,23,informational
amazon creative agency,amazon agency,30,36.14,MEDIUM,22,navigational
amazon influencer agency,amazon agency,30,6.28,LOW,,commercial
amazon brand management agency,amazon agency,30,0,LOW,8,navigational
what staffing agency does amazon use,amazon agency,30,0,LOW,2,informational
amazon ppc advertising management,amazon ppc management,30,0,LOW,55,commercial
best amazon account management services,amazon account management,30,45.73,LOW,0,commercial
amazon kindle management account,amazon account management,30,0,LOW,0,navigational
https logistics amazon com account management invitation,amazon account management,30,16.3,LOW,15,navigational
my amazon kindle account management,amazon account management,30,0,LOW,0,navigational
amazon advertising consultant,amazon consultant,30,53.69,MEDIUM,27,commercial
amazon business consultant,amazon consultant,30,102.28,MEDIUM,0,navigational
delivery consultant amazon,amazon consultant,30,0,LOW,0,navigational
amazon advertising agency of record,amazon agency,20,0,LOW,,navigational
uk amazon agency,amazon agency,20,0,,32,navigational
amazon advertising agency nyc,amazon agency,20,0,LOW,5,navigational
ppc amazon agency,amazon agency,20,0,LOW,11,navigational
amazon service agency,amazon agency,20,6.08,LOW,41,navigational
the agency amazon prime,amazon agency,20,0.11,LOW,41,navigational
amazon services agency,amazon agency,20,27.08,MEDIUM,41,navigational
acadia amazon agency,amazon agency,20,93.23,MEDIUM,,navigational
amazon advertising agency uk,amazon agency,20,0,LOW,30,commercial
full service amazon marketing agency,amazon agency,20,0,LOW,,commercial
amazon ppc agency services,amazon agency,20,0,LOW,,commercial
amazon vendor agency,amazon agency,20,0,LOW,4,navigational
amazon insurance agency,amazon agency,20,11.95,MEDIUM,15,navigational
amazon ads agency uk,amazon agency,20,0,LOW,9,commercial
flywheel amazon agency,amazon agency,20,0,MEDIUM,23,navigational
amazon travel agency,amazon agency,20,16.44,MEDIUM,0,navigational
amazon vendor central agency,amazon agency,20,0,LOW,0,navigational
agency skincare amazon,amazon agency,20,4.17,HIGH,,navigational
amazon collection agency,amazon agency,20,0,LOW,0,navigational
amazon jobs temp agency,amazon agency,20,0,LOW,,navigational
amazon digital marketing agency,amazon agency,20,266.5,LOW,28,commercial
piranha amazon agency,amazon agency,20,52.85,MEDIUM,,navigational
amazon ppc agency usa,amazon agency,20,0,MEDIUM,,navigational
amazon branding agency,amazon agency,20,0,LOW,33,commercial
amazon ppc agency pricing,amazon agency,20,0,LOW,0,commercial
amazon marketing agency san diego,amazon agency,20,0,LOW,0,commercial
is amazon a state agency,amazon agency,20,0,LOW,0,informational
amazon agency of record,amazon agency,20,0,LOW,0,navigational
amazon ad agency of record,amazon agency,20,0,LOW,,navigational
which staffing agency hires for amazon,amazon agency,20,0,LOW,,informational
amazon collections agency,amazon agency,20,0,LOW,0,navigational
amazon brand agency,amazon agency,20,0,LOW,41,navigational
trivium amazon agency,amazon agency,20,61.82,HIGH,,navigational
temp agency for amazon near me,amazon agency,20,0,LOW,,navigational
find an amazon advertising agency,amazon agency,20,0,LOW,43,commercial
amazon staffing agency near me,amazon agency,20,0.81,LOW,61,navigational
amazon design agency,amazon agency,20,14.83,LOW,24,navigational
amazon store management agency,amazon agency,20,0,LOW,10,navigational
amazon listing agency,amazon agency,20,57.75,LOW,41,navigational
amazon ppc management cost,amazon ppc management,20,0,LOW,0,commercial
amazon ppc management experts,amazon ppc management,20,0,,,navigational
amazon ppc management company,amazon ppc management,20,0,LOW,,navigational
amazon account management services usa,amazon account management,20,0,LOW,30,navigational
amazon paid account management,amazon account management,20,0,LOW,0,navigational
amazon kindle account management,amazon account management,20,5.49,LOW,0,navigational
amazon full account management,amazon account management,20,17.12,MEDIUM,5,navigational
delivery consultant amazon salary,amazon consultant,20,0,LOW,,commercial
programmatic solutions consultant amazon,amazon consultant,20,0,LOW,16,navigational
the consultant amazon,amazon consultant,20,0,LOW,19,navigational
amazon programmatic solutions consultant,amazon consultant,20,0,LOW,16,navigational
amazon seller consultant near me,amazon consultant,20,56.61,MEDIUM,10,navigational
amazon ads consultant,amazon consultant,20,76.44,MEDIUM,0,commercial
amazon consultant salary,amazon consultant,20,0,LOW,0,informational
amazon brand consultant,amazon consultant,20,0,LOW,5,navigational
amazon cloud consultant,amazon consultant,20,0,LOW,19,commercial
amazon consultant near me,amazon consultant,20,0,MEDIUM,9,navigational
what is amazon listing optimization,amazon listing optimization,20,0,LOW,12,informational
amazon listing optimization company,amazon listing optimization,20,0,LOW,,commercial
amazon listing keyword optimization,amazon listing optimization,20,0,LOW,9,commercial
