post_slug,market,keyword,search_volume,keyword_difficulty,cpc,competition,competition_level,search_intent,source
shopify-development-cost-2026,US,shopify development cost,20,0,,0.21,LOW,commercial,dataforseo_labs/keyword_overview
shopify-development-cost-2026,US,how much does shopify development cost,NO_MEASURABLE_VOLUME,,,,,,google_ads/search_volume + labs/bulk_keyword_difficulty
shopify-development-cost-2026,US,shopify developer cost,10,0,,0.43,MEDIUM,commercial,dataforseo_labs/keyword_overview
website-cost-small-business-usa-2026,US,small business website cost,210,25,16.99,0.34,MEDIUM,commercial,dataforseo_labs/keyword_overview
website-cost-small-business-usa-2026,US,how much does a website cost for a small business,140,18,16.46,0.51,MEDIUM,commercial,dataforseo_labs/keyword_overview
website-cost-small-business-usa-2026,US,website cost,1000,42,12.11,0.58,MEDIUM,commercial,dataforseo_labs/keyword_overview
best-web-design-companies-small-business-australia,AU,web design companies australia,390,80,6.3,0.05,LOW,commercial,dataforseo_labs/keyword_overview
best-web-design-companies-small-business-australia,AU,best web design company australia,50,32,37.13,0.52,MEDIUM,commercial,dataforseo_labs/keyword_overview
best-web-design-companies-small-business-australia,AU,web design cost australia,90,1,8.93,0.47,MEDIUM,commercial,dataforseo_labs/keyword_overview
best-ecommerce-agency-small-business-australia-2026,AU,ecommerce agency australia,40,10,,0.23,LOW,commercial,dataforseo_labs/keyword_overview
best-ecommerce-agency-small-business-australia-2026,AU,best ecommerce agency australia,NO_MEASURABLE_VOLUME,,,,,,google_ads/search_volume + labs/bulk_keyword_difficulty
best-web-design-agency-us-small-business-2026,US,best web design agency for small business,NO_MEASURABLE_VOLUME,,,,,,google_ads/search_volume + labs/bulk_keyword_difficulty
best-web-design-agency-us-small-business-2026,US,web design agency small business,10,13,,,,commercial,dataforseo_labs/keyword_overview
shopify-vs-custom-website-us-small-business-2026,US,shopify vs custom website,10,0,,0.07,LOW,commercial,dataforseo_labs/keyword_overview
shopify-vs-custom-website-us-small-business-2026,US,shopify or custom website,10,,,,,commercial,dataforseo_labs/keyword_overview
best-web-design-agencies-small-business-2026,US,best web design agencies small business,NO_MEASURABLE_VOLUME,,,,,,google_ads/search_volume + labs/bulk_keyword_difficulty
webflow-vs-wordpress-us-small-business-2026,US,webflow vs wordpress,1000,1,15.64,0.23,LOW,commercial,dataforseo_labs/keyword_overview
webflow-vs-wordpress-us-small-business-2026,US,webflow or wordpress,30,3,22.51,0.23,LOW,informational,dataforseo_labs/keyword_overview
