seed,question,serp_answer,source,is_new
best digital marketing agency in india,Who is no. 1 direct selling?,,,True
best digital marketing agency in india,Can I earn 10 lakh per month from digital marketing?,,,True
best digital marketing agency in india,What are 7 types of digital marketing?,,,True
best digital marketing agency in india,What are the big 4 companies for digital marketing?,,,True
how to choose a digital marketing agency in india,What is the 3-3-3 rule in marketing?,,,True
how to choose a digital marketing agency in india,How to select a digital marketing agency?,,,True
what is a digital marketing agency,What does a digital marketing agency do?,,,True
what is a digital marketing agency,What are the 4 types of digital marketing?,,,True
what is a digital marketing agency,How does a digital marketing agency make money?,"Digital marketing agencies earn money by improving companies' marketing efforts – providing specialized services, consulting, or selling SaaS products. They can also boost revenue through partnerships with other agencies, affiliate marketing, and other non-traditional channels.",https://landingi.com/digital-marketing/income/,True
what is a digital marketing agency,How can I start my own digital marketing agency?,,,True
digital marketing agency cost in india,What is the 70/20/10 rule in digital marketing?,,,True
digital marketing agency cost in india,How much does a digital marketing agency cost?,,,True
best digital marketing agency near me,Which agency is best for digital marketing?,,,True
best digital marketing agency near me,Who is the best digital marketing expert in Trivandrum?,,,True
