keyword,seed,search_volume,cpc,competition,difficulty,intent,superlative,is_question
shopify development partner,shopify development partner,880,8.53,LOW,16,commercial,,False
ecommerce web design company in dubai,ecommerce web design,590,19.69,LOW,14,commercial,,False
ecommerce web design in dubai,ecommerce web design,590,19.69,LOW,0,commercial,,False
ecommerce web design uae,ecommerce web design,590,19.69,LOW,15,navigational,,False
ecommerce web design dubai,ecommerce web design,590,19.69,LOW,0,commercial,,False
ecommerce website design company in dubai,ecommerce website design company,590,19.69,LOW,15,commercial,,False
ecommerce website development dubai,ecommerce website development,390,41.12,LOW,21,commercial,,False
ecommerce website development in dubai,ecommerce website development,390,41.12,LOW,12,commercial,,False
ecommerce development company in dubai,ecommerce development company,210,0,LOW,6,commercial,,False
ecommerce development company dubai,ecommerce development company,210,0,LOW,0,commercial,,False
ecommerce web page design,ecommerce web design,170,5.66,MEDIUM,45,commercial,,False
ecommerce web design,ecommerce web design,170,5.66,MEDIUM,18,commercial,,False
web design and ecommerce,ecommerce web design,170,5.66,MEDIUM,27,commercial,,False
ecommerce and web design,ecommerce web design,170,5.66,MEDIUM,16,commercial,,False
web design with ecommerce,ecommerce web design,170,5.66,MEDIUM,33,commercial,,False
web design for ecommerce website,ecommerce web design,170,5.66,MEDIUM,19,commercial,,False
web design ecommerce,ecommerce web design,170,5.66,MEDIUM,25,commercial,,False
web design for ecommerce,ecommerce web design,170,5.66,MEDIUM,14,commercial,,False
agency ecommerce,ecommerce agency,140,12.81,LOW,3,commercial,,False
ecommerce agency,ecommerce agency,140,12.81,LOW,0,commercial,,False
ecommerce development website,ecommerce website development,140,9.05,LOW,38,commercial,,False
ecommerce website development,ecommerce website development,140,9.05,LOW,38,commercial,,False
website ecommerce development,ecommerce website development,140,9.05,LOW,,commercial,,False
website development ecommerce,ecommerce website development,140,9.05,LOW,38,commercial,,False
ecommerce web design templates,ecommerce web design,110,2.9,HIGH,,commercial,,False
ecommerce web design template,ecommerce web design,110,2.9,HIGH,25,informational,,False
shopify website development company,shopify development company,110,29.01,LOW,,navigational,,False
shopify web development company,shopify development company,110,29.01,LOW,,commercial,,False
ecommerce website development company in dubai,ecommerce development company,90,0,LOW,,commercial,,False
shopify agency dubai,shopify agency,90,2.63,LOW,12,commercial,,False
ecommerce agency dubai,ecommerce agency,70,19.9,HIGH,,commercial,,False
ecommerce ad agency,ecommerce agency,70,0,HIGH,3,commercial,,False
ad agency ecommerce,ecommerce agency,70,0,HIGH,2,commercial,,False
ecommerce advertising agency,ecommerce agency,70,0,HIGH,3,commercial,,False
seo ecommerce agency,ecommerce agency,50,0,HIGH,,commercial,,False
ecommerce app development company,ecommerce development company,50,0,LOW,,commercial,,False
ecommerce website development company dubai,ecommerce development company,50,9.99,LOW,,commercial,,False
ecommerce web development company dubai,ecommerce development company,50,0,LOW,,commercial,,False
ecommerce mobile app development company,ecommerce development company,50,0,LOW,,commercial,,False
ecommerce web development company in dubai,ecommerce development company,50,9.99,LOW,,commercial,,False
ecommerce web development agency,ecommerce agency,40,0,LOW,,commercial,,False
ecommerce website development agency,ecommerce agency,40,0,LOW,,commercial,,False
ecommerce development company,ecommerce development company,40,0,MEDIUM,38,commercial,,False
shopify seo agency,shopify agency,40,0,LOW,,commercial,,False
shopify development company in dubai,shopify development company,40,0,LOW,,commercial,,False
shopify development company,shopify development company,40,1.5,LOW,,commercial,,False
ecommerce agency in dubai,ecommerce agency,30,15.41,HIGH,,commercial,,False
ecommerce seo agency,ecommerce agency,30,0,LOW,,commercial,,False
ecommerce website design agency,ecommerce agency,30,0,LOW,,commercial,,False
ecommerce marketing agency,ecommerce agency,30,13.71,MEDIUM,0,commercial,,False
ecommerce web design agency,ecommerce agency,30,0,LOW,,commercial,,False
ecommerce marketing agency dubai,ecommerce agency,30,0,LOW,,commercial,,False
best ecommerce website development company,ecommerce development company,30,0,LOW,,commercial,best,False
ecommerce web design company,ecommerce web design,30,12.89,LOW,,commercial,,False
ecommerce web design firm,ecommerce web design,30,12.89,LOW,,commercial,,False
ecommerce web design companies,ecommerce web design,30,12.89,LOW,,commercial,,False
ecommerce website development uae,ecommerce website development,30,27.11,LOW,,navigational,,False
shopify website development agency,shopify agency,30,0,LOW,,navigational,,False
shopify development agency,shopify agency,30,0,MEDIUM,,navigational,,False
shopify dev agency,shopify agency,30,0,MEDIUM,,navigational,,False
shopify agency,shopify agency,30,13.43,MEDIUM,,navigational,,False
shopify web development agency,shopify agency,30,0,LOW,,navigational,,False
magento development company,magento development company,30,0,MEDIUM,,commercial,,False
magento development agency,magento agency,30,0,LOW,,navigational,,False
ecommerce seo company,ecommerce seo company,30,0,LOW,,commercial,,False
ecommerce website design company,ecommerce website design company,30,12.89,LOW,,commercial,,False
ecommerce web design agency in dubai,ecommerce agency,20,0,LOW,,commercial,,False
ecommerce website development agency in dubai,ecommerce agency,20,0,LOW,,commercial,,False
ecommerce agency near me,ecommerce agency,20,0.63,MEDIUM,,navigational,,False
ecommerce web design and development company,ecommerce development company,20,0,LOW,,commercial,,False
ecommerce website development company,ecommerce development company,20,0,LOW,,commercial,,False
brainvire ecommerce & mobile app development company,ecommerce development company,20,0,LOW,,navigational,,False
ecommerce web development company,ecommerce development company,20,0,LOW,,commercial,,False
ecommerce website development company in india,ecommerce development company,20,0,LOW,,commercial,,False
ecommerce website design and development company,ecommerce development company,20,0,LOW,,commercial,,False
ecommerce web design company dubai,ecommerce web design,20,0,LOW,,commercial,,False
best web design for ecommerce,ecommerce web design,20,1.68,MEDIUM,53,commercial,best,False
ecommerce web design abu dhabi,ecommerce web design,20,0,LOW,,commercial,,False
ecommerce web design templates free download,ecommerce web design,20,2.4,MEDIUM,,informational,,False
best ecommerce web design,ecommerce web design,20,1.68,MEDIUM,53,commercial,best,False
best web design ecommerce,ecommerce web design,20,1.68,MEDIUM,53,commercial,best,False
ecommerce web design companies dubai,ecommerce web design,20,0,LOW,,commercial,,False
ecommerce website development services,ecommerce website development,20,0,MEDIUM,,commercial,,False
ecommerce website development india,ecommerce website development,20,0,LOW,,commercial,,False
ecommerce website development abu dhabi,ecommerce website development,20,0,LOW,,commercial,,False
ecommerce website development services india,ecommerce website development,20,0,LOW,,commercial,,False
ecommerce website development services in india,ecommerce website development,20,0,LOW,,commercial,,False
ecommerce website development in india,ecommerce website development,20,0,LOW,,commercial,,False
shopify development agency dubai,shopify agency,20,0,LOW,,commercial,,False
shopify app development company,shopify development company,20,0,,,navigational,,False
magento 2 development company,magento development company,20,0,LOW,,navigational,,False
magento development services,magento development services,20,0,LOW,,commercial,,False
ecommerce website design company dubai,ecommerce website design company,20,0,LOW,15,commercial,,False
ecommerce agency jobs,ecommerce agency,10,0,,,navigational,,False
ecommerce creative agency,ecommerce agency,10,0,MEDIUM,,commercial,,False
ecommerce ads agency,ecommerce agency,10,0,,1,commercial,,False
ecommerce seo agency london,ecommerce agency,10,0,,,commercial,,False
ecommerce services agency,ecommerce agency,10,0,,,commercial,,False
email marketing agency for ecommerce,ecommerce agency,10,0,,,commercial,,False
web agency ecommerce,ecommerce agency,10,1.71,MEDIUM,,commercial,,False
ecommerce agency india,ecommerce agency,10,0,,,commercial,,False
facebook ad agency for ecommerce,ecommerce agency,10,0,,,commercial,,False
seo agency for ecommerce,ecommerce agency,10,0,LOW,,commercial,,False
ecommerce marketing agency usa,ecommerce agency,10,0,,,commercial,,False
ecommerce conversion rate optimization agency,ecommerce agency,10,0,,,commercial,,False
shopify ecommerce development agency,ecommerce agency,10,0,,,navigational,,False
magento ecommerce development agency,ecommerce agency,10,0,LOW,,commercial,,False
ecommerce development agency,ecommerce agency,10,0,LOW,,commercial,,False
ecommerce email marketing agency,ecommerce agency,10,0,,,commercial,,False
digital marketing agency for ecommerce business,ecommerce agency,10,0,,,commercial,,False
seo agency ecommerce,ecommerce agency,10,0,,,commercial,,False
ecommerce marketing agency australia,ecommerce agency,10,0,,,commercial,,False
ecommerce agency in usa,ecommerce agency,10,0,,,commercial,,False
ecommerce marketing agency london,ecommerce agency,10,0,,,commercial,,False
best ecommerce marketing agency rankstar,ecommerce agency,10,0,,,commercial,best,False
ecommerce agency london,ecommerce agency,10,0,,,commercial,,False
ecommerce seo agency sydney,ecommerce agency,10,0,,,commercial,,False
ecommerce agency uk,ecommerce agency,10,0,,,commercial,,False
ecommerce management agency,ecommerce agency,10,0,,,commercial,,False
ecommerce digital agency,ecommerce agency,10,0,,,commercial,,False
ecommerce content marketing agency,ecommerce agency,10,0,,,commercial,,False
ecommerce web design agency dubai,ecommerce agency,10,0,LOW,,commercial,,False
ecommerce branding agency,ecommerce agency,10,0,LOW,,commercial,,False
what is ecommerce agency,ecommerce agency,10,0,LOW,,informational,,True
ecommerce consulting agency,ecommerce agency,10,0,LOW,,commercial,,False
ecommerce agency usa,ecommerce agency,10,0,MEDIUM,,commercial,,False
ecommerce website agency,ecommerce agency,10,1.71,MEDIUM,,commercial,,False
ecommerce agency services,ecommerce agency,10,0,,,commercial,,False
ecommerce web agency,ecommerce agency,10,0,MEDIUM,,commercial,,False
ecommerce social media marketing agency,ecommerce agency,10,0,LOW,,commercial,,False
headless ecommerce development agency,ecommerce agency,10,0,LOW,,navigational,,False
best ecommerce seo agency,ecommerce agency,10,0,,,commercial,best,False
ecommerce agency website,ecommerce agency,10,0,LOW,,commercial,,False
ecommerce pr agency,ecommerce agency,10,0,,,commercial,,False
b2b ecommerce development agency,ecommerce agency,10,0,,,commercial,,False
luxury ecommerce agency,ecommerce agency,10,0,,,commercial,,False
full service ecommerce agency,ecommerce agency,10,0,,,commercial,,False
digital marketing agency ecommerce,ecommerce agency,10,0,LOW,,commercial,,False
ecommerce setup agency,ecommerce agency,10,0,,,commercial,,False
ecommerce design agency,ecommerce agency,10,0,,,commercial,,False
best digital marketing agency for ecommerce,ecommerce agency,10,0,LOW,,commercial,best,False
what is an ecommerce agency,ecommerce agency,10,0,,,informational,,True
digital marketing agency for ecommerce,ecommerce agency,10,0,,,commercial,,False
ppc agency for ecommerce,ecommerce agency,10,0,LOW,,commercial,,False
ecommerce agency new york,ecommerce agency,10,0,,,commercial,,False
ecommerce recruitment agency,ecommerce agency,10,0,,,commercial,,False
ppc ecommerce agency,ecommerce agency,10,0,LOW,,commercial,,False
best ecommerce marketing agency,ecommerce agency,10,0,,,commercial,best,False
ecommerce conversion rate optimisation agency,ecommerce agency,10,0,LOW,,commercial,,False
social media marketing agency for ecommerce,ecommerce agency,10,0,,,commercial,,False
ecommerce agency in mumbai,ecommerce agency,10,0,,,commercial,,False
ecommerce modeling agency,ecommerce agency,10,0,LOW,,commercial,,False
ecommerce service agency,ecommerce agency,10,0,,,commercial,,False
1 ecommerce agency,ecommerce agency,10,0,,,navigational,,False
best ecommerce agency,ecommerce agency,10,0,,,commercial,best,False
amazon ecommerce agency,ecommerce agency,10,0,LOW,,navigational,,False
ecommerce marketing agency india,ecommerce agency,10,0,,,commercial,,False
ecommerce ppc agency,ecommerce agency,10,0,LOW,,commercial,,False
agency for ecommerce,ecommerce agency,10,0,,0,commercial,,False
magento ecommerce agency,ecommerce agency,10,0,,,commercial,,False
ecommerce agency in pakistan,ecommerce agency,10,0,,,commercial,,False
ecommerce agency meaning,ecommerce agency,10,0,,,informational,,False
ecommerce agency name ideas,ecommerce agency,10,0,,,commercial,,False
shopify ecommerce agency,ecommerce agency,10,0,,,commercial,,False
ecommerce today agency,ecommerce agency,10,0,,,navigational,,False
best seo agency for ecommerce,ecommerce agency,10,0,,,commercial,best,False
ecommerce agency in delhi,ecommerce agency,10,0,,,commercial,,False
ecommerce digital marketing agency,ecommerce agency,10,0,LOW,,commercial,,False
ecommerce facebook ads agency,ecommerce agency,10,0,,,commercial,,False
marketing agency for ecommerce,ecommerce agency,10,0,,0,commercial,,False
marketing agency ecommerce,ecommerce agency,10,0,,0,commercial,,False
ecommerce marketing agency reviews,ecommerce agency,10,0,,,commercial,,False
b2b ecommerce agency,ecommerce agency,10,0,LOW,,commercial,,False
ecommerce ux agency,ecommerce agency,10,0,,,navigational,,False
digital agency ecommerce,ecommerce agency,10,0,,,commercial,,False
facebook ads agency for ecommerce,ecommerce agency,10,0,,,commercial,,False
ecommerce growth agency,ecommerce agency,10,0,HIGH,,commercial,,False
ecommerce agency nyc,ecommerce agency,10,0,,,commercial,,False
ecommerce agency list,ecommerce agency,10,0,,,navigational,,False
digital marketing agency ecommerce business,ecommerce agency,10,0,,,commercial,,False
ecommerce optimization agency,ecommerce agency,10,0,,,commercial,,False
ecommerce facebook ad agency,ecommerce agency,10,0,,,commercial,,False
ecommerce performance marketing agency,ecommerce agency,10,0,MEDIUM,,commercial,,False
webcastle technologies web design company dubai ecommerce website development,ecommerce development company,10,0,LOW,,commercial,,False
ecommerce website development company in kerala,ecommerce development company,10,0,,,commercial,,False
best ecommerce development company,ecommerce development company,10,0,MEDIUM,,commercial,best,False
top ecommerce website development company in india,ecommerce development company,10,0,,,commercial,top,False
best ecommerce web development company dubai,ecommerce development company,10,0,LOW,,commercial,best,False
ecommerce development company in uae,ecommerce development company,10,0,,,commercial,,False
ecommerce development company india,ecommerce development company,10,0,,,commercial,,False
elsner technologies ecommerce development company,ecommerce development company,10,0,,,commercial,,False
ecommerce web development company bangalore,ecommerce development company,10,0,LOW,,commercial,,False
ecommerce website development company in chennai,ecommerce development company,10,0,,,commercial,,False
ecommerce development company uae,ecommerce development company,10,0,LOW,,commercial,,False
ecommerce development company in kerala,ecommerce development company,10,0,,,commercial,,False
ecommerce app development company in india,ecommerce development company,10,0,,,commercial,,False
ecommerce website development company in bangalore,ecommerce development company,10,0,,,commercial,,False
magento ecommerce development company,ecommerce development company,10,0,,,commercial,,False
ecommerce website development company in mumbai,ecommerce development company,10,0,,,commercial,,False
ecommerce website development company bangalore,ecommerce development company,10,0,LOW,,commercial,,False
ecommerce development company in bangalore,ecommerce development company,10,0,,,commercial,,False
ecommerce web development company in bangalore,ecommerce development company,10,0,,,commercial,,False
ecommerce development company bangalore,ecommerce development company,10,0,,,commercial,,False
ecommerce web development company india,ecommerce development company,10,0,,,commercial,,False
ecommerce web development company in chennai,ecommerce development company,10,0,,,commercial,,False
ecommerce development company in usa,ecommerce development company,10,0,,,commercial,,False
ecommerce web development company in coimbatore,ecommerce development company,10,0,,,commercial,,False
ecommerce website development company chennai,ecommerce development company,10,0,,,navigational,,False
shopify ecommerce development company,ecommerce development company,10,0,LOW,,commercial,,False
top ecommerce development company,ecommerce development company,10,0,,,commercial,top,False
ecommerce development company in india,ecommerce development company,10,0,,,commercial,,False
best ecommerce development company in dubai,ecommerce development company,10,0,MEDIUM,,commercial,best,False
ecommerce development company in kochi,ecommerce development company,10,0,,,commercial,,False
best ecommerce development company india,ecommerce development company,10,0,HIGH,,commercial,best,False
best ecommerce app development company,ecommerce development company,10,0,,,commercial,best,False
ecommerce development company usa,ecommerce development company,10,0,,,commercial,,False
ecommerce website development company mumbai,ecommerce development company,10,0,,,commercial,,False
ecommerce software development company,ecommerce development company,10,0,,,commercial,,False
ecommerce application development company,ecommerce development company,10,0,LOW,,commercial,,False
best ecommerce website development company in bangalore,ecommerce development company,10,0,,,commercial,best,False
custom ecommerce development company,ecommerce development company,10,0,LOW,,commercial,,False
best ecommerce development company in india,ecommerce development company,10,0,HIGH,,commercial,best,False
ecommerce development company in coimbatore,ecommerce development company,10,0,,,commercial,,False
custom ecommerce website development company,ecommerce development company,10,0,,,commercial,,False
best ecommerce web development company,ecommerce development company,10,0,LOW,,commercial,best,False
custom ecommerce web design,ecommerce web design,10,0,,,commercial,,False
cheap ecommerce web design,ecommerce web design,10,0,,,commercial,,False
web design ecommerce inspiration,ecommerce web design,10,0,LOW,,informational,,False
ecommerce web design layout,ecommerce web design,10,0,,,informational,,False
ecommerce web design figma,ecommerce web design,10,0,LOW,,navigational,,False
ecommerce web design course,ecommerce web design,10,0,,,commercial,,False
ecommerce web design company india,ecommerce web design,10,0,,,commercial,,False
ecommerce web design leicester,ecommerce web design,10,0,,,commercial,,False
best ecommerce web design companies,ecommerce web design,10,0,,,commercial,best,False
design development ecommerce site web,ecommerce web design,10,0,LOW,,commercial,,False
ecommerce web design solution,ecommerce web design,10,0,LOW,,commercial,,False
ecommerce web design company in india,ecommerce web design,10,0,,,commercial,,False
ecommerce web design sydney,ecommerce web design,10,0,,,commercial,,False
ecommerce web design pricing,ecommerce web design,10,0,,,commercial,,False
behance ecommerce web design,ecommerce web design,10,0,,,navigational,,False
ecommerce web design and development,ecommerce web design,10,0,LOW,,commercial,,False
ecommerce web design dublin,ecommerce web design,10,0,,,commercial,,False
ecommerce web design services,ecommerce web design,10,0,LOW,,commercial,,False
affordable ecommerce web design,ecommerce web design,10,0,,,commercial,affordable,False
ecommerce web design service,ecommerce web design,10,0,LOW,,commercial,,False
ecommerce web ui design,ecommerce web design,10,0,LOW,,commercial,,False
ecommerce web design companies india,ecommerce web design,10,0,,,commercial,,False
ecommerce web design best practices,ecommerce web design,10,0,,,informational,best,False
ecommerce web design ideas,ecommerce web design,10,0,LOW,,informational,,False
ecommerce web app design,ecommerce web design,10,0,,,commercial,,False
ecommerce web design & development,ecommerce web design,10,0,LOW,,commercial,,False
ecommerce web design price,ecommerce web design,10,0,,,commercial,,False
ecommerce web design company bangalore,ecommerce web design,10,0,,,commercial,,False
custom ecommerce web design services,ecommerce web design,10,0,,,commercial,,False
ecommerce web design toronto,ecommerce web design,10,0,,,commercial,,False
ecommerce web design company in bangalore,ecommerce web design,10,0,,,commercial,,False
ecommerce web design san diego,ecommerce web design,10,0,,,commercial,,False
ecommerce web design solutions,ecommerce web design,10,0,LOW,,commercial,,False
ecommerce web design packages,ecommerce web design,10,0,,,commercial,,False
ecommerce web design inspiration,ecommerce web design,10,0,HIGH,,informational,,False
ecommerce web design india,ecommerce web design,10,0,LOW,,commercial,,False
ecommerce web design package,ecommerce web design,10,0,,,commercial,,False
ecommerce web banner design,ecommerce web design,10,0,,,commercial,,False
ecommerce web design cheap,ecommerce web design,10,0,,,commercial,,False
ecommerce web design cost,ecommerce web design,10,0,,,commercial,,False
web design ecommerce prices,ecommerce web design,10,0,,,commercial,,False
ecommerce web design companies in dubai,ecommerce web design,10,0,,,commercial,,False
top ecommerce web design companies,ecommerce web design,10,0,,,commercial,top,False
ecommerce web design trends,ecommerce web design,10,0,,,informational,,False
web design inspiration ecommerce,ecommerce web design,10,0,LOW,,informational,,False
ecommerce web design south africa,ecommerce web design,10,0,,,commercial,,False
ecommerce website development in ahmedabad,ecommerce website development,10,0,,,commercial,,False
ecommerce website development price,ecommerce website development,10,0,MEDIUM,,commercial,,False
ecommerce website development kerala,ecommerce website development,10,0,,,navigational,,False
ecommerce website development in kerala,ecommerce website development,10,0,,,commercial,,False
ecommerce website development proposal pdf,ecommerce website development,10,0,,,informational,,False
ecommerce website development mumbai,ecommerce website development,10,0,,,commercial,,False
affordable ecommerce website development,ecommerce website development,10,0,,,commercial,affordable,False
ecommerce website development companies in dubai,ecommerce website development,10,0,LOW,,commercial,,False
ecommerce website design & development services,ecommerce website development,10,0,LOW,,commercial,,False
what is ecommerce website development,ecommerce website development,10,0,,,informational,,True
best platform for ecommerce website development,ecommerce website development,10,0,,,commercial,best,False
ecommerce website development project,ecommerce website development,10,0,,,commercial,,False
ecommerce website development guide,ecommerce website development,10,0,,,informational,,False
ecommerce website development near me,ecommerce website development,10,0,,,commercial,,False
custom ecommerce website development services,ecommerce website development,10,0,,,commercial,,False
ecommerce website development companies in bangalore,ecommerce website development,10,0,LOW,,commercial,,False
ecommerce website development usa,ecommerce website development,10,0,,,commercial,,False
ecommerce website development tutorial,ecommerce website development,10,0,,,informational,,False
b2b ecommerce website development,ecommerce website development,10,0,,,commercial,,False
ecommerce website development companies in india,ecommerce website development,10,0,,,commercial,,False
ecommerce website development in bangalore,ecommerce website development,10,0,,,commercial,,False
website development for ecommerce,ecommerce website development,10,0,LOW,38,commercial,,False
ecommerce website development cost in india,ecommerce website development,10,0,HIGH,,commercial,,False
ecommerce website development project plan,ecommerce website development,10,0,,,informational,,False
ecommerce website development process,ecommerce website development,10,0,,,informational,,False
ecommerce website development proposal,ecommerce website development,10,0,LOW,,informational,,False
ecommerce website development in wordpress,ecommerce website development,10,0,,,commercial,,False
ecommerce website development in uae,ecommerce website development,10,0,,,commercial,,False
cost of ecommerce website development,ecommerce website development,10,0,MEDIUM,,commercial,,False
ecommerce website development packages,ecommerce website development,10,0,LOW,,commercial,,False
ecommerce website development in chennai,ecommerce website development,10,0,,,commercial,,False
ecommerce website development cost in dubai,ecommerce website development,10,0,MEDIUM,,commercial,,False
ecommerce website design & development,ecommerce website development,10,0,LOW,,commercial,,False
wordpress ecommerce website development,ecommerce website development,10,0,,,commercial,,False
ecommerce website development in mumbai,ecommerce website development,10,0,,,commercial,,False
custom ecommerce website development,ecommerce website development,10,0,LOW,,commercial,,False
magento ecommerce website development,ecommerce website development,10,0,,,commercial,,False
ecommerce website design development,ecommerce website development,10,0,LOW,,commercial,,False
ecommerce website development kuwait,ecommerce website development,10,0,,,navigational,,False
ecommerce website development london,ecommerce website development,10,0,,,commercial,,False
ecommerce website development sydney,ecommerce website development,10,0,,,commercial,,False
ecommerce website development chennai,ecommerce website development,10,0,,,navigational,,False
ecommerce website development companies,ecommerce website development,10,0,LOW,,commercial,,False
cost for ecommerce website development,ecommerce website development,10,0,MEDIUM,,commercial,,False
best technology for ecommerce website development,ecommerce website development,10,0,,,commercial,best,False
ecommerce website development solutions,ecommerce website development,10,0,,,commercial,,False
ecommerce website development cost,ecommerce website development,10,0,MEDIUM,,commercial,,False
ecommerce website development course,ecommerce website development,10,0,,,commercial,,False
which technology is best for ecommerce website development,ecommerce website development,10,0,,,informational,best,True
ecommerce website development in abu dhabi,ecommerce website development,10,0,MEDIUM,,commercial,,False
ecommerce website development price list,ecommerce website development,10,0,,,commercial,,False
ecommerce website design and development services,ecommerce website development,10,0,LOW,,commercial,,False
ecommerce website development price in india,ecommerce website development,10,0,,,commercial,,False
auto parts ecommerce website development,ecommerce website development,10,0,,,commercial,,False
ecommerce website design and development,ecommerce website development,10,0,LOW,,commercial,,False
ecommerce website development quotation,ecommerce website development,10,0,,,commercial,,False
ecommerce website development sharjah,ecommerce website development,10,0,LOW,,commercial,,False
ecommerce website development south africa,ecommerce website development,10,0,,,commercial,,False
ecommerce website development plan,ecommerce website development,10,0,,,informational,,False
learn ecommerce website development,ecommerce website development,10,0,,,informational,,False
shopify ecommerce website development,ecommerce website development,10,37.34,HIGH,,navigational,,False
ecommerce website development in usa,ecommerce website development,10,0,,,commercial,,False
ecommerce website development platforms,ecommerce website development,10,0,,,commercial,,False
web development ecommerce website,ecommerce website development,10,0,,,commercial,,False
ecommerce website development tools,ecommerce website development,10,0,,,commercial,,False
ecommerce website development checklist,ecommerce website development,10,0,,,informational,,False
ecommerce website development cost in pakistan,ecommerce website development,10,0,,,commercial,,False
best ecommerce website development dubai,ecommerce website development,10,0,,,commercial,best,False
ecommerce website and app development,ecommerce website development,10,0,,,commercial,,False
ecommerce website development service,ecommerce website development,10,0,,,commercial,,False
ecommerce website development delhi,ecommerce website development,10,0,,,commercial,,False
ecommerce website development quotes,ecommerce website development,10,0,,,informational,,False
ecommerce website development bahrain,ecommerce website development,10,0,,,commercial,,False
ecommerce website development in php,ecommerce website development,10,0,,,commercial,,False
ecommerce website development uk,ecommerce website development,10,0,,,commercial,,False
ecommerce website development package,ecommerce website development,10,0,LOW,,commercial,,False
ecommerce website development in pakistan,ecommerce website development,10,0,,,commercial,,False
ecommerce website development in laravel,ecommerce website development,10,0,,,commercial,,False
ecommerce website development cost india,ecommerce website development,10,0,,,commercial,,False
ecommerce website development bangalore,ecommerce website development,10,0,LOW,,commercial,,False
shopify plus development agency,shopify agency,10,0,LOW,,navigational,,False
best shopify agency,shopify agency,10,0,LOW,,commercial,best,False
shopify agency london,shopify agency,10,0,,,commercial,,False
shopify agency near me,shopify agency,10,0,HIGH,,navigational,,False
shopify web agency,shopify agency,10,0,,,commercial,,False
shopify agency partner program,shopify agency,10,0,,,commercial,,False
shopify management agency,shopify agency,10,0,,,navigational,,False
shopify agency bristol,shopify agency,10,0,,,navigational,,False
seo agency shopify,shopify agency,10,0,,,commercial,,False
shopify plus web development agency,shopify agency,10,0,,,commercial,,False
shopify support agency,shopify agency,10,0,HIGH,,navigational,,False
shopify for travel agency,shopify agency,10,0,,,navigational,,False
shopify agency theme,shopify agency,10,0,,,navigational,,False
code shopify agency,shopify agency,10,0,,,commercial,,False
shopify travel agency,shopify agency,10,0,,,navigational,,False
shopify store design agency,shopify agency,10,0,LOW,,navigational,,False
shopify agency usa,shopify agency,10,0,,,navigational,,False
top shopify development agency,shopify agency,10,0,,,navigational,top,False
top shopify agency,shopify agency,10,0,,,navigational,top,False
shopify agency partners,shopify agency,10,0,MEDIUM,,navigational,,False
hire shopify agency,shopify agency,10,0,,,commercial,,False
shopify plus agency,shopify agency,10,1.82,LOW,,navigational,,False
shopify design agency,shopify agency,10,0,HIGH,,navigational,,False
shopify agency india,shopify agency,10,0,,,navigational,,False
shopify ads agency,shopify agency,10,0,,,commercial,,False
shopify agency new york,shopify agency,10,0,,,navigational,,False
shopify app development agency,shopify agency,10,0,,,navigational,,False
shopify plus design agency,shopify agency,10,0,,,navigational,,False
shopify digital marketing agency,shopify agency,10,0,,,commercial,,False
shopify development agency near me,shopify agency,10,0,,,navigational,,False
shopify website agency,shopify agency,10,0,,,navigational,,False
shopify store agency,shopify agency,10,0,,,navigational,,False
shopify marketing agency,shopify agency,10,18.3,HIGH,,commercial,,False
shopify app agency,shopify agency,10,0,,,navigational,,False
shopify digital agency,shopify agency,10,0,,,commercial,,False
shopify development agency india,shopify agency,10,0,,,navigational,,False
shopify agency in usa,shopify agency,10,0,HIGH,,navigational,,False
shopify ad agency,shopify agency,10,0,,,commercial,,False
shopify agency account,shopify agency,10,0,,,navigational,,False
best shopify marketing agency,shopify agency,10,0,,,commercial,best,False
shopify experts agency,shopify agency,10,0,,,navigational,,False
shopify travel agency theme,shopify agency,10,0,,,navigational,,False
shopify store development agency,shopify agency,10,0,LOW,,navigational,,False
shopify marketing agency in india,shopify agency,10,0,,,navigational,,False
marketing agency for shopify,shopify agency,10,0,,,commercial,,False
shopify web design agency,shopify agency,10,1.82,LOW,,commercial,,False
shopify agency uk,shopify agency,10,0,HIGH,,navigational,,False
shopify plus agency coalition,shopify agency,10,0,LOW,,navigational,,False
shopify agency australia,shopify agency,10,0,,,commercial,,False
shopify developer agency,shopify agency,10,1.2,,,navigational,,False
shopify partner agency,shopify agency,10,0,,,navigational,,False
shopify store management agency,shopify agency,10,0,HIGH,,navigational,,False
shopify advertising agency,shopify agency,10,0,,,commercial,,False
shopify expert agency,shopify agency,10,0,MEDIUM,,navigational,,False
shopify website design agency,shopify agency,10,1.82,LOW,,navigational,,False
shopify web development company in india,shopify development company,10,0,,,navigational,,False
shopify development company india,shopify development company,10,0,LOW,,navigational,,False
shopify website development company india,shopify development company,10,0,,,navigational,,False
shopify development company usa,shopify development company,10,0,LOW,,navigational,,False
best shopify development company,shopify development company,10,0,,,commercial,best,False
top shopify development company in india,shopify development company,10,0,,,commercial,top,False
best shopify development company in india,shopify development company,10,0,,,commercial,best,False
top shopify development company,shopify development company,10,0,,,commercial,top,False
shopify development company in usa,shopify development company,10,0,,,commercial,,False
shopify development company in bangalore,shopify development company,10,0,,,commercial,,False
shopify theme development company,shopify development company,10,0,,,navigational,,False
shopify partner development store,shopify development partner,10,0,,,navigational,,False
woocommerce development company in dubai,woocommerce development company,10,0,,,commercial,,False
woocommerce development company,woocommerce development company,10,0,LOW,,commercial,,False
woocommerce website development company,woocommerce development company,10,0,,,commercial,,False
woocommerce web design agency,woocommerce agency,10,0,,,commercial,,False
woocommerce development agency,woocommerce agency,10,0,LOW,,commercial,,False
woocommerce developer jobs,woocommerce developer,10,0,,,informational,,False
woocommerce wordpress developer,woocommerce developer,10,0,HIGH,,commercial,,False
woocommerce developer near me,woocommerce developer,10,0,,,commercial,,False
woocommerce web developer,woocommerce developer,10,0,,,commercial,,False
woocommerce developer,woocommerce developer,10,0,,,commercial,,False
wordpress woocommerce developer,woocommerce developer,10,0,HIGH,,commercial,,False
woocommerce developer india,woocommerce developer,10,0,,,commercial,,False
woocommerce developer docs,woocommerce developer,10,0,,,navigational,,False
woocommerce developer blog,woocommerce developer,10,0,,,informational,,False
hire a woocommerce developer,woocommerce developer,10,0,,,commercial,,False
woocommerce website developer,woocommerce developer,10,0,,,commercial,,False
woocommerce developer documentation,woocommerce developer,10,0,,,informational,,False
magento development company in uk,magento development company,10,0,,,commercial,,False
magento web development company coalition,magento development company,10,0,LOW,,navigational,,False
top magento development company,magento development company,10,0,,,commercial,top,False
magento website development company in india,magento development company,10,0,,,commercial,,False
magento development company india,magento development company,10,0,,,navigational,,False
magento development company in india,magento development company,10,0,,,commercial,,False
magento development company in dubai,magento development company,10,0,LOW,,commercial,,False
magento website development company,magento development company,10,0,,,commercial,,False
magento development company in uae,magento development company,10,0,,,commercial,,False
magento development company usa,magento development company,10,0,,,commercial,,False
magento development company dubai,magento development company,10,0,LOW,,commercial,,False
ceymox magento development company,magento development company,10,0,,,navigational,,False
best magento development company,magento development company,10,0,,,commercial,best,False
custom magento development company,magento development company,10,0,,,commercial,,False
magento web development company,magento development company,10,0,LOW,,commercial,,False
magento development agency uk,magento agency,10,0,,,commercial,,False
magento agency,magento agency,10,0,,,navigational,,False
magento web design agency,magento agency,10,0,,,commercial,,False
magento web development agency,magento agency,10,0,LOW,,commercial,,False
magento development services uk,magento development services,10,0,LOW,,commercial,,False
magento website development services,magento development services,10,0,,,commercial,,False
magento web development services,magento development services,10,0,,,commercial,,False
magento ecommerce development services,magento development services,10,0,LOW,,commercial,,False
magento 2 development services,magento development services,10,0,,,navigational,,False
bigcommerce development company,bigcommerce development company,10,0,LOW,,commercial,,False
customized b2b ecommerce development services,b2b ecommerce development,10,0,,,commercial,,False
b2b ecommerce development services,b2b ecommerce development,10,0,,,commercial,,False
best ecommerce seo company,ecommerce seo company,10,0,LOW,,commercial,best,False
ecommerce seo services company,ecommerce seo company,10,0,,,commercial,,False
ecommerce consulting company,ecommerce consulting company,10,0,,,commercial,,False
amazon marketplace agency,amazon marketplace agency,10,0,,,navigational,,False
best ecommerce website design company,ecommerce website design company,10,0,,,commercial,best,False
ecommerce website design company in india,ecommerce website design company,10,0,,,commercial,,False
ecommerce website design company in bangalore,ecommerce website design company,10,0,,,commercial,,False
ecommerce website design company india,ecommerce website design company,10,0,,,commercial,,False
best ecommerce website design company in india,ecommerce website design company,10,0,,,commercial,best,False
