bucket,seed,geo,keyword,volume,cpc,competition,kd
hire,shopify experts,uae,experts shopify,50,12.88,0.48,
hire,shopify experts,uae,shopify experts developers,50,12.88,0.48,
hire,shopify experts,uae,shopify experts,50,12.88,0.48,47
compare,shopify vs woocommerce,uae,woocommerce vs shopify,40,4.34,0.26,45
hire,shopify development services,uae,shopify web development services,40,0,0,
hire,shopify development services,uae,shopify development services,40,0,0.13,
hire,shopify development services,uae,shopify website development services,40,0,0,
hire,shopify experts,uae,shopify experts dubai,40,31.65,0.37,35
compare,shopify vs woocommerce,uae,shopify vs woocommerce,30,2.57,0.15,45
cost,shopify plus cost,uae,shopify plus cost,30,0,0.04,
hire,ecommerce website development services,uae,ecommerce website development services,20,0,0.43,
hire,ecommerce website development services,uae,ecommerce website development services india,20,0,0.21,
hire,ecommerce website development services,uae,ecommerce website development services in india,20,0,0.21,
howto,how to start an online store,uae,how to start an online store website,20,3.12,0.73,
howto,how to start an online store,uae,how to start an online store,20,3.12,0.73,69
compare,shopify vs woocommerce,uae,shopify vs bigcommerce vs woocommerce,10,0,0,
compare,shopify vs woocommerce,uae,shopify vs woocommerce which is better,10,0,0.71,
compare,shopify vs woocommerce,uae,shopify vs woocommerce vs magento,10,0,0,
compare,shopify vs woocommerce,uae,woocommerce vs shopify vs bigcommerce,10,0,0,
compare,shopify vs woocommerce,uae,woocommerce vs shopify vs magento,10,0,0,
compare,shopify vs woocommerce,uae,shopify vs woocommerce conversion rate,10,0,0,
compare,shopify vs woocommerce,uae,shopify vs woocommerce reddit,10,0,0,
compare,shopify vs woocommerce,uae,shopify vs woocommerce dropshipping,10,0,0,
compare,shopify vs woocommerce,uae,wordpress woocommerce vs shopify,10,0,0,
compare,shopify vs woocommerce,uae,shopify vs woocommerce vs wix,10,0,0,
compare,shopify vs woocommerce,uae,shopify vs woocommerce pricing,10,0,0,
compare,shopify vs woocommerce,uae,opencart vs woocommerce vs shopify,10,0,0,
compare,shopify vs woocommerce,uae,bigcommerce vs woocommerce vs shopify,10,0,0.07,
compare,shopify vs woocommerce,uae,shopify vs wordpress woocommerce,10,0,0,
compare,shopify vs woocommerce,uae,shopify vs woocommerce vs bigcommerce,10,0,0,
compare,shopify vs woocommerce,uae,magento vs woocommerce vs shopify vs opencart,10,0,0,
compare,shopify vs woocommerce,uae,woocommerce vs shopify for dropshipping,10,0,0,
compare,shopify vs woocommerce,uae,shopify vs wix vs woocommerce,10,0,0,
compare,shopify vs woocommerce,uae,shopify vs woocommerce comparison,10,0,0,
compare,shopify vs woocommerce,uae,woocommerce vs shopify vs wix,10,0,0,
compare,shopify vs woocommerce,uae,shopify vs woocommerce market share,10,0,0.07,
compare,shopify vs woocommerce,uae,woocommerce vs shopify reddit,10,0,0,
compare,shopify vs woocommerce,uae,woocommerce vs shopify market share,10,0,0,
compare,shopify vs woocommerce,uae,shopify vs magento vs woocommerce,10,0,0,
compare,shopify vs woocommerce,uae,woocommerce vs shopify pricing,10,0,0,
compare,shopify vs woocommerce,uae,magento vs woocommerce vs shopify vs opencart vs prestashop,10,0,0,
compare,shopify vs woocommerce,uae,magento vs woocommerce vs shopify,10,0,0,34
compare,shopify vs woocommerce,uae,magento vs shopify vs woocommerce,10,0,0,
compare,shopify vs woocommerce,uae,shopify vs woocommerce for dropshipping,10,0,0,
compare,shopify vs woocommerce,uae,woocommerce pricing vs shopify,10,0,0.71,
compare,shopify vs woocommerce,uae,shopify vs woocommerce vs wordpress,10,0,0,
compare,shopify vs woocommerce,uae,bigcommerce vs shopify vs woocommerce,10,0,0,
compare,shopify vs woocommerce,uae,woocommerce vs magento vs shopify,10,0,0,
compare,shopify vs woocommerce,uae,shopify vs woocommerce cost,10,0,0,
compare,shopify vs magento,uae,shopify vs magento reddit,10,0,0,
compare,shopify vs magento,uae,magento vs wordpress vs shopify,10,0,0,
compare,shopify vs magento,uae,magento vs shopify comparison,10,0,0,
compare,shopify vs magento,uae,shopify vs magento,10,0,0,44
compare,shopify vs magento,uae,shopify vs magento 2,10,0,0,
compare,shopify vs magento,uae,magento vs shopify,10,0,0.12,44
compare,shopify vs magento,uae,magento ecommerce vs shopify,10,0,0,
compare,shopify vs magento,uae,magento 2 vs shopify,10,0,0,
compare,shopify vs magento,uae,wordpress vs shopify vs magento,10,0,0,
compare,shopify vs bigcommerce,uae,shopify vs bigcommerce,10,0,0,42
compare,shopify vs bigcommerce,uae,shopify vs bigcommerce pricing,10,0,0,
compare,shopify vs bigcommerce,uae,bigcommerce vs shopify,10,0,0.06,
compare,shopify vs bigcommerce,uae,bigcommerce vs shopify pricing,10,0,0,
compare,shopify vs bigcommerce,uae,bigcommerce vs shopify reddit,10,0,0,
compare,woocommerce vs magento,uae,magento vs woocommerce,10,0,0,34
compare,woocommerce vs magento,uae,magento vs opencart vs prestashop vs woocommerce,10,0,0,
compare,woocommerce vs magento,uae,woocommerce vs magento,10,0,0,
compare,wix vs shopify,uae,wix vs shopify vs squarespace,10,0,0,
compare,wix vs shopify,uae,wix vs shopify,10,0,0.29,42
compare,wix vs shopify,uae,shopify vs wordpress vs wix,10,0,0,
compare,wix vs shopify,uae,squarespace vs wix vs shopify,10,0,0,
compare,wix vs shopify,uae,wix vs shopify vs wordpress,10,0,0,
compare,wix vs shopify,uae,shopify vs wix pricing,10,0,0,
compare,wix vs shopify,uae,wix vs squarespace vs shopify,10,0,0,
compare,wix vs shopify,uae,wix vs shopify pricing,10,0,0,
compare,wix vs shopify,uae,wix ecommerce vs shopify,10,0,0,
compare,wix vs shopify,uae,dropshipping wix vs shopify,10,0,0,
compare,wix vs shopify,uae,shopify vs wix vs wordpress,10,0,0,
compare,wix vs shopify,uae,wordpress vs shopify vs wix,10,0,0,
compare,wix vs shopify,uae,wix vs shopify ecommerce,10,0,0,
compare,wix vs shopify,uae,wix vs shopify for ecommerce,10,0,0,
compare,wix vs shopify,uae,shopify vs wix,10,0.94,0.29,42
compare,wix vs shopify,uae,wix vs shopify transaction fees,10,0,0,
compare,wix vs shopify,uae,wix store vs shopify,10,0,0,
compare,wix vs shopify,uae,wix vs wordpress vs shopify,10,0,0,
compare,wix vs shopify,uae,shopify vs wix vs squarespace,10,0,0,
compare,wix vs shopify,uae,shopify vs wix for ecommerce,10,0,0,
compare,wix vs shopify,uae,godaddy vs shopify vs wix,10,0,0,
compare,squarespace vs shopify,uae,wordpress vs shopify vs squarespace,10,0,0,
compare,squarespace vs shopify,uae,shopify vs squarespace,10,0,0.19,
compare,squarespace vs shopify,uae,squarespace vs shopify,10,0,0.05,
compare,squarespace vs shopify,uae,shopify vs wordpress vs squarespace,10,0,0,
compare,shopify vs custom website,uae,shopify vs custom website,10,0,0,
compare,shopify vs custom website,uae,custom website vs shopify,10,0,0,
compare,shopify vs custom website,uae,shopify vs custom website reddit,10,0,0,
compare,best ecommerce platform for small business,uae,which ecommerce platform is best for small business,10,0,0,
compare,best ecommerce platform for small business,uae,what is the best ecommerce platform for small business,10,0,0,
compare,best ecommerce platform for small business,uae,best ecommerce platform for small business in india,10,0,0,
compare,best ecommerce platform for small business,uae,best ecommerce platform for small business,10,7.38,0.43,
compare,which ecommerce platform is best,uae,which ecommerce platform is best in uae,10,0,0,
compare,which ecommerce platform is best,uae,which platform is best for ecommerce website,10,0,0,
compare,which ecommerce platform is best,uae,which is best ecommerce platform,10,2.32,0.57,
compare,which ecommerce platform is best,uae,which ecommerce platform is best for seo,10,0,0,
compare,which ecommerce platform is best,uae,which ecommerce platform is best for dropshipping,10,0,0,
compare,which ecommerce platform is best,uae,which ecommerce platform is best,10,2.32,0.57,
compare,which ecommerce platform is best,uae,which is the best platform to build a ecommerce website,10,0,0,
compare,which ecommerce platform is best,uae,which ecommerce platform is best in india,10,0,0,
compare,which ecommerce platform is best,uae,which ecommerce platform is best in pakistan,10,0,0.71,
compare,which ecommerce platform is best,uae,which is the best ecommerce platform in india,10,0,0,
compare,shopify plus vs shopify,uae,advanced shopify vs shopify plus,10,0,0,
compare,shopify plus vs shopify,uae,shopify vs shopify plus features,10,0,0,
compare,shopify plus vs shopify,uae,shopify plus vs advanced,10,0,0,
compare,shopify plus vs shopify,uae,shopify plus vs shopify,10,0,0.09,
compare,shopify plus vs shopify,uae,shopify advanced vs plus,10,0,0,
compare,shopify plus vs shopify,uae,shopify plus vs shopify advanced,10,0,0,
compare,shopify plus vs shopify,uae,shopify vs shopify plus,10,0,0.09,
compare,shopify plus vs shopify,uae,shopify plus vs basic,10,0,0,
compare,shopify plus vs shopify,uae,shopify vs shopify plus pricing,10,0,0,
compare,bigcommerce vs woocommerce,uae,woocommerce vs bigcommerce,10,0,0,
compare,bigcommerce vs woocommerce,uae,bigcommerce vs woocommerce,10,0,0,
migrate,magento to shopify migration,uae,magento 2 to shopify migration,10,0,0,
migrate,magento to shopify migration,uae,migration from magento to shopify,10,0,0,
migrate,magento to shopify migration,uae,migration magento to shopify,10,0,0,
migrate,magento to shopify migration,uae,magento to shopify product migration,10,0,0,
migrate,magento to shopify migration,uae,shopify to magento migration,10,0,0,
migrate,magento to shopify migration,uae,magento to shopify migration,10,0,0,
migrate,woocommerce to shopify migration,uae,woocommerce to shopify migration plugin,10,0,0,
migrate,woocommerce to shopify migration,uae,woocommerce to shopify migration,10,0,0.29,
migrate,woocommerce to shopify migration,uae,shopify to woocommerce migration,10,0,0.14,
migrate,shopify migration services,uae,shopify migration services,10,0,0,
migrate,magento 1 to magento 2 migration,uae,migration magento 1 to 2,10,0,0,
migrate,magento 1 to magento 2 migration,uae,magento 1 to magento 2 migration,10,0,0,
migrate,magento 1 to magento 2 migration,uae,magento 1 to 2 migration,10,0,0,
migrate,magento 1 to magento 2 migration,uae,magento migration from 1 to 2,10,0,0,
migrate,bigcommerce to shopify migration,uae,bigcommerce to shopify migration,10,0,0,
migrate,wix to shopify migration,uae,wix to shopify migration,10,0,0,
migrate,shopify plus migration,uae,shopify plus migration,10,0,0,
vertical,b2b ecommerce website development,uae,b2b ecommerce website development,10,0,0,
vertical,ecommerce website for electronics,uae,ecommerce website for electronics,10,0,1,
cost,ecommerce website development cost,uae,ecommerce website development cost in india,10,0,0.86,
cost,ecommerce website development cost,uae,cost of ecommerce website development,10,0,0.46,
cost,ecommerce website development cost,uae,ecommerce website development cost in dubai,10,0,0.43,
cost,ecommerce website development cost,uae,cost for ecommerce website development,10,0,0.46,
cost,ecommerce website development cost,uae,ecommerce website development cost,10,0,0.46,
cost,ecommerce website development cost,uae,ecommerce website development cost in pakistan,10,0,0,
cost,ecommerce website development cost,uae,ecommerce website development cost india,10,0,0,
cost,shopify development cost,uae,shopify store development cost,10,0,0,
cost,shopify development cost,uae,shopify development cost,10,0,0.24,
cost,shopify development cost,uae,shopify website development cost,10,0,0.57,
cost,shopify development cost,uae,shopify app development cost,10,0,0,
cost,shopify development cost,uae,shopify website development cost in india,10,4.67,0.71,
cost,how much does an ecommerce website cost,uae,how much does it cost to build an ecommerce website,10,0,0.21,
cost,how much does an ecommerce website cost,uae,how much does it cost to make an ecommerce website,10,0,0.21,
cost,how much does an ecommerce website cost,uae,how much does it cost to develop an ecommerce website,10,0,0,
cost,how much does an ecommerce website cost,uae,how much does an ecommerce website cost in india,10,0,0,
cost,how much does an ecommerce website cost,uae,how much does an ecommerce website cost,10,0,0.64,
cost,how much does an ecommerce website cost,uae,how much does it cost to create an ecommerce website,10,0,0.21,
cost,how much does an ecommerce website cost,uae,how much does it cost for an ecommerce website,10,0,0.64,
cost,magento development cost,uae,magento 2 development cost,10,0,0,
cost,woocommerce website cost,uae,woocommerce website development cost,10,0,0,
cost,shopify plus cost,uae,shopify plus monthly cost,10,0,0,
hire,hire shopify developer,uae,hire shopify developer,10,21.92,0.86,
hire,hire shopify developer,uae,hire shopify website developer,10,0,0,
hire,hire shopify developer,uae,hire a shopify developer,10,21.92,0.86,
hire,hire shopify developer,uae,hire shopify developer india,10,0,0,
hire,hire shopify developer,uae,shopify developer hire,10,0,0,
hire,hire shopify developer,uae,shopify developer for hire,10,0,0,
hire,hire shopify developer,uae,hire shopify app developer,10,0,0,
hire,hire ecommerce developer,uae,hire ecommerce developer,10,0,0,
hire,shopify development services,uae,shopify store development services,10,0,0,
hire,shopify development services,uae,shopify development services in dubai,10,0,0,
hire,shopify development services,uae,shopify ecommerce development services,10,0,0,
hire,shopify development services,uae,shopify website development services in india,10,0,0,
hire,shopify development services,uae,shopify development services india,10,0,0,
hire,shopify development services,uae,shopify theme development services,10,0,0,
hire,shopify development services,uae,shopify app development services,10,0,0,
hire,shopify development services,uae,shopify plus development services,10,0,0,
hire,ecommerce website development services,uae,ecommerce website design & development services,10,0,0,
hire,ecommerce website development services,uae,custom ecommerce website development services,10,0,0,
hire,ecommerce website development services,uae,ecommerce website design and development services,10,0,0,
hire,shopify experts,uae,shopify marketing experts,10,0,0,
hire,shopify experts,uae,shopify experts in india,10,29.5,0.64,
hire,shopify experts,uae,freelancer shopify experts,10,0,0,
hire,shopify experts,uae,shopify experts cost,10,0,0,
hire,shopify experts,uae,shopify ecommerce experts,10,0,0,
hire,shopify experts,uae,how to become shopify experts,10,0,0,
hire,shopify experts,uae,shopify experts for hire,10,0,0,
hire,shopify experts,uae,shopify experts usa,10,0,0,
hire,shopify experts,uae,shopify experts program,10,0,0,
hire,shopify experts,uae,shopify development experts,10,0,0,
hire,shopify experts,uae,what do shopify experts do,10,0,0,
hire,shopify experts,uae,shopify experts nederland,10,0,0,
hire,shopify experts,uae,shopify experts india,10,29.5,0.64,
hire,shopify experts,uae,shopify tax experts,10,0,0,
hire,shopify experts,uae,top shopify experts,10,0,0,
hire,shopify experts,uae,shopify experts directory,10,0,0,
hire,shopify experts,uae,shopify experts uk,10,0,0,
hire,shopify experts,uae,shopify experts philippines,10,0,0,
hire,shopify experts,uae,become shopify experts,10,0,0,
hire,shopify experts,uae,shopify experts in chennai,10,0,0,
hire,shopify experts,uae,shopify experts uae,10,0,0.86,
hire,shopify experts,uae,shopify store setup experts,10,0,0,
hire,shopify experts,uae,shopify setup experts,10,0,0,
hire,shopify experts,uae,shopify experts seo,10,0,0,
hire,shopify experts,uae,shopify theme experts,10,0,0,
hire,shopify experts,uae,shopify set up experts,10,0,0,
hire,shopify experts,uae,shopify experts logo,10,0,0,
hire,shopify experts,uae,shopify experts marketing,10,0,0,
hire,shopify experts,uae,shopify experts agency,10,0,0,
hire,shopify experts,uae,shopify plus experts,10,0,0,
hire,shopify experts,uae,shopify experts near me,10,1.23,0,
hire,shopify experts,uae,shopify experts marketplace,10,0,0.86,
hire,shopify experts,uae,are shopify experts worth it,10,0,0,
hire,shopify experts,uae,shopify experts bangalore,10,0,0,
hire,shopify experts,uae,hire shopify experts,10,40.3,0.86,
hire,shopify experts,uae,seo shopify experts,10,0,0,
hire,shopify experts,uae,shopify design experts,10,0,0,
hire,shopify experts,uae,shopify experts website,10,0,0,
hire,shopify experts,uae,shopify experts coalition,10,0,0,
hire,shopify experts,uae,best shopify experts,10,0,0,
hire,shopify experts,uae,shopify experts hire,10,0,0,
hire,shopify experts,uae,shopify website experts,10,0,0.86,
hire,shopify experts,uae,shopify experts france,10,0,0,
hire,shopify experts,uae,shopify experts south africa,10,0,0,
hire,shopify partner agency,uae,shopify agency partner program,10,0,0,
hire,shopify partner agency,uae,shopify partner agency,10,0,0,
howto,how to build an ecommerce website,uae,how long to build an ecommerce website,10,0,0,
howto,how to build an ecommerce website,uae,learn how to build an ecommerce website,10,0,0,
howto,how to build an ecommerce website,uae,how to build an ecommerce website,10,5.81,0.81,
howto,how to build an ecommerce website,uae,how much to build an ecommerce website in nigeria,10,0,0,
howto,how to build an ecommerce website,uae,how to build an ecommerce website like amazon,10,0,0,
howto,how to build an ecommerce website,uae,how to build an ecommerce website for free,10,11.06,0.81,
howto,how to build an ecommerce website,uae,how to build an ecommerce website step by step,10,0,0,
howto,how to build an ecommerce website,uae,how to build an ecommerce website on wordpress,10,0,0.86,
howto,how to build an ecommerce website,uae,how to build an ecommerce website with wordpress,10,0,0.86,
howto,how to build an ecommerce website,uae,how to build an ecommerce website from scratch,10,0,0,
howto,how to build an ecommerce website,uae,how long does it take to build an ecommerce website,10,0,0,
howto,how to start an online store,uae,how to start an online apparel store,10,0,0,
howto,how to start an online store,uae,how to start an online store business,10,2.05,0.86,
howto,how to start an online store,uae,how much does it cost to start an online store,10,0,0,
howto,how to start an online store,uae,how to start an online business store,10,2.05,0.86,
howto,how to start an online store,uae,how to start an online store with shopify,10,0,0,
howto,how to start an online store,uae,how to start an online store without inventory,10,0,0,
howto,how to start an online store,uae,how to start an online grocery store,10,0,0,
howto,how to start an online store,uae,how to start an online store for free,10,0,0.86,
howto,how to start an online store,uae,how to start an online gift store,10,0,0,
howto,how to start an online store,uae,how to start an online store in india,10,0,0,
howto,how to start an online store,uae,how to start an online store free,10,0,0.86,
howto,how to start an online store,uae,how to start an online fish store,10,0,0,
howto,how to start an online store,uae,how to start an online supplement store,10,0,0,
howto,how to start an online store,uae,how to start an online clothing store,10,0,0,
howto,how to start an online store,uae,how to start an online fashion store,10,0,0,
howto,how to start an online store,uae,how to start an online store with amazon,10,0,0,
howto,how to start an online store,uae,how to start an online clothing store with no money,10,0,0,
howto,how to start an online store,uae,how to start an online store with no money,10,1.86,0.86,
howto,how to start an online store,uae,how to start an online shoe store,10,0,0,
howto,how to start an online store,uae,how to start an online resale store,10,0,0,
howto,how to start an online store,uae,how to start an online amazon store,10,0,0,
howto,how to start an online store,uae,how to start an online store on amazon,10,0,0,
howto,how to start an online store,uae,how to start an online pet store,10,0,0,
howto,how to start an online store,uae,how to start an online jewelry store,10,0,0,
howto,how to migrate to shopify,uae,how to migrate shopify to shopify,10,0,0,
howto,how to migrate to shopify,uae,how to migrate from magento to shopify,10,0,0,
howto,how to migrate to shopify,uae,how to migrate wordpress site to shopify,10,0,0,
howto,how to migrate to shopify,uae,how to migrate wordpress to shopify,10,0,0,
howto,how to increase ecommerce sales,uae,how to increase sales ecommerce website,10,0,0.57,
howto,how to increase ecommerce sales,uae,how to increase sales on ecommerce website,10,0,0,
howto,how to increase ecommerce sales,uae,how to increase sales ecommerce,10,4.4,0.9,
howto,how to increase ecommerce sales,uae,how to increase ecommerce sales,10,4.4,0.9,
howto,how to optimize ecommerce website,uae,how to optimize ecommerce website,10,0,0,
howto,ecommerce website checklist,uae,ecommerce website seo checklist,10,0,0,
howto,ecommerce website checklist,uae,ecommerce website audit checklist,10,0,0.86,
howto,ecommerce website checklist,uae,seo checklist for ecommerce website,10,0,0,
howto,ecommerce website checklist,uae,ecommerce website checklist,10,0,0,
howto,ecommerce website checklist,uae,ecommerce website testing checklist,10,0,0,
howto,ecommerce website checklist,uae,ecommerce website development checklist,10,0,0,
howto,ecommerce website checklist,uae,ecommerce website requirements checklist,10,0,0,
