keyword,vertical,search_volume,difficulty,cpc,variants
top digital marketing agency,digital_mkt,8100,33,1.14,5
best digital marketing agency in india,digital_mkt,5400,9,0.91,2
top seo agency in india,seo,3600,51,2.18,13
best digital marketing agency in hyd,digital_mkt,3600,66,1.11,3
best seo agencies in india,seo,3600,51,2.18,1
best digital marketing agency in delhi,digital_mkt,2900,52,0.91,1
best seo company delhi,seo,1900,29,1.84,5
best digital marketing agency chennai,digital_mkt,1900,20,0.95,2
top digital marketing agency in india,digital_mkt,1900,35,0.6,3
best digital marketing agency noida,digital_mkt,1900,38,1.12,2
best digital marketing agency bangalore,digital_mkt,1900,58,1.32,2
top digital marketing companies in india,digital_mkt,1900,0,0.6,1
best seo agency,seo,1600,35,2.11,9
best seo company in noida,seo,1600,16,0.9,2
best digital marketing agency in ahmedabad,digital_mkt,1600,51,0.64,1
best digital marketing agency jaipur,digital_mkt,1600,22,0.51,2
best digital marketing agency pune,digital_mkt,1600,37,0.83,2
best seo company ahmedabad,seo,1300,96,2.36,2
best seo company jaipur,seo,1300,23,0.59,3
top web development company,web_design,1300,47,1.55,2
best digital marketing agency kolkata,digital_mkt,1300,99,0.69,2
best digital marketing agency in mumbai,digital_mkt,1300,29,0.7,1
best digital marketing agency in kerala,digital_mkt,1300,51,0.56,1
best digital marketing agency in lucknow,digital_mkt,1300,50,0.33,1
best digital marketing agency in kochi,digital_mkt,1300,56,0.98,1
best digital marketing agency in varanasi,digital_mkt,1300,4,0.55,1
best seo company mumbai,seo,1000,28,0.55,3
best web design company coimbatore,web_design,1000,92,0.81,4
top web development company in india,web_design,1000,5,2.35,3
best digital marketing agency chandigarh,digital_mkt,1000,15,0.54,2
top 10 digital marketing agency in india,digital_mkt,1000,1,0.5,2
best digital marketing agency near me,digital_mkt,1000,23,0.78,1
top 10 digital marketing company in india,digital_mkt,1000,1,0.5,1
best seo company in mohali,seo,880,0,0.27,4
best seo agency dubai,seo,880,54,2.65,9
best seo company chennai,seo,880,52,1.19,2
best digital marketing agency dubai,digital_mkt,880,28,1.64,2
top 10 marketing companies in india,other,880,0,1.07,1
best seo agency bangalore,seo,720,45,3.51,9
best seo services hyderabad,seo,720,19,2.06,3
best seo agency mumbai,seo,720,26,1.52,2
best seo company kerala,seo,720,19,2.52,2
best seo company kolkata,seo,720,8,0.96,2
best web development company delhi,web_design,720,60,1.83,4
best digital marketing agency gurgaon,digital_mkt,720,86,1.25,2
best digital marketing agency in indore,digital_mkt,720,21,0.65,1
best digital marketing agency in delhi/ncr,digital_mkt,720,55,1.44,2
best digital marketing agency in dehradun,digital_mkt,720,20,0.35,1
best digital marketing agency in calicut,digital_mkt,720,56,0.56,1
best digital marketing agency in surat,digital_mkt,720,9,0.67,1
best seo company in pune,seo,590,21,2.5,1
best seo company lucknow,seo,590,0,0.64,2
best seo services bangalore,seo,590,27,2.72,2
best web design company chennai,web_design,590,42,0.59,2
best web design company in india,web_design,590,11,1.66,4
best web design company delhi,web_design,590,100,1.91,1
top digital marketing agency bangalore,digital_mkt,590,62,0.81,2
top digital marketing agency delhi,digital_mkt,590,21,1.04,4
best digital marketing agency in bhopal,digital_mkt,590,43,0.68,1
top digital marketing agency hyderabad,digital_mkt,590,69,0.98,2
best digital marketing agency in ranchi,digital_mkt,590,8,2.36,1
best digital marketing agency in patna,digital_mkt,590,17,0.42,1
best seo services pune,seo,480,20,2.72,3
top seo company india,seo,480,33,1.27,2
top denver seo company,seo,480,0,0,2
best seo company gurgaon,seo,480,41,3.94,3
best seo company in dehradun,seo,480,0,5.04,1
best seo services in india,seo,480,64,2.16,1
best seo services in delhi,seo,480,37,2.49,1
affordable seo services,seo,480,0,0.74,1
best web design company in ahmedabad,web_design,480,27,1.08,2
best web design company,web_design,480,38,1.17,4
top web development company bangalore,web_design,480,72,1.47,3
best web development company in india,web_design,480,42,1.21,2
best web development company noida,web_design,480,47,2.28,2
top digital marketing agency mumbai,digital_mkt,480,32,0.9,2
best digital marketing agency in coimbatore,digital_mkt,480,33,0.32,1
best digital marketing agency in kanpur,digital_mkt,480,0,0.02,1
best digital marketing agency in agra,digital_mkt,480,54,0,1
best web designing company,web_design,480,27,1.17,1
best digital marketing institute in hyderabad,digital_mkt,480,31,0.92,1
best seo agency usa,seo,390,15,4.95,7
best seo agency in noida,seo,390,0,1.04,1
best seo company surat,seo,390,29,4.77,2
affordable seo services for small business,seo,390,0,0,2
good seo services,seo,390,53,1.95,6
top web design company in delhi,web_design,390,26,2.37,3
best web design company mumbai,web_design,390,59,2.6,5
best web design company in hyderabad,web_design,390,44,0.94,1
best web design company in bangalore,web_design,390,68,1.77,1
best web development company kolkata,web_design,390,12,0.77,2
best web development company in lucknow,web_design,390,2,0.89,1
best web development company,web_design,390,43,0.97,1
best digital marketing agency in nagpur,digital_mkt,390,6,0.5,1
best digital marketing agency in malappuram,digital_mkt,390,5,0,1
top digital marketing agency in pune,digital_mkt,390,70,0.68,1
top digital marketing agency chennai,digital_mkt,390,62,0.74,2
best digital marketing agency usa,digital_mkt,390,17,4.07,2
best digital marketing agency mumbai,digital_mkt,390,42,0.94,1
best digital marketing agency in vijayawada,digital_mkt,390,48,0.77,1
best digital marketing agency in kannur,digital_mkt,390,5,0.72,1
best digital marketing agency delhi,digital_mkt,390,53,0.98,1
top 10 digital marketing agency in mumbai,digital_mkt,390,26,0.84,1
best website development company in mumbai,web_design,390,38,2.53,1
best seo agency in kolkata,seo,320,3,0.6,1
is global web best seo company,seo,320,28,0.03,1
best seo company in delhi ncr,seo,320,18,3.33,1
best seo company in coimbatore,seo,320,17,0.96,1
best seo company hyderabad,seo,320,1,0.88,2
best seo company in kochi,seo,320,5,1.39,1
best seo company in calicut,seo,320,15,0,4
top 10 seo company in india,seo,320,60,1.09,3
top web design company in pune,web_design,320,64,0.97,3
best web design company bangalore,web_design,320,70,2.44,2
best web design company kerala,web_design,320,32,1.11,3
top web design company in india,web_design,320,35,2.14,5
top web design company,web_design,320,25,1.07,2
best digital marketing agency in guwahati,digital_mkt,320,25,1.45,1
best digital marketing agency in bhubaneswar,digital_mkt,320,10,0.47,1
best digital marketing agency in thrissur,digital_mkt,320,6,0.4,1
best digital marketing agency in navi mumbai,digital_mkt,320,21,0.7,1
top digital marketing agency dubai,digital_mkt,320,22,1.48,2
top digital marketing agency kolkata,digital_mkt,320,99,0.42,2
best digital marketing agency in mohali,digital_mkt,320,0,0.45,1
best digital marketing agency in faridabad,digital_mkt,320,3,0,2
top 10 digital marketing agency in hyderabad,digital_mkt,320,16,0.92,1
top 10 seo companies in india,seo,320,21,1.09,1
best website designing company in noida,web_design,320,49,1,1
best marketing agency in hyderabad,other,320,63,1.24,1
top seo company,seo,260,51,0.87,1
best seo company in patna,seo,260,0,0,1
best seo and smo company in usa,seo,260,,2.93,1
best seo services in mumbai,seo,260,16,2.49,1
best seo services in jaipur,seo,260,8,1.67,1
best web design company dubai,web_design,260,51,1.47,2
best web design company kolkata,web_design,260,28,0.86,3
cheapest web development company,web_design,260,33,8.28,2
best digital marketing agency in trivandrum,digital_mkt,260,28,0.73,1
top 10 digital marketing agency in ahmedabad,digital_mkt,260,14,0.56,1
quantum spark best digital marketing agency in lucknow,digital_mkt,260,,0.3,1
best digital marketing agency in nashik,digital_mkt,260,29,0.48,1
best digital marketing agency in dwarka,digital_mkt,260,2,0,5
top digital marketing agency noida,digital_mkt,260,23,0.5,2
top digital marketing agency in ahmedabad,digital_mkt,260,36,0.47,1
best digital marketing agency in thane,digital_mkt,260,29,0.72,1
best seo agency gurgaon,seo,210,,3.57,2
digital corsel best digital marketing company in bangalore seo agency,digital_mkt,210,,0.03,1
best seo agency in ahmedabad,seo,210,78,2.21,1
best seo agency in jaipur,seo,210,,0.68,1
affordable seo agency india,seo,210,31,0.22,2
best seo agency in chennai,seo,210,43,1.44,1
top seo company pune,seo,210,64,0,5
best seo company in indore,seo,210,48,1.04,1
top seo company in ahmedabad,seo,210,50,1.6,1
affordable seo services delhi,seo,210,,0.7,2
best seo services kolkata,seo,210,48,0.72,2
best seo services in ahmedabad,seo,210,78,2.12,1
cheapest web design company,web_design,210,,0,1
low cost web design company in kolkata,web_design,210,,0.87,1
best agency website design,web_design,210,28,1.14,4
best web development company in chandigarh,web_design,210,47,4.52,1
top web development company in gurgaon,web_design,210,,2.07,1
best design agency website,other,210,7,1.14,1
top ai agency,ai_agents,210,25,1.7,1
best digital marketing agency in vizag,digital_mkt,210,39,0.76,1
best digital marketing agency in mysore,digital_mkt,210,,0.61,1
top digital marketing agency usa,digital_mkt,210,41,4.23,2
best digital marketing agency in haldwani,digital_mkt,210,,0,4
top 10 digital marketing agency,digital_mkt,210,36,0.73,1
web rocz best digital marketing agency in hyderabad,digital_mkt,210,,0.18,1
best digital marketing agency in vadodara,digital_mkt,210,,0.47,1
top 10 digital marketing agency in pune,digital_mkt,210,,0.69,1
best digital marketing agency in ludhiana,digital_mkt,210,23,4.24,1
top 5 digital marketing agency in india,digital_mkt,210,0,0.63,1
top 10 digital marketing agency in delhi,digital_mkt,210,21,1.19,1
top 10 digital marketing agency in bangalore,digital_mkt,210,53,1.03,1
best digital marketing agency in udaipur,digital_mkt,210,27,0.29,1
top seo agency uk,seo,170,37,6.68,16
chimplab advertising best seo company in ahmedabad india,seo,170,,0,1
best seo company in bhubaneswar,seo,170,0,1.81,1
top seo company kolkata,seo,170,,1.55,2
best seo services in chandigarh,seo,170,62,0.42,1
top web design company delhi,web_design,170,28,1.75,1
best web design company kochi,web_design,170,100,1.56,4
top web design company hyderabad,web_design,170,35,3.11,2
best web design company bhubaneswar,web_design,170,7,0.41,3
best web development company in chennai,web_design,170,27,0.83,1
idiosys best web & mobile app development company in kolkata,other,170,,0,2
top web development company in jaipur,web_design,170,10,1.44,2
best digital marketing agency in raipur,digital_mkt,170,48,0.68,1
top digital marketing agency in gurgaon,digital_mkt,170,73,1.16,1
best digital marketing agency in madurai,digital_mkt,170,,0,3
top 10 digital marketing agency in usa,digital_mkt,170,,3.81,1
best digital marketing agency in rohini,digital_mkt,170,,0.66,1
best digital marketing agency in mangalore,digital_mkt,170,,0.23,1
top digital marketing agency in the world,digital_mkt,170,44,0.77,1
digidir best digital marketing agency in noida delhi ncr,digital_mkt,170,,0.07,1
cheapest digital marketing agency,digital_mkt,170,,0.89,2
digital your business best digital marketing company agency in patna,digital_mkt,170,,1.88,1
webalpha technosoft best digital marketing agency in noida delhi ncr,digital_mkt,170,,0.43,1
best digital marketing agency in hisar,digital_mkt,170,26,0.01,1
best local seo agency,seo,140,,6.47,2
best seo agency canada,seo,140,,6.56,4
best seo agency in usa,seo,140,57,4.74,1
best saas seo agency,seo,140,,3.06,1
best seo company in rajkot,seo,140,,0,6
best seo agency in dehradun,seo,140,,0.45,1
best seo company vadodara,seo,140,46,2.17,2
best seo company near me,seo,140,52,0.58,1
affordable seo company in usa,seo,140,,3.14,1
top seo company in noida,seo,140,50,0.92,1
cheapest seo services india,seo,140,39,3.17,2
best seo services in lucknow,seo,140,51,0.46,1
best ai seo tool,ai_seo,140,,3.36,2
best web design company in chandigarh,web_design,140,65,0,1
low cost web design company in india,web_design,140,20,1.28,1
top 10 web design company in chennai,web_design,140,48,0.81,1
top web development company in delhi,web_design,140,5,1,1
best web development company dehradun,web_design,140,100,0.46,2
top 10 web development company in india,web_design,140,39,1.36,3
best web development company hyderabad,web_design,140,27,6.83,2
best web development company in new york,web_design,140,,7.36,1
hrl infotechs pvt ltd best ecommerce marketing agency,ecommerce,140,,0.07,1
best shopify development company,ecommerce,140,,0.59,2
best digital marketing agency in meerut,digital_mkt,140,1,0.52,1
top 10 digital marketing agency in dubai,digital_mkt,140,,1.7,1
top digital marketing agency in kerala,digital_mkt,140,,0.37,1
succeedo digital marketing best digital marketing agency in vijayawada,digital_mkt,140,,2.9,1
best digital marketing agency in sonipat,digital_mkt,140,,0,5
best digital marketing agency in siliguri,digital_mkt,140,,0.36,2
best digital marketing agency ahmedabad,digital_mkt,140,51,0.77,1
best digital marketing agency in uae,digital_mkt,140,,1.73,1
best digital marketing agency in uttarakhand,digital_mkt,140,,0.4,1
top 10 digital marketing agency in kerala,digital_mkt,140,,0.62,1
best digital marketing agency in the world,digital_mkt,140,80,0.54,1
best digital marketing agency in gwalior,digital_mkt,140,,0.11,1
low cost web design in hyderabad,web_design,140,8,0.79,1
affordable seo services in india,seo,110,51,0,8
best ecommerce seo agency,ecommerce,110,,0,1
top seo agency,seo,110,84,2.03,1
best seo company in ludhiana,seo,110,46,0.56,1
best seo services company,seo,110,84,0.37,4
top seo company gurgaon,seo,110,50,6.55,2
best seo company noida,seo,110,17,0.36,2
affordable seo company in kolkata,seo,110,,0.47,1
cheapest seo services,seo,110,55,0.7,4
top seo services,seo,110,70,1.3,1
best seo services chennai,seo,110,65,0.31,2
affordable seo services in kolkata,seo,110,,0.54,1
best ai tool for seo,seo,110,,3.02,2
top rated web design company,web_design,110,,0.98,2
affordable web design company in india,web_design,110,,2.07,1
best web design company in trivandrum,web_design,110,72,0.43,2
low cost web design company,web_design,110,,0.34,1
best web design company in noida,web_design,110,47,0.49,1
top web development company usa,web_design,110,64,4.88,2
top web development company in kolkata,web_design,110,47,0.78,1
best web development company gurgaon,web_design,110,50,0,3
best web development company in mohali,web_design,110,44,1.61,1
gtc best web and mobile app development company,other,110,,0,1
best ecommerce website development company in india,ecommerce,110,55,1.96,2
top shopify development company in india,ecommerce,110,,3.87,2
best digital marketing agency in palakkad,digital_mkt,110,,0.58,1
best digital marketing agency in hubli,digital_mkt,110,,0,6
best digital marketing agency in pondicherry,digital_mkt,110,,0.65,1
top digital marketing agency in jaipur,digital_mkt,110,,0.23,1
best digital marketing agency in janakpuri,digital_mkt,110,,0.53,1
top digital marketing agency in lucknow,digital_mkt,110,,0.51,1
