keyword,location,cluster,sv,kd,intent,score
ai automation,us,ai-agent-automation,9900,41.0,informational,1600.0
ai automation,in,ai-agent-automation,9900,44.0,informational,1600.0
ai automation job,us,ai-agent-automation,1600,0.0,informational,1600.0
audit seo,us,seo-cost-audit,6600,40.0,informational,1320.0
google search console seo audit,us,seo-cost-audit,1300,21.0,informational,975.0
ai seo,in,ai-seo-geo-aeo,4400,38.0,informational,880.0
ai in seo,in,ai-seo-geo-aeo,4400,42.0,informational,880.0
seo ai,in,ai-seo-geo-aeo,4400,40.0,informational,880.0
ai automation job,in,ai-agent-automation,880,8.0,informational,880.0
ai in seo,uk,ai-seo-geo-aeo,1900,34.0,informational,855.0
ai seo,uk,ai-seo-geo-aeo,1900,34.0,informational,855.0
shopify development,us,ecommerce-shopify,1900,27.0,informational,855.0
ai automation engineer,us,ai-agent-automation,590,0.0,informational,590.0
how much does it cost for seo,us,seo-cost-audit,720,19.0,informational,540.0
how much does a seo cost,us,seo-cost-audit,720,21.0,informational,540.0
how much does an seo cost,us,seo-cost-audit,720,21.0,informational,540.0
how much does seo cost,us,seo-cost-audit,720,21.0,informational,540.0
answer engine optimization,us,ai-seo-geo-aeo,2400,36.0,informational,480.0
answer engine optimization services,us,ai-seo-geo-aeo,480,6.0,informational,480.0
ai automation test,in,ai-agent-automation,480,13.0,informational,480.0
ai seo,us,ai-seo-geo-aeo,8100,52.0,informational,400.0
seo ai,us,ai-seo-geo-aeo,8100,52.0,informational,400.0
ai in seo,us,ai-seo-geo-aeo,8100,52.0,informational,400.0
ai automation engineer,in,ai-agent-automation,390,0.0,informational,390.0
generative engine optimization tools,us,ai-seo-geo-aeo,480,20.0,informational,360.0
generative engine optimization tool,us,ai-seo-geo-aeo,480,24.0,informational,360.0
ai automation testing,in,ai-agent-automation,480,21.0,informational,360.0
how much does seo optimization cost,us,seo-cost-audit,720,32.0,informational,324.0
seo how much does it cost,us,seo-cost-audit,720,27.0,informational,324.0
seo audit report format,us,seo-cost-audit,320,14.0,informational,320.0
what is seo audit,us,seo-cost-audit,320,4.0,informational,320.0
technical seo audit checklist,us,seo-cost-audit,320,11.0,informational,320.0
seo audit report templates,us,seo-cost-audit,320,7.0,informational,320.0
seo audit report template,us,seo-cost-audit,320,3.0,informational,320.0
seo audit report sample,us,seo-cost-audit,320,0.0,informational,320.0
generative engine optimization,us,ai-seo-geo-aeo,5400,57.0,informational,270.0
whisk ai automation,in,ai-agent-automation,260,9.0,informational,260.0
seo technical audit checklist,us,seo-cost-audit,260,8.0,informational,260.0
answer engine optimization tools,us,ai-seo-geo-aeo,320,16.0,informational,240.0
ai automation testing,us,ai-agent-automation,320,20.0,informational,240.0
what is seo marketing,us,ai-seo-geo-aeo,4400,47.0,informational,220.0
seo audit screaming frog,us,seo-cost-audit,480,30.0,informational,216.0
screaming frog seo audit,us,seo-cost-audit,480,26.0,informational,216.0
what is seo for ai called,us,ai-seo-geo-aeo,210,15.0,informational,210.0
no code ai automation,us,ai-agent-automation,170,14.0,informational,170.0
how much does a web design cost,us,web-design,170,10.0,informational,170.0
how much does web design cost,us,web-design,170,13.0,informational,170.0
how much does it cost for web design,us,web-design,170,9.0,informational,170.0
small business web design templates,us,web-design,170,5.0,informational,170.0
small business web design template,us,web-design,170,7.0,informational,170.0
otto seo ai,us,ai-seo-geo-aeo,210,22.0,informational,157.5
profound ai seo,us,ai-seo-geo-aeo,210,21.0,informational,157.5
make ai automation,us,ai-agent-automation,210,22.0,informational,157.5
how much does it cost for seo services,us,seo-cost-audit,210,25.0,informational,157.5
audit site seo,us,seo-cost-audit,2900,63.0,informational,145.0
what is answer engine optimization,us,ai-seo-geo-aeo,320,32.0,informational,144.0
checklist for seo audit,us,seo-cost-audit,320,26.0,informational,144.0
audit seo ecommerce,uk,seo-cost-audit,140,6.0,informational,140.0
how much does seo cost for a small business,us,seo-cost-audit,140,12.0,informational,140.0
how much should web design cost,us,web-design,170,17.0,informational,127.5
aeo answer engine optimization,us,ai-seo-geo-aeo,260,32.0,informational,117.0
seo audit format,us,seo-cost-audit,260,31.0,informational,117.0
auto seo ai,us,ai-seo-geo-aeo,110,6.0,informational,110.0
what's the best generative engine optimization strategy for ai,us,ai-seo-geo-aeo,110,12.0,informational,110.0
nate herk ai automation,us,ai-agent-automation,110,15.0,informational,110.0
how to choose a web design agency,us,web-design,110,0.0,informational,110.0
how much should seo cost per month,us,seo-cost-audit,110,14.0,informational,110.0
alli ai seo,us,ai-seo-geo-aeo,140,24.0,informational,105.0
ai tool seo,us,ai-seo-geo-aeo,140,25.0,informational,105.0
ai automation examples,us,ai-agent-automation,140,19.0,informational,105.0
answer engine optimization aeo,us,ai-seo-geo-aeo,480,36.0,informational,96.0
seo ai,uk,ai-seo-geo-aeo,1900,50.0,informational,95.0
how much does seo service cost,us,seo-cost-audit,210,32.0,informational,94.5
how much do seo services cost,us,seo-cost-audit,210,32.0,informational,94.5
how much does seo services cost,us,seo-cost-audit,210,33.0,informational,94.5
what is an ai automation agency,us,ai-agent-automation,90,1.0,informational,90.0
learning ai automation,us,ai-agent-automation,90,15.0,informational,90.0
shopify development language,us,ecommerce-shopify,90,0.0,informational,90.0
ecommerce website development proposal,us,ecommerce-shopify,90,0.0,informational,90.0
seo audit report sample,uk,seo-cost-audit,90,6.0,informational,90.0
seo audit report format,uk,seo-cost-audit,90,14.0,informational,90.0
seo audit report template,uk,seo-cost-audit,90,1.0,informational,90.0
seo audit report templates,uk,seo-cost-audit,90,6.0,informational,90.0
how much does local seo cost,us,seo-cost-audit,90,10.0,informational,90.0
technical seo audit template,us,seo-cost-audit,90,12.0,informational,90.0
seo technical audit template,us,seo-cost-audit,90,9.0,informational,90.0
make ai automation,in,ai-agent-automation,170,,informational,85.0
jasper ai seo,us,ai-seo-geo-aeo,110,23.0,informational,82.5
ai automation training,us,ai-agent-automation,110,17.0,informational,82.5
what is a seo audit,uk,seo-cost-audit,110,17.0,informational,82.5
what is seo audit,uk,seo-cost-audit,110,25.0,informational,82.5
what is an seo audit,uk,seo-cost-audit,110,21.0,informational,82.5
how much does seo cost per month,us,seo-cost-audit,110,25.0,informational,82.5
generative engine optimization geo,us,ai-seo-geo-aeo,1600,57.0,informational,80.0
audit seo,uk,seo-cost-audit,1600,70.0,informational,80.0
answer engine optimization,uk,ai-seo-geo-aeo,390,39.0,informational,78.0
ai driven seo,in,ai-seo-geo-aeo,140,,informational,70.0
playwright ai automation,in,ai-agent-automation,140,,informational,70.0
ai automation examples,in,ai-agent-automation,140,,informational,70.0
meta ai automation,in,ai-agent-automation,140,,informational,70.0
what's the best answer engine optimization tool,us,ai-seo-geo-aeo,70,10.0,informational,70.0
how much does an seo audit cost,uk,seo-cost-audit,70,0.0,informational,70.0
seo audit example,uk,seo-cost-audit,70,0.0,informational,70.0
how much does an seo audit cost,us,seo-cost-audit,70,0.0,informational,70.0
how to conduct a technical seo site audit,us,seo-cost-audit,70,0.0,informational,70.0
seo audit what is,us,seo-cost-audit,320,45.0,informational,64.0
what is an seo audit,us,seo-cost-audit,320,45.0,informational,64.0
ai automation kya hai,in,ai-agent-automation,110,,informational,55.0
ai automation images,in,ai-agent-automation,110,,informational,55.0
how to learn ai automation,in,ai-agent-automation,110,,informational,55.0
ai agent development framework,us,ai-agent-automation,70,17.0,informational,52.5
web design tips for small business,us,web-design,70,21.0,informational,52.5
small business web design tips,us,web-design,70,21.0,informational,52.5
how to do seo audit,uk,seo-cost-audit,70,18.0,informational,52.5
ai driven seo,us,ai-seo-geo-aeo,260,41.0,informational,52.0
generative engine optimization,uk,ai-seo-geo-aeo,1000,54.0,informational,50.0
technical seo audit checklist,uk,seo-cost-audit,50,7.0,informational,50.0
seo technical audit checklist,uk,seo-cost-audit,50,8.0,informational,50.0
seo audit format,uk,seo-cost-audit,50,10.0,informational,50.0
how much does google seo cost,us,seo-cost-audit,50,4.0,informational,50.0
geo ai seo,us,ai-seo-geo-aeo,110,31.0,informational,49.5
seo audit what is,uk,seo-cost-audit,110,28.0,informational,49.5
semrush ai seo,in,ai-seo-geo-aeo,90,,informational,45.0
ai automation icon,in,ai-agent-automation,90,,informational,45.0
ai automation website,in,ai-agent-automation,90,,informational,45.0
ai automation kya hota hai,in,ai-agent-automation,90,,informational,45.0
shopify development language,in,ecommerce-shopify,90,,informational,45.0
shopify development company in ahmedabad,in,ecommerce-shopify,90,,informational,45.0
what is generative engine optimization,us,ai-seo-geo-aeo,880,57.0,informational,44.0
seo audit tools free,us,seo-cost-audit,880,63.0,informational,44.0
what is answer engine optimization aeo,us,ai-seo-geo-aeo,90,29.0,informational,40.5
checklist for seo audit,uk,seo-cost-audit,90,28.0,informational,40.5
auto seo ai,uk,ai-seo-geo-aeo,40,0.0,informational,40.0
how to start an ai automation agency,us,ai-agent-automation,40,2.0,informational,40.0
how much web design cost,us,web-design,40,10.0,informational,40.0
seo maintenance cost,us,seo-cost-audit,40,12.0,informational,40.0
how to do generative engine optimization,us,ai-seo-geo-aeo,50,21.0,informational,37.5
semrush ai seo tool,us,ai-seo-geo-aeo,720,61.0,informational,36.0
geo generative engine optimization,us,ai-seo-geo-aeo,720,71.0,informational,36.0
geo: generative engine optimization,us,ai-seo-geo-aeo,720,53.0,informational,36.0
how much does seo marketing cost,us,seo-cost-audit,720,53.0,informational,36.0
how much should seo cost,us,seo-cost-audit,720,47.0,informational,36.0
how much does it cost to do seo,us,seo-cost-audit,720,53.0,informational,36.0
seo in the age of ai,in,ai-seo-geo-aeo,70,,informational,35.0
how much cost web design,us,web-design,170,41.0,informational,34.0
how does generative engine optimization work,us,ai-seo-geo-aeo,70,30.0,informational,31.5
how to conduct an seo audit,uk,seo-cost-audit,70,30.0,informational,31.5
how much does seo cost for small business,us,seo-cost-audit,70,26.0,informational,31.5
shopify development documentation,us,ecommerce-shopify,40,16.0,informational,30.0
what does seo cost,us,seo-cost-audit,40,18.0,informational,30.0
how much does seo cost uk,us,seo-cost-audit,30,0.0,informational,30.0
what is a technical seo audit,us,seo-cost-audit,30,9.0,informational,30.0
what is generative engine optimization geo,us,ai-seo-geo-aeo,140,44.0,informational,28.0
how to do ai seo,in,ai-seo-geo-aeo,50,,informational,25.0
generative engine optimization tools,uk,ai-seo-geo-aeo,50,,informational,25.0
generative engine optimization tool,uk,ai-seo-geo-aeo,50,,informational,25.0
aeo answer engine optimization,uk,ai-seo-geo-aeo,50,,informational,25.0
ai agent development framework,in,ai-agent-automation,50,,informational,25.0
seo audit page,us,seo-cost-audit,480,66.0,informational,24.0
profound ai seo,uk,ai-seo-geo-aeo,50,29.0,informational,22.5
what is aeo answer engine optimization,us,ai-seo-geo-aeo,50,26.0,informational,22.5
what is shopify development,in,ecommerce-shopify,30,25.0,informational,22.5
what is the average cost of web design,us,web-design,30,25.0,informational,22.5
seo that works cost,us,seo-cost-audit,30,18.0,informational,22.5
ai seo tracker,us,ai-seo-geo-aeo,110,43.0,informational,22.0
generative engine optimization strategies,us,ai-seo-geo-aeo,110,39.0,informational,22.0
geo ai seo,uk,ai-seo-geo-aeo,40,,informational,20.0
what is seo for ai called,uk,ai-seo-geo-aeo,40,,informational,20.0
ai driven seo,uk,ai-seo-geo-aeo,40,,informational,20.0
ai seo blogs,in,ai-seo-geo-aeo,40,,informational,20.0
learning shopify development,in,ecommerce-shopify,40,,informational,20.0
ai automation tool for testing,in,ai-agent-automation,90,43.0,informational,18.0
does seo cost money,us,seo-cost-audit,40,30.0,informational,18.0
semrush ai seo,us,ai-seo-geo-aeo,320,60.0,informational,16.0
what is a seo audit,us,seo-cost-audit,320,49.0,informational,16.0
ai seo tracking,uk,ai-seo-geo-aeo,30,,informational,15.0
semrush ai seo,uk,ai-seo-geo-aeo,30,,informational,15.0
will ai replace seo,uk,ai-seo-geo-aeo,30,,informational,15.0
ai seo tracker,uk,ai-seo-geo-aeo,30,,informational,15.0
ai in seo 2025,in,ai-seo-geo-aeo,30,,informational,15.0
seona ai seo,in,ai-seo-geo-aeo,30,,informational,15.0
ai seo statistics,in,ai-seo-geo-aeo,30,,informational,15.0
auto seo ai,in,ai-seo-geo-aeo,30,,informational,15.0
what is geo generative engine optimization,uk,ai-seo-geo-aeo,30,,informational,15.0
what is geo: generative engine optimization,uk,ai-seo-geo-aeo,30,,informational,15.0
answer engine optimization examples,us,ai-seo-geo-aeo,30,,informational,15.0
answer engine optimization aeo,uk,ai-seo-geo-aeo,30,,informational,15.0
how to start ai automation agency,in,ai-agent-automation,30,,informational,15.0
shopify development documentation,in,ecommerce-shopify,30,,informational,15.0
how much should web design cost,in,india-local,30,,informational,15.0
how much is web design cost,in,india-local,30,,informational,15.0
how much does web design cost,in,india-local,30,,informational,15.0
what is the cost of web design,in,india-local,30,,informational,15.0
how much cost web design,in,india-local,30,,informational,15.0
how much does it cost for web design,in,india-local,30,,informational,15.0
seo in ai,in,ai-seo-geo-aeo,70,40.0,informational,14.0
what is generative engine optimization,uk,ai-seo-geo-aeo,70,39.0,informational,14.0
how to do a seo audit,uk,seo-cost-audit,70,44.0,informational,14.0
how much seo services cost,us,seo-cost-audit,30,33.0,informational,13.5
online seo audit free,us,seo-cost-audit,260,66.0,informational,13.0
seo audit online free,us,seo-cost-audit,260,77.0,informational,13.0
seo audit free online,us,seo-cost-audit,260,86.0,informational,13.0
seo audit report free,us,seo-cost-audit,260,77.0,informational,13.0
free seo audit online,us,seo-cost-audit,260,75.0,informational,13.0
audit seo online,us,seo-cost-audit,260,77.0,informational,13.0
geo generative engine optimization,uk,ai-seo-geo-aeo,210,56.0,informational,10.5
geo: generative engine optimization,uk,ai-seo-geo-aeo,210,56.0,informational,10.5
website seo audit report,us,seo-cost-audit,210,73.0,informational,10.5
online seo audit report,us,seo-cost-audit,210,77.0,informational,10.5
seo audit tools free,uk,seo-cost-audit,210,83.0,informational,10.5
ai agent development guide,us,ai-agent-automation,50,41.0,informational,10.0
how much is web design cost,us,web-design,170,47.0,informational,8.5
seo audit page,uk,seo-cost-audit,140,81.0,informational,7.0
technical seo audit report,us,seo-cost-audit,140,88.0,informational,7.0
ai seo tracking,us,ai-seo-geo-aeo,110,67.0,informational,5.5
generative engine optimization geo,uk,ai-seo-geo-aeo,110,57.0,informational,5.5
what is geo generative engine optimization,us,ai-seo-geo-aeo,90,54.0,informational,4.5
national geo intelligence agency,us,ai-seo-geo-aeo,70,88.0,informational,3.5
web design agency reading,uk,web-design,70,59.0,informational,3.5
seo audit free online,uk,seo-cost-audit,70,75.0,informational,3.5
free seo audit online,uk,seo-cost-audit,70,75.0,informational,3.5
online seo audit free,uk,seo-cost-audit,70,74.0,informational,3.5
seo audit online free,uk,seo-cost-audit,50,69.0,informational,2.5
website seo audit report,uk,seo-cost-audit,50,75.0,informational,2.5
learn shopify development,in,ecommerce-shopify,40,54.0,informational,2.0
how to do a technical seo audit,us,seo-cost-audit,30,65.0,informational,1.5
