service,seed_term,question
ecommerce,shopify agency uk,What does a Shopify agency do?
ecommerce,shopify agency uk,Is Shopify legal in the UK?
ecommerce,shopify agency uk,Is Shopify still worth it in 2026?
ecommerce,shopify agency uk,How to become a Shopify agency?
agentic-commerce,agentic commerce,What is the agentic commerce?
agentic-commerce,agentic commerce,What is an example of agentic commerce?
agentic-commerce,agentic commerce,What is the difference between e commerce and agentic commerce?
agentic-commerce,agentic commerce,Is agentic commerce the future?
ai-seo,generative engine optimization,Is generative engine optimization a thing?
ai-seo,generative engine optimization,How do I learn SEO as a beginner?
ai-seo,generative engine optimization,Is GEO replacing SEO?
ai-seo,generative engine optimization,Is SEO going away with AI?
seo,seo agency uk,How much does SEO cost in the UK?
seo,seo agency uk,What is the best SEO company in the UK?
seo,seo agency uk,Is SEO being phased out?
seo,seo agency uk,Is an SEO agency worth it?
ai-agent-dev,ai automation agency uk,What is the best AI agent for automation?
ai-agent-dev,ai automation agency uk,What are the best AI automation agencies?
ai-agent-dev,ai automation agency uk,Is there an UK-based AI company?
ai-agent-dev,ai automation agency uk,What does an AI automation agency do?
