domain,appearances,avg_pos
www.youtube.com,6,12.8
www.charle.co.uk,5,7.6
clutch.co,4,7.2
www.found.co.uk,3,8.0
www.propeller.co.uk,3,10.0
www.harrisdigitalwebdesign.co.uk,3,11.0
www.chilliapple.co.uk,3,11.7
www.linkedin.com,3,11.7
agencies.semrush.com,3,12.3
www.cheapwebdesign.co.uk,2,2.5
www.salesforce.com,2,3.0
www.reddit.com,2,5.5
www.bluefrontier.co.uk,2,7.0
digitalagencynetwork.com,2,7.0
www.skailama.com,2,7.0
www.ibm.com,2,7.5
www.seoworks.co.uk,2,8.5
madebyshape.co.uk,2,9.5
www.wearetenet.com,2,9.5
pndigital.co.uk,2,10.0
ink-digital.co.uk,2,10.0
www.clickslice.co.uk,2,10.0
www.jdrgroup.co.uk,2,11.0
www.goodfirms.co,2,11.0
www.anoda.mobi,2,11.5
www.thewebsitedesignagency.co.uk,2,11.5
www.designrush.com,2,12.5
www.shopify.com,2,16.0
www.webdesignforsmallbusiness.co.uk,2,16.5
swankyagency.com,1,1.0
huboo.com,1,1.0
www.mckinsey.com,1,1.0
bhavpro.com,1,1.0
developers.google.com,1,1.0
www.goup.co.uk,1,1.0
www.polarisagency.com,1,1.0
www.ronins.co.uk,1,1.0
www.n-ix.com,1,1.0
www.agenticcommerce.dev,1,2.0
www.semrush.com,1,2.0
uk.linkedin.com,1,2.0
www.elevateai.co.uk,1,2.0
appinventiv.com,1,2.0
www.visionsharp.co.uk,1,3.0
www.magic42.co.uk,1,3.0
fin.ai,1,3.0
www.coursera.org,1,3.0
www.impressiondigital.com,1,3.0
www.wildflowersandpixels.co.uk,1,3.0
www.opscaling.co.uk,1,3.0
www.jadasquad.com,1,3.0
www.netmatters.co.uk,1,4.0
www.bloomreach.com,1,4.0
www.carrieannsudlow.co.uk,1,4.0
www.reply.com,1,4.0
www.finnpartners.com,1,4.0
visionary-marketing.co.uk,1,4.0
warp-design.co.uk,1,4.0
mqlflow.com,1,4.0
www.junoecommerce.com,1,5.0
qikify.com,1,5.0
www.inriver.com,1,5.0
stripe.com,1,5.0
www.extradigital.co.uk,1,5.0
weareroast.com,1,5.0
www.cbwebsitedesign.co.uk,1,5.0
dotitmedia.co.uk,1,5.0
aiautomationagencylondon.co.uk,1,5.0
www.geeks.ltd,1,5.0
evo.agency,1,6.0
eastsideco.com,1,6.0
www.sap.com,1,6.0
www.rank4ai.co.uk,1,6.0
arxiv.org,1,6.0
www.creativeideaz.co.uk,1,6.0
www.dotgo.uk,1,6.0
n8nlab.io,1,6.0
openkit.co.uk,1,6.0
www.devstree.co.uk,1,7.0
madebyfield.co.uk,1,7.0
www.algolia.com,1,7.0
cloud.google.com,1,7.0
www.contentful.com,1,7.0
www.rebootonline.com,1,7.0
kota.co.uk,1,7.0
elendilstudio.co.uk,1,7.0
oyik.ai,1,7.0
www.moveworks.com,1,7.0
cake.agency,1,8.0
www.polaranalytics.com,1,8.0
en.wikipedia.org,1,8.0
www.nobraineragency.com,1,8.0
www.plugandplaydesign.co.uk,1,8.0
cheapwebsitedesigner.co.uk,1,8.0
deviniti.com,1,8.0
thesocialshepherd.com,1,9.0
www.bigcommerce.co.uk,1,9.0
www.adyen.com,1,9.0
llmrefs.com,1,9.0
www.seo.com,1,9.0
www.seobusiness.co.uk,1,9.0
www.indigoross.co.uk,1,9.0
mrkhan.digital,1,9.0
www.vaimo.com,1,10.0
blog.hubspot.com,1,10.0
www.seoagencyuk.co.uk,1,10.0
www.evoluted.net,1,10.0
www.toastdesign.co.uk,1,10.0
www.oryxaiautomations.com,1,10.0
byradiant.com,1,11.0
www.luigisbox.com,1,11.0
www.mastercard.com,1,11.0
www.sierrasixmedia.co.uk,1,11.0
moz.com,1,11.0
senotrix.co.uk,1,11.0
www.smartwebagency.co.uk,1,11.0
britishwebsitedesign.co.uk,1,11.0
www.codingsprint.co.uk,1,11.0
steer73.com,1,11.0
www.holbi.co.uk,1,12.0
pluro.co.uk,1,12.0
www.mirakl.com,1,12.0
builtin.com,1,12.0
helloseed.co.uk,1,12.0
www.webgoddess.co.uk,1,12.0
www.eartisan.co.uk,1,12.0
globetechsoft.com,1,13.0
www.wiro.agency,1,13.0
www.rightpartners.co.uk,1,13.0
www.aciworldwide.com,1,13.0
www.fullmixmarketing.co.uk,1,13.0
www.dubseo.co.uk,1,13.0
www.flowio.co.uk,1,13.0
www.wits.com,1,13.0
rainstreamweb.com,1,14.0
wisepops.com,1,14.0
www.checkout.com,1,14.0
www.thesmallbizexpert.co.uk,1,14.0
zoviotech.com,1,14.0
www.cigen.io,1,14.0
magnetoitsolutions.com,1,15.0
www.criteo.com,1,15.0
surferseo.com,1,15.0
www.morismedia.in,1,15.0
www.web-designlondon.co.uk,1,15.0
www.logicsofts.co.uk,1,15.0
www.fracasdigital.com,1,15.0
www.cyber-duck.co.uk,1,16.0
mgroupweb.com,1,16.0
www.cloudflight.io,1,16.0
commercetools.com,1,16.0
www.convertdigital.co.uk,1,16.0
foundationinc.co,1,16.0
www.mayple.com,1,16.0
studiohawk.co.uk,1,16.0
www.splitpixel.co.uk,1,16.0
automatenexus.com,1,16.0
www.instinctools.com,1,16.0
www.underwaterpistol.com,1,17.0
uxify.com,1,17.0
www.conductor.com,1,17.0
www.discoverable.co.uk,1,17.0
ceek.co.uk,1,17.0
dcpweb.co.uk,1,17.0
webpro-it.co.uk,1,17.0
automationhire.co.uk,1,17.0
www.gestisoft.com,1,17.0
www.agentic-commerce.org,1,18.0
www.panovistamarketing.com,1,18.0
www.lafabriquedunet.co.uk,1,18.0
ournameismud.co.uk,1,18.0
www.globalwebify.com,1,18.0
automationaiagency.co.uk,1,18.0
75way.com,1,18.0
telsamedia.com,1,19.0
shopifyagencyuk.com,1,19.0
www.signifyd.com,1,19.0
medium.com,1,19.0
zyppy.com,1,19.0
breakoutmedia.co.uk,1,19.0
www.londonwebdesignagency.com,1,20.0
www.facebook.com,1,20.0
