domain,url,title
blogsbmsites.com,https://blogsbmsites.com/page/business-services/top-advertising-agencies-for-wall-painting-in-rajasthan,
capterra.ae,https://www.capterra.ae/software/1071448/FactoryJet,
capterra.ca,https://www.capterra.ca/software/1071448/FactoryJet,
capterra.co.il,https://www.capterra.co.il/software/1071448/FactoryJet,
capterra.co.nz,https://www.capterra.co.nz/software/1071448/FactoryJet,
capterra.co.uk,https://www.capterra.co.uk/software/1071448/FactoryJet,
capterra.co.za,https://www.capterra.co.za/software/1071448/FactoryJet,
capterra.com.au,https://www.capterra.com.au/software/1071448/FactoryJet,
capterra.com.sg,https://www.capterra.com.sg/software/1071448/FactoryJet,
capterra.ie,https://www.capterra.ie/software/1071448/FactoryJet,
capterra.in,https://www.capterra.in/software/1071448/FactoryJet,
clutch.co,https://clutch.co/profile/factoryjet-private,
couponsplusdeals.com,https://www.couponsplusdeals.com/factoryjetcom-coupons,
greenpromocode.com,https://www.greenpromocode.com/coupons/openwebster-com/,
internshala.com,https://internshala.com/internships/internship-at-factoryjet-private-limited/,
kerneltech.net,https://kerneltech.net/blog/best-e-commerce-development-agencies-usa/,
seosbmnews.com,https://seosbmnews.com/page/other/capturing-elegance-best-wedding-photographer-in-delhi,
techmagnate.com,https://www.techmagnate.com/blog/best-aeo-agencies-for-bfsi-india/,
vipulpore.com,https://vipulpore.com/top-10-website-design-companies-in-mumbai/,
