keyword,domain,group,mentions
ecommerce website design company,cmsmart.net,AI-cited,75
ecommerce website design company,truenorthsocial.com,AI-cited,0
ecommerce website design company,onilab.com,AI-cited,0
ecommerce website design company,coalitiontechnologies.com,AI-cited,0
ecommerce website design company,cake.agency,AI-cited,0
ecommerce website design company,viasocket.com,AI-cited,0
ecommerce website design company,outerboxdesign.com,AI-cited,0
ecommerce website design company,thriveagency.com,ranks-not-cited,0
ecommerce website design company,awwwards.com,ranks-not-cited,0
ecommerce website design company,orbitmedia.com,ranks-not-cited,0
ecommerce website design company,clutch.co,ranks-not-cited,4
ecommerce website design company,superside.com,ranks-not-cited,27
ecommerce website design company,scnsoft.com,ranks-not-cited,0
ai agent development companies,jadasquad.com,AI-cited,0
ai agent development companies,instinctools.com,AI-cited,0
ai agent development companies,deviniti.com,AI-cited,4
ai agent development companies,itransition.com,AI-cited,0
ai agent development companies,leewayhertz.com,AI-cited,0
ai agent development companies,lumay.ai,AI-cited,0
ai agent development companies,freshconsulting.com,AI-cited,0
ai agent development companies,effectivesoft.com,AI-cited,0
ai agent development companies,appinventiv.com,AI-cited,0
ai agent development companies,intuz.com,ranks-not-cited,0
ai agent development companies,neurons-lab.com,ranks-not-cited,2
ai agent development companies,leanware.co,ranks-not-cited,0
ai agent development companies,moveworks.com,ranks-not-cited,18
ai agent development companies,intellectyx.com,ranks-not-cited,11
ai agent development companies,clutch.co,ranks-not-cited,1
ai agent development companies,azumo.com,ranks-not-cited,3
ai automation agency,jadasquad.com,AI-cited,0
ai automation agency,taskip.net,AI-cited,0
ai automation agency,voiceflow.com,AI-cited,0
ai automation agency,arsum.com,AI-cited,0
ai automation agency,automaly.io,ranks-not-cited,0
ai automation agency,designrush.com,ranks-not-cited,0
ai automation agency,goodish.agency,ranks-not-cited,11
ai automation agency,sovyn.com,ranks-not-cited,1
ai automation agency,ai.tekrevol.com,ranks-not-cited,0
ai automation agency,theaiautomationagency.ai,ranks-not-cited,0
ai automation agency,ostracon.ai,ranks-not-cited,5
ai seo company,qoulomb.com,AI-cited,0
ai seo company,percepture.com,AI-cited,29
ai seo company,tryprofound.com,AI-cited,0
ai seo company,yesoptimist.com,AI-cited,1
ai seo company,seo.co,AI-cited,0
ai seo company,coalitiontechnologies.com,AI-cited,0
ai seo company,thriveagency.com,ranks-not-cited,0
ai seo company,searchbloom.com,ranks-not-cited,55
ai seo company,ranked.ai,ranks-not-cited,11
ai seo company,level.agency,ranks-not-cited,14
ai seo company,spicymargarita.co,ranks-not-cited,0
generative engine optimization agency,luminary.com,AI-cited,0
generative engine optimization agency,gofishdigital.com,AI-cited,0
generative engine optimization agency,greenbananaseo.com,AI-cited,0
generative engine optimization agency,impressiondigital.com,AI-cited,0
generative engine optimization agency,percepture.com,AI-cited,5
generative engine optimization agency,stellarising.com,AI-cited,0
generative engine optimization agency,thedigitalelevator.com,ranks-not-cited,0
generative engine optimization agency,thriveagency.com,ranks-not-cited,0
generative engine optimization agency,directiveconsulting.com,ranks-not-cited,0
generative engine optimization agency,directom.com,ranks-not-cited,0
generative engine optimization agency,beomniscient.com,ranks-not-cited,0
generative engine optimization agency,minuttia.com,ranks-not-cited,24
generative engine optimization agency,en.wikipedia.org,ranks-not-cited,0
ecommerce app development company,metaappdesigns.com,AI-cited,0
ecommerce app development company,techaheadcorp.com,AI-cited,0
ecommerce app development company,cypherox.com,AI-cited,0
ecommerce app development company,goodbarber.com,AI-cited,0
ecommerce app development company,techugo.com,AI-cited,0
ecommerce app development company,tekrevol.com,AI-cited,1
ecommerce app development company,businessofapps.com,AI-cited,0
ecommerce app development company,scnsoft.com,AI-cited,0
ecommerce app development company,appinventiv.com,AI-cited,0
ecommerce app development company,daffodilsw.com,ranks-not-cited,0
ecommerce app development company,75way.com,ranks-not-cited,9
ecommerce app development company,excellentwebworld.com,ranks-not-cited,0
ecommerce app development company,bighuman.com,ranks-not-cited,0
ecommerce app development company,clutch.co,ranks-not-cited,2
ecommerce app development company,sparxitsolutions.com,ranks-not-cited,0
ecommerce app development company,zazz.io,ranks-not-cited,20
