keyword,vertical,seed,search_volume,cpc,competition,kd,intent
law firm seo,law,law firm seo,4400,103.24,LOW,11,commercial
seo law firm,law,law firm seo,4400,103.24,LOW,11,commercial
seo for law firm,law,law firm seo,4400,103.24,LOW,11,commercial
kang seo restaurant,restaurant,restaurant seo,2900,0.5,LOW,0,navigational
website design for law firm,law,law firm website design,2400,86.41,LOW,34,commercial
law firm website design,law,law firm website design,2400,86.41,LOW,34,commercial
law-firm-website-design,law,law firm website design,2400,86.41,LOW,45,commercial
website design law firm,law,law firm website design,2400,86.41,LOW,34,commercial
seo roofing,roofing,roofing seo,2400,40.4,LOW,8,commercial
seo for roofing,roofing,roofing seo,2400,40.4,LOW,6,informational
roofing seo,roofing,roofing seo,2400,40.4,LOW,7,commercial
seo agency for healthcare,healthcare,healthcare seo,1600,122.42,LOW,0,commercial
seo agency healthcare,healthcare,healthcare seo,1600,122.42,LOW,2,commercial
healthcare seo agency,healthcare,healthcare seo,1600,122.42,LOW,0,commercial
dental seo,dental,dental seo,1300,70.41,LOW,0,commercial
dental seo services,dental,dental seo,1300,43.17,LOW,8,commercial
dental seo service,dental,dental seo,1300,43.17,LOW,6,commercial
seo dental,dental,dental seo,1300,38.61,LOW,10,commercial
seo for dental,dental,dental seo,1300,38.61,LOW,7,commercial
dental seo marketing,dental,dental seo,1300,38.61,LOW,16,commercial
seo real estate,real-estate,real estate seo,1300,26.21,LOW,13,commercial
seo and real estate,real-estate,real estate seo,1300,26.21,LOW,0,commercial
real estate seo optimization,real-estate,real estate seo,1300,26.21,LOW,15,commercial
real estate seo,real-estate,real estate seo,1300,26.21,LOW,16,commercial
seo for real estate,real-estate,real estate seo,1300,26.21,LOW,12,commercial
seo in real estate,real-estate,real estate seo,1300,26.21,LOW,10,commercial
home service seo,home-services,home service seo,1300,38.23,LOW,0,commercial
local seo for dental,dental,dental seo,1000,53.69,LOW,0,commercial
local dental seo,dental,dental seo,1000,53.69,LOW,2,commercial
dental seo company,dental,dental seo,1000,68.89,LOW,9,commercial
dental seo companies,dental,dental seo,1000,68.89,LOW,1,commercial
dental local seo,dental,dental seo,1000,53.69,LOW,0,commercial
seo for roofing companies,roofing,roofing seo,1000,32.32,LOW,15,informational
roofing company seo,roofing,roofing seo,1000,32.32,LOW,8,commercial
roofing seo companies,roofing,roofing seo,1000,32.32,LOW,4,commercial
roofing seo company,roofing,roofing seo,1000,32.32,LOW,16,commercial
general contractor website design,contractor,contractor website design,1000,15.61,LOW,7,navigational
website design for contractor,contractor,contractor website design,1000,15.61,LOW,5,commercial
contractor website design,contractor,contractor website design,1000,15.61,LOW,7,commercial
website design contractor,contractor,contractor website design,1000,15.61,LOW,35,commercial
website design for construction company,contractor,construction website design,1000,17.84,LOW,15,navigational
building construction website design,contractor,construction website design,1000,17.84,LOW,10,navigational
design construction website,contractor,construction website design,1000,17.84,LOW,27,navigational
website design for construction companies,contractor,construction website design,1000,17.84,LOW,0,commercial
website design for construction,contractor,construction website design,1000,17.84,LOW,0,commercial
construction industry website design,contractor,construction website design,1000,17.84,LOW,13,informational
construction company website design,contractor,construction website design,1000,17.84,LOW,0,navigational
construction website design,contractor,construction website design,1000,17.84,LOW,1,informational
website design construction,contractor,construction website design,1000,17.84,LOW,19,commercial
website design and construction,contractor,construction website design,1000,17.84,LOW,3,commercial
dental clinic website design,dental,dental website design,880,38.69,LOW,41,commercial
website design dental,dental,dental website design,880,38.69,LOW,84,commercial
dental website design,dental,dental website design,880,38.69,LOW,8,commercial
dental design website,dental,dental website design,880,38.69,LOW,56,navigational
design a real estate website,real-estate,real estate website design,880,19.57,LOW,19,commercial
real estate design website,real-estate,real estate website design,880,19.57,LOW,19,commercial
real estate website design,real-estate,real estate website design,880,19.57,LOW,19,commercial
website real estate design,real-estate,real estate website design,880,19.57,LOW,38,commercial
website design for real estate,real-estate,real estate website design,880,19.57,LOW,35,commercial
best law firm seo companies,law,law firm seo,880,268.78,LOW,16,commercial
best law firm seo company,law,law firm seo,880,268.78,LOW,6,commercial
law firm local seo,law,law firm seo,880,88.67,LOW,0,commercial
hvac seo services,hvac,hvac seo,880,59.89,LOW,15,commercial
hvac seo service,hvac,hvac seo,880,59.89,LOW,15,commercial
seo services for real estate,real-estate,real estate seo,720,10.9,LOW,9,commercial
real estate seo service,real-estate,real estate seo,720,10.9,LOW,14,commercial
real estate seo services,real-estate,real estate seo,720,10.9,LOW,15,commercial
law firm seo services,law,law firm seo,720,56.74,LOW,12,commercial
seo services for law firm,law,law firm seo,720,56.74,LOW,17,commercial
roofing seo service,roofing,roofing seo,720,0,LOW,13,commercial
roofing seo services,roofing,roofing seo,720,0,LOW,11,commercial
seo for plumbing,plumbing,plumbing seo,720,126.29,LOW,5,informational
seo plumbing,plumbing,plumbing seo,720,126.29,LOW,24,commercial
electrician seo,electrician,electrician seo,720,21.84,LOW,0,commercial
seo electrician,electrician,electrician seo,720,21.84,LOW,0,commercial
hvac seo,hvac,hvac seo,720,41.52,LOW,15,commercial
website design for restaurant,restaurant,restaurant website design,720,21.87,LOW,7,commercial
design website restaurant,restaurant,restaurant website design,720,21.87,LOW,10,informational
restaurant website design,restaurant,restaurant website design,720,21.87,LOW,5,commercial
restaurant design website,restaurant,restaurant website design,720,21.87,LOW,17,navigational
website restaurant design,restaurant,restaurant website design,720,21.87,LOW,7,commercial
design restaurant website,restaurant,restaurant website design,720,21.87,LOW,10,informational
design a restaurant website,restaurant,restaurant website design,720,21.87,LOW,10,commercial
website design restaurant,restaurant,restaurant website design,720,21.87,LOW,20,commercial
manufacturing company website design,manufacturing,manufacturing website design,720,52.95,LOW,13,navigational
website design for manufacturing companies,manufacturing,manufacturing website design,720,52.95,LOW,0,informational
website design for manufacturing,manufacturing,manufacturing website design,720,52.95,LOW,0,informational
manufacturing website design,manufacturing,manufacturing website design,720,52.95,LOW,0,informational
dental seo agencies,dental,dental seo,590,31.42,LOW,3,commercial
dental seo agency,dental,dental seo,590,31.42,LOW,0,commercial
website design medical,healthcare,medical website design,590,40.52,LOW,28,commercial
design medical website,healthcare,medical website design,590,40.52,LOW,18,informational
medical website design,healthcare,medical website design,590,40.52,LOW,28,informational
website design for medical,healthcare,medical website design,590,40.52,LOW,30,informational
medical-website-design,healthcare,medical website design,590,40.52,LOW,28,commercial
seo for healthcare industry,healthcare,healthcare seo,590,100.51,LOW,0,commercial
seo services for healthcare,healthcare,healthcare seo,590,160.3,LOW,0,commercial
seo services healthcare,healthcare,healthcare seo,590,160.3,LOW,9,commercial
healthcare seo services,healthcare,healthcare seo,590,160.3,LOW,1,commercial
seo for healthcare services,healthcare,healthcare seo,590,160.3,LOW,10,commercial
healthcare seo service,healthcare,healthcare seo,590,160.3,LOW,0,commercial
seo for healthcare,healthcare,healthcare seo,590,100.51,LOW,12,commercial
real estate website design template,real-estate,real estate website design,590,21.76,HIGH,12,informational
real estate website design templates,real-estate,real estate website design,590,21.76,HIGH,12,informational
website design for plumber,plumbing,plumber website design,590,27.18,LOW,0,informational
plumber website design,plumbing,plumber website design,590,27.18,LOW,0,navigational
plumbing seo,plumbing,plumbing seo,590,67.65,LOW,24,commercial
local seo for plumbing,plumbing,plumbing seo,590,33.19,LOW,0,commercial
auto dealer seo,automotive,auto dealer seo,590,46.99,LOW,0,commercial
home services marketing agency,home-services,home services marketing agency,590,24.45,LOW,19,navigational
dental seo experts,dental,dental seo,480,51.82,LOW,3,commercial
dental seo expert,dental,dental seo,480,51.82,LOW,2,commercial
law firm seo companies,law,law firm seo,480,78.1,LOW,12,commercial
law firm seo company,law,law firm seo,480,78.1,LOW,10,commercial
plumbing and hvac seo,plumbing,plumbing seo,480,20.64,LOW,5,navigational
seo for plumbing companies,plumbing,plumbing seo,480,0,LOW,30,commercial
seo for plumbing company,plumbing,plumbing seo,480,0,LOW,20,commercial
plumbing hvac seo,plumbing,plumbing seo,480,20.64,LOW,13,navigational
plumbing & hvac seo,plumbing,plumbing seo,480,20.64,LOW,8,navigational
plumbing company seo,plumbing,plumbing seo,480,0,LOW,16,navigational
website design for hvac,hvac,hvac website design,480,28.25,LOW,0,navigational
hvac website design,hvac,hvac website design,480,28.25,LOW,0,navigational
plumber hvac seo,hvac,hvac seo,480,20.64,LOW,32,commercial
local restaurant seo,restaurant,restaurant seo,480,6.6,LOW,6,commercial
local seo for restaurant,restaurant,restaurant seo,480,6.6,LOW,6,commercial
seo manufacturing,manufacturing,manufacturing seo,480,164.05,LOW,6,commercial
seo for manufacturing,manufacturing,manufacturing seo,480,164.05,LOW,10,commercial
manufacturing seo,manufacturing,manufacturing seo,480,164.05,LOW,9,commercial
seo for manufacturing industry,manufacturing,manufacturing seo,480,164.05,LOW,11,informational
seo for dental practices,dental,dental seo,390,62.86,LOW,7,commercial
dental practice seo,dental,dental seo,390,62.86,LOW,15,commercial
seo for dental practice,dental,dental seo,390,62.86,LOW,15,commercial
website design for medical doctors,healthcare,medical website design,390,23.93,LOW,32,commercial
medical doctor website design,healthcare,medical website design,390,23.93,LOW,24,informational
healthcare seo,healthcare,healthcare seo,390,69.3,LOW,9,commercial
seo in healthcare,healthcare,healthcare seo,390,69.3,LOW,10,commercial
seo healthcare,healthcare,healthcare seo,390,69.3,LOW,12,commercial
law firm seo agency,law,law firm seo,390,199.39,LOW,15,commercial
law firm seo expert,law,law firm seo,390,0,LOW,12,commercial
law firm seo experts,law,law firm seo,390,0,LOW,22,commercial
los angeles law firm seo,law,law firm seo,390,0,LOW,0,commercial
plumbing seo services,plumbing,plumbing seo,390,0,LOW,10,commercial
seo for hvac company,hvac,hvac seo,390,91.17,LOW,19,commercial
hvac contractor seo,hvac,hvac seo,390,91.17,LOW,16,navigational
seo for hvac companies,hvac,hvac seo,390,91.17,LOW,14,navigational
seo hvac,hvac,hvac seo,390,0,LOW,19,commercial
seo for hvac,hvac,hvac seo,390,0,LOW,11,commercial
construction website design templates,contractor,construction website design,390,18.76,HIGH,6,informational
restaurant website design template,restaurant,restaurant website design,390,12.75,HIGH,9,informational
restaurant website design templates,restaurant,restaurant website design,390,12.75,HIGH,7,informational
kang seo restaurant menu,restaurant,restaurant seo,390,0,LOW,0,informational
seo for restaurant,restaurant,restaurant seo,390,38.19,LOW,20,commercial
restaurant seo,restaurant,restaurant seo,390,38.19,LOW,0,commercial
dental website design companies,dental,dental website design,320,107.01,MEDIUM,57,commercial
dental website design company,dental,dental website design,320,107.01,MEDIUM,60,commercial
healthcare seo companies,healthcare,healthcare seo,320,290.15,LOW,0,commercial
healthcare seo company,healthcare,healthcare seo,320,290.15,LOW,1,commercial
real estate agent seo,real-estate,real estate seo,320,34.39,LOW,15,commercial
real-estate agent seo,real-estate,real estate seo,320,34.39,LOW,3,commercial
seo for real estate agent,real-estate,real estate seo,320,34.39,LOW,0,commercial
real estate seo companies,real-estate,real estate seo,320,16.01,LOW,3,commercial
real estate agents seo,real-estate,real estate seo,320,34.39,LOW,3,commercial
real estate company seo,real-estate,real estate seo,320,16.01,LOW,0,commercial
real estate seo company,real-estate,real estate seo,320,16.01,LOW,6,commercial
seo for real estate agents,real-estate,real estate seo,320,34.39,LOW,0,commercial
top law firm website design,law,law firm website design,320,64.66,LOW,17,commercial
best law firm website design,law,law firm website design,320,64.66,LOW,39,commercial
website design for roofing,roofing,roofing website design,320,29.84,LOW,3,informational
website design roofing,roofing,roofing website design,320,29.84,LOW,3,informational
roofing website design,roofing,roofing website design,320,29.84,LOW,3,informational
plumbing seo companies,plumbing,plumbing seo,320,111.78,LOW,44,commercial
plumbing seo company,plumbing,plumbing seo,320,111.78,LOW,14,commercial
electrician website design,electrician,electrician website design,320,4.77,LOW,0,navigational
website design for electrician,electrician,electrician website design,320,4.77,LOW,0,informational
hvac seo companies,hvac,hvac seo,320,0,LOW,12,navigational
seo for hvac contractors,hvac,hvac seo,320,0,LOW,12,informational
hvac seo company,hvac,hvac seo,320,0,LOW,15,commercial
dental website design service,dental,dental website design,260,0,LOW,13,commercial
medical spa website design,healthcare,medical website design,260,58.93,MEDIUM,0,commercial
local seo for healthcare,healthcare,healthcare seo,260,0,LOW,0,commercial
best law firm seo,law,law firm seo,260,0,LOW,26,commercial
roofing contractor seo,roofing,roofing seo,260,0,LOW,9,commercial
roofing seo agency,roofing,roofing seo,260,23.81,LOW,1,commercial
seo for roofing contractors,roofing,roofing seo,260,0,LOW,20,informational
local seo for roofing companies,roofing,roofing seo,260,0,LOW,6,informational
electrician seo company,electrician,electrician seo,260,0,LOW,0,commercial
hvac seo agency,hvac,hvac seo,260,109.43,LOW,22,commercial
manufacturing seo agency,manufacturing,manufacturing seo,260,0,LOW,6,commercial
dental seo marketing agency,dental,dental seo,210,0,LOW,27,commercial
medical website design companies,healthcare,medical website design,210,31.3,LOW,28,commercial
website design company medical,healthcare,medical website design,210,31.3,LOW,27,commercial
website design medical practice,healthcare,medical website design,210,37.02,LOW,21,informational
website design for medical practice,healthcare,medical website design,210,37.02,LOW,28,commercial
medical practice website design,healthcare,medical website design,210,37.02,LOW,35,informational
medical website design company,healthcare,medical website design,210,31.3,LOW,24,commercial
real estate brokerage website design,real-estate,real estate website design,210,38.43,MEDIUM,19,commercial
website design real estate agents,real-estate,real estate website design,210,38.43,MEDIUM,26,commercial
real estate agency website design,real-estate,real estate website design,210,38.43,MEDIUM,26,commercial
real estate broker website design,real-estate,real estate website design,210,38.43,MEDIUM,17,commercial
website design for real estate agents,real-estate,real estate website design,210,38.43,MEDIUM,26,commercial
real estate agent website design,real-estate,real estate website design,210,38.43,MEDIUM,17,commercial
real estate local seo,real-estate,real estate seo,210,0,LOW,0,commercial
real estate seo experts,real-estate,real estate seo,210,0,LOW,0,commercial
real estate seo expert,real-estate,real estate seo,210,0,LOW,15,commercial
local seo for real estate,real-estate,real estate seo,210,0,LOW,0,commercial
law firm website design services,law,law firm website design,210,61.9,LOW,34,commercial
law firm website design company,law,law firm website design,210,124.36,LOW,34,commercial
law firm website design agency,law,law firm website design,210,124.36,LOW,41,commercial
law firm website design companies,law,law firm website design,210,124.36,LOW,41,commercial
seo company for law firm,law,law firm seo,210,425.61,LOW,14,commercial
law firm website seo,law,law firm seo,210,0,LOW,22,commercial
seo for law firm websites,law,law firm seo,210,0,LOW,24,commercial
plumbing seo agency,plumbing,plumbing seo,210,0,LOW,23,commercial
local seo for hvac,hvac,hvac seo,210,0,LOW,0,navigational
seo ra beol restaurant menu,restaurant,restaurant seo,210,0,LOW,0,informational
automotive repair website design,automotive,automotive website design,210,9.24,LOW,0,informational
dental website design templates,dental,dental website design,170,14.19,MEDIUM,0,informational
dental website design agency,dental,dental website design,170,56.86,LOW,96,commercial
seo for dental office,dental,dental seo,170,68.38,MEDIUM,24,commercial
dental office seo,dental,dental seo,170,68.38,MEDIUM,25,commercial
dental seo marketing services,dental,dental seo,170,0,LOW,14,commercial
seo for dental offices,dental,dental seo,170,68.38,MEDIUM,24,commercial
seo for real estate investing,real-estate,real estate seo,170,22.58,LOW,29,commercial
real estate seo agencies,real-estate,real estate seo,170,16.4,LOW,8,commercial
seo for real estate investors,real-estate,real estate seo,170,22.58,LOW,17,commercial
real estate seo agency,real-estate,real estate seo,170,16.4,LOW,4,commercial
small law firm website design,law,law firm website design,170,151.86,MEDIUM,40,commercial
automotive website design,automotive,automotive website design,170,0,LOW,0,commercial
website design automotive,automotive,automotive website design,170,0,LOW,0,commercial
seo for dental marketing,dental,dental seo,140,0,LOW,25,commercial
dental marketing seo,dental,dental seo,140,0,LOW,15,commercial
best dental seo company,dental,dental seo,140,0,LOW,9,commercial
best dental seo companies,dental,dental seo,140,0,LOW,0,commercial
seo dental websites,dental,dental seo,140,0,LOW,30,commercial
dental website seo,dental,dental seo,140,0,LOW,17,commercial
seo dental marketing,dental,dental seo,140,0,LOW,0,commercial
medical website design templates,healthcare,medical website design,140,16.19,MEDIUM,2,informational
best website design for medical,healthcare,medical website design,140,22.36,MEDIUM,4,commercial
best medical website design,healthcare,medical website design,140,22.36,MEDIUM,7,commercial
medical website design template,healthcare,medical website design,140,16.19,MEDIUM,5,informational
best real estate website design,real-estate,real estate website design,140,18.1,MEDIUM,9,commercial
best website design for real estate,real-estate,real estate website design,140,18.1,MEDIUM,21,commercial
commercial real estate website design,real-estate,real estate website design,140,14.45,LOW,7,commercial
best website design real estate,real-estate,real estate website design,140,18.1,MEDIUM,21,commercial
real estate website seo,real-estate,real estate seo,140,0,LOW,3,commercial
seo for real estate websites,real-estate,real estate seo,140,0,LOW,3,commercial
seo for real estate sites,real-estate,real estate seo,140,0,LOW,2,commercial
seo for real estate website,real-estate,real estate seo,140,0,LOW,3,commercial
seo real estate website,real-estate,real estate seo,140,0,LOW,18,commercial
real estate websites seo,real-estate,real estate seo,140,0,LOW,15,commercial
law firm website design templates,law,law firm website design,140,29.49,HIGH,4,commercial
law firm seo consultant,law,law firm seo,140,0,LOW,14,commercial
seo for plumbing services,plumbing,plumbing seo,140,0,LOW,20,commercial
electrician local seo,electrician,electrician seo,140,0,LOW,0,commercial
electrician seo services,electrician,electrician seo,140,47.73,LOW,0,commercial
local seo for hvac companies,hvac,hvac seo,140,36.97,LOW,9,navigational
top restaurant website design,restaurant,restaurant website design,140,13.96,MEDIUM,0,commercial
best website design for restaurant,restaurant,restaurant website design,140,13.96,MEDIUM,22,commercial
cool restaurant website design,restaurant,restaurant website design,140,13.96,MEDIUM,2,informational
best website design restaurant,restaurant,restaurant website design,140,13.96,MEDIUM,0,commercial
good restaurant website design,restaurant,restaurant website design,140,13.96,MEDIUM,0,informational
best restaurant website design,restaurant,restaurant website design,140,13.96,MEDIUM,0,commercial
restaurant seo services,restaurant,restaurant seo,140,42.07,LOW,0,commercial
manufacturing website design agency,manufacturing,manufacturing website design,140,0,LOW,0,navigational
seo for manufacturing companies,manufacturing,manufacturing seo,140,0,LOW,9,informational
manufacturing seo companies,manufacturing,manufacturing seo,140,63.8,LOW,16,commercial
manufacturing seo company,manufacturing,manufacturing seo,140,63.8,LOW,6,navigational
website design dental practice,dental,dental website design,110,93.1,LOW,16,commercial
best dental website design,dental,dental website design,110,27.4,LOW,24,commercial
best dental clinic website design,dental,dental website design,110,27.4,LOW,12,informational
dental practice website design,dental,dental website design,110,93.1,LOW,12,commercial
website design for dental practice,dental,dental website design,110,93.1,LOW,13,commercial
dental seo marketing company,dental,dental seo,110,0,LOW,38,commercial
dental seo consultant,dental,dental seo,110,0,LOW,15,commercial
best dental seo,dental,dental seo,110,0,LOW,12,commercial
medical website design services,healthcare,medical website design,110,0,LOW,17,commercial
medical website design agency,healthcare,medical website design,110,0,LOW,14,commercial
healthcare seo consultant,healthcare,healthcare seo,110,0,LOW,1,commercial
healthcare seo expert,healthcare,healthcare seo,110,0,LOW,1,commercial
healthcare seo experts,healthcare,healthcare seo,110,0,LOW,0,commercial
real estate website design companies,real-estate,real estate website design,110,14.74,LOW,16,commercial
real estate company website design,real-estate,real estate website design,110,14.74,LOW,2,commercial
real estate website design company,real-estate,real estate website design,110,14.74,LOW,16,commercial
best seo companies for real estate,real-estate,real estate seo,110,0,LOW,22,commercial
best seo company for real estate,real-estate,real estate seo,110,0,LOW,22,commercial
real estate seo consultant,real-estate,real estate seo,110,0,LOW,11,commercial
best real estate seo companies,real-estate,real estate seo,110,0,LOW,16,commercial
what is real estate seo,real-estate,real estate seo,110,0,LOW,0,informational
best real estate seo company,real-estate,real estate seo,110,0,LOW,16,commercial
local seo for real estate agents,real-estate,real estate seo,110,26.92,LOW,0,commercial
what is seo in real estate,real-estate,real estate seo,110,0,LOW,0,informational
best law firm website design companies,law,law firm website design,110,285.24,LOW,24,commercial
law firm seo audit,law,law firm seo,110,0,LOW,0,commercial
best roofing seo,roofing,roofing seo,110,0,LOW,11,commercial
roofing seo experts,roofing,roofing seo,110,0,LOW,5,commercial
seo for roofing company,roofing,roofing seo,110,32.87,LOW,17,informational
roofing seo expert,roofing,roofing seo,110,0,LOW,7,commercial
plumbing local seo,plumbing,plumbing seo,110,0,LOW,0,navigational
hvac website design agency,hvac,hvac website design,110,76.74,LOW,14,navigational
local seo for hvac contractors,hvac,hvac seo,110,0,LOW,0,navigational
hvac seo marketing,hvac,hvac seo,110,0,LOW,9,commercial
seo agency for restaurant,restaurant,restaurant seo,110,0,LOW,0,commercial
restaurant seo agency,restaurant,restaurant seo,110,0,LOW,0,commercial
home services digital marketing agency,home-services,home services marketing agency,110,18.85,LOW,15,commercial
seo for dental websites,dental,dental seo,90,0,LOW,24,commercial
dental seo near me,dental,dental seo,90,0,LOW,0,commercial
seo for dental website,dental,dental seo,90,0,LOW,24,commercial
medical clinic website design,healthcare,medical website design,90,134.31,LOW,10,informational
real-estate website design services,real-estate,real estate website design,90,0,LOW,30,commercial
real estate website design service,real-estate,real estate website design,90,0,LOW,33,commercial
real estate website design services,real-estate,real estate website design,90,0,LOW,38,commercial
real estate keywords seo,real-estate,real estate seo,90,0,LOW,16,commercial
seo keywords for real estate,real-estate,real estate seo,90,0,LOW,3,commercial
real estate keywords for seo,real-estate,real estate seo,90,0,LOW,13,commercial
seo real estate keywords,real-estate,real estate seo,90,0,LOW,16,commercial
law firm seo specialist,law,law firm seo,90,0,LOW,13,commercial
law firm seo exults,law,law firm seo,90,58.63,MEDIUM,0,commercial
law firm seo marketing,law,law firm seo,90,297.17,LOW,34,commercial
exults law firm seo,law,law firm seo,90,98.8,MEDIUM,7,commercial
law firm seo specialists,law,law firm seo,90,0,LOW,21,commercial
roofing website design agency,roofing,roofing website design,90,0,LOW,5,navigational
roofing seo marketing,roofing,roofing seo,90,0,LOW,0,commercial
best roofing seo company,roofing,roofing seo,90,58.97,LOW,21,commercial
best roofing seo companies,roofing,roofing seo,90,58.97,LOW,28,commercial
roofing seo pros,roofing,roofing seo,90,0,LOW,0,commercial
seo restaurant,restaurant,restaurant seo,90,15.49,LOW,9,commercial
kang seo restaurant photos,restaurant,restaurant seo,90,0,LOW,0,navigational
dental seo keywords,dental,dental seo,70,0,LOW,0,commercial
dental seo internet marketing company,dental,dental seo,70,0,LOW,16,commercial
healthcare marketing seo,healthcare,healthcare seo,70,56.75,LOW,4,commercial
seo for healthcare providers,healthcare,healthcare seo,70,0,LOW,12,commercial
healthcare seo marketing,healthcare,healthcare seo,70,56.75,LOW,3,commercial
seo strategy for real estate,real-estate,real estate seo,70,7.71,LOW,1,commercial
real estate seo strategies,real-estate,real estate seo,70,7.71,LOW,6,commercial
real estate seo keywords,real-estate,real estate seo,70,0,LOW,0,commercial
real estate seo strategy,real-estate,real estate seo,70,7.71,LOW,0,commercial
real estate seo marketing,real-estate,real estate seo,70,0,LOW,10,commercial
seo real estate marketing,real-estate,real estate seo,70,0,LOW,4,commercial
seo marketing for real estate,real-estate,real estate seo,70,0,LOW,7,commercial
custom law firm website design,law,law firm website design,70,0,LOW,20,commercial
law firm website design cost,law,law firm website design,70,0,LOW,0,commercial
modern law firm website design,law,law firm website design,70,27.97,LOW,18,commercial
law firm seo book,law,law firm seo,70,0,LOW,33,commercial
personal injury law firm seo,law,law firm seo,70,0,LOW,0,commercial
houston law firm seo,law,law firm seo,70,0,LOW,0,commercial
law firm marketing seo,law,law firm seo,70,0,LOW,28,commercial
seo services for roofing company,roofing,roofing seo,70,0,LOW,26,commercial
roofing seo keywords,roofing,roofing seo,70,0,LOW,0,informational
hvac seo experts,hvac,hvac seo,70,0,LOW,7,commercial
best hvac seo company,hvac,hvac seo,70,0,LOW,11,commercial
hvac seo expert,hvac,hvac seo,70,0,LOW,12,commercial
best seo for hvac contractors,hvac,hvac seo,70,0,LOW,11,informational
contractor website design agency,contractor,contractor website design,70,0,LOW,1,navigational
construction website design company,contractor,construction website design,70,42.3,MEDIUM,7,navigational
construction website design services,contractor,construction website design,70,0,LOW,4,commercial
restaurant website design company,restaurant,restaurant website design,70,22.65,LOW,2,commercial
restaurant website design agency,restaurant,restaurant website design,70,22.65,LOW,0,commercial
manufacturing website design company,manufacturing,manufacturing website design,70,15.08,LOW,5,navigational
manufacturing seo services,manufacturing,manufacturing seo,70,11.52,LOW,7,commercial
seo agency for manufacturing,manufacturing,manufacturing seo,70,0,LOW,4,commercial
auto dealer seo services,automotive,auto dealer seo,70,0,LOW,7,commercial
digital marketing agency for home services,home-services,home services marketing agency,70,13.33,LOW,11,commercial
dental office website design,dental,dental website design,50,66.06,MEDIUM,30,commercial
dental seo specialist,dental,dental seo,50,0,LOW,0,commercial
dental seo dallas,dental,dental seo,50,12.52,LOW,0,commercial
dental seo solutions,dental,dental seo,50,0,MEDIUM,1,commercial
seo for dental clinics,dental,dental seo,50,0,LOW,2,commercial
dental seo strategy,dental,dental seo,50,0,LOW,11,commercial
seo for dental clinic,dental,dental seo,50,0,LOW,12,commercial
dental seo strategies,dental,dental seo,50,0,LOW,12,commercial
healthcare local seo,healthcare,healthcare seo,50,0,LOW,0,commercial
healthcare seo strategy,healthcare,healthcare seo,50,0,LOW,0,commercial
real estate website design agency,real-estate,real estate website design,50,16.85,LOW,40,commercial
real-estate website design agency,real-estate,real estate website design,50,16.85,LOW,38,commercial
luxury real estate website design,real-estate,real estate website design,50,10.49,LOW,0,commercial
seo services for real estate agents,real-estate,real estate seo,50,0,MEDIUM,0,commercial
seo for commercial real estate,real-estate,real estate seo,50,0,LOW,0,commercial
commercial real estate seo company,real-estate,real estate seo,50,0,LOW,0,commercial
seo commercial real estate,real-estate,real estate seo,50,0,LOW,0,commercial
commercial real estate seo,real-estate,real estate seo,50,0,LOW,0,commercial
law firm sites website design,law,law firm website design,50,0,LOW,49,commercial
law firm website design inspiration,law,law firm website design,50,21.3,LOW,1,commercial
law firm seo miami,law,law firm seo,50,0,LOW,0,commercial
law firm seo houston,law,law firm seo,50,0,LOW,0,commercial
roofing contractor website design,roofing,roofing website design,50,11.87,LOW,6,navigational
roofing company website design,roofing,roofing website design,50,27.25,LOW,3,navigational
hvac website design services,hvac,hvac website design,50,0,LOW,0,navigational
seo for hvac business,hvac,hvac seo,50,168.25,LOW,5,commercial
best construction company website design,contractor,construction website design,50,1.59,MEDIUM,0,commercial
best construction website design,contractor,construction website design,50,1.59,MEDIUM,0,commercial
restaurant website design services,restaurant,restaurant website design,50,0,LOW,15,commercial
restaurant website design inspiration,restaurant,restaurant website design,50,4.81,MEDIUM,0,informational
restaurant seo company,restaurant,restaurant seo,50,0,LOW,0,commercial
seo japanese restaurant,restaurant,restaurant seo,50,0,LOW,0,navigational
restaurant seo nyc,restaurant,restaurant seo,50,0,LOW,0,navigational
seo restaurant nyc,restaurant,restaurant seo,50,0,LOW,0,commercial
dental seo company near me,dental,dental seo,40,0,LOW,0,commercial
real estate seo tips,real-estate,real estate seo,40,0,LOW,14,informational
singh notaries mobile bayside real estate web development and seo,real-estate,real estate seo,40,0,LOW,0,commercial
best seo keywords for real estate,real-estate,real estate seo,40,0,LOW,0,commercial
seo real estate meaning,real-estate,real estate seo,40,0,LOW,0,commercial
law firm website design tips,law,law firm website design,40,0,LOW,6,commercial
solo law firm website design,law,law firm website design,40,0,LOW,8,commercial
law firm seo nyc,law,law firm seo,40,0,MEDIUM,2,commercial
law firm seo tips,law,law firm seo,40,0,LOW,17,commercial
law firm seo company nyc,law,law firm seo,40,0,MEDIUM,0,commercial
local seo for plumbing companies,plumbing,plumbing seo,40,0,LOW,0,navigational
seo company for hvac,hvac,hvac seo,40,0,LOW,16,commercial
hvac seo phoenix,hvac,hvac seo,40,0,LOW,0,navigational
construction website design agency,contractor,construction website design,40,0,LOW,5,navigational
custom dental website design,dental,dental website design,30,0,LOW,26,commercial
dental lab website design,dental,dental website design,30,0,LOW,0,informational
dental website design cost,dental,dental website design,30,45.69,LOW,0,commercial
dental clinic seo,dental,dental seo,30,41.7,MEDIUM,12,commercial
dental seo cost,dental,dental seo,30,0,LOW,0,commercial
the dental seo company,dental,dental seo,30,3.63,MEDIUM,0,commercial
dental seo london,dental,dental seo,30,0,LOW,0,navigational
medical website design and development,healthcare,medical website design,30,0,LOW,21,commercial
medical device website design,healthcare,medical website design,30,0,LOW,0,informational
medical website design cost,healthcare,medical website design,30,0,MEDIUM,0,commercial
healthcare local seo services,healthcare,healthcare seo,30,0,LOW,0,commercial
seo for healthcare companies,healthcare,healthcare seo,30,0,LOW,10,commercial
real estate website design and hosting,real-estate,real estate website design,30,0,LOW,11,commercial
wordpress real estate website design,real-estate,real estate website design,30,0,LOW,27,commercial
real estate website design templates free download,real-estate,real estate website design,30,11.58,MEDIUM,8,informational
real estate website design wordpress,real-estate,real estate website design,30,0,LOW,20,commercial
top real estate seo companies,real-estate,real estate seo,30,0,LOW,0,commercial
what does seo stand for in real estate,real-estate,real estate seo,30,0,LOW,40,informational
seo for real estate company,real-estate,real estate seo,30,0,LOW,10,commercial
seo for real estate agencies,real-estate,real estate seo,30,24.37,LOW,0,commercial
real estate seo case study,real-estate,real estate seo,30,0,LOW,0,commercial
seo for real estate companies,real-estate,real estate seo,30,0,LOW,13,commercial
small law firm seo,law,law firm seo,30,0,LOW,17,commercial
law firm seo gerrid smith,law,law firm seo,30,140.02,MEDIUM,0,navigational
fortress law firm seo,law,law firm seo,30,104.5,MEDIUM,,commercial
law firm seo fortress,law,law firm seo,30,76.86,MEDIUM,,commercial
dallas law firm seo,law,law firm seo,30,0,LOW,0,commercial
best roofing website design,roofing,roofing website design,30,26.54,MEDIUM,3,informational
seo roofing companies,roofing,roofing seo,30,0,LOW,7,commercial
seo roofing company,roofing,roofing seo,30,0,LOW,9,commercial
plumbing seo keywords,plumbing,plumbing seo,30,0,LOW,0,informational
website design for hvac company,hvac,hvac website design,30,0,LOW,8,navigational
hvac seo tips,hvac,hvac seo,30,0,LOW,0,informational
local seo services for hvac contractors,hvac,hvac seo,30,0,LOW,5,commercial
website under construction page design,contractor,construction website design,30,0,LOW,3,informational
best website design for construction companies,contractor,construction website design,30,12.25,HIGH,2,commercial
seo services for restaurant,restaurant,restaurant seo,30,0,LOW,0,commercial
kang seo restaurant reviews,restaurant,restaurant seo,30,0,LOW,0,informational
automotive parts website design,automotive,automotive website design,30,9.16,LOW,0,navigational
best automotive website design,automotive,automotive website design,30,27.31,LOW,0,informational
seo for home service contractors,home-services,home service seo,30,0,LOW,7,commercial
dental website design and marketing,dental,dental website design,20,0,LOW,57,commercial
best dental website design companies,dental,dental website design,20,0,HIGH,60,commercial
dental website design utah,dental,dental website design,20,0,LOW,35,commercial
dental seo utah,dental,dental seo,20,0,LOW,0,commercial
dental seo pricing,dental,dental seo,20,0,LOW,0,commercial
seo dental clinic,dental,dental seo,20,0,,4,commercial
how much does dental seo cost,dental,dental seo,20,0,LOW,0,informational
medical office website design,healthcare,medical website design,20,19.49,LOW,20,informational
healthcare local seo company,healthcare,healthcare seo,20,0,LOW,0,commercial
seo for healthcare websites,healthcare,healthcare seo,20,0,LOW,10,commercial
seo for healthcare professionals,healthcare,healthcare seo,20,0,LOW,9,commercial
best real estate website design companies,real-estate,real estate website design,20,0,,33,commercial
custom real estate website design,real-estate,real estate website design,20,24.39,LOW,28,commercial
website design real estate,real-estate,real estate website design,20,49.55,LOW,25,commercial
real estate idx website design,real-estate,real estate website design,20,6.66,HIGH,22,commercial
design real estate website,real-estate,real estate website design,20,49.55,LOW,23,commercial
real estate website design inspiration,real-estate,real estate website design,20,15.56,MEDIUM,8,informational
best real estate website design company,real-estate,real estate website design,20,0,,22,commercial
real estate seo services arizona,real-estate,real estate seo,20,0,LOW,0,commercial
seo for real estate investors llc,real-estate,real estate seo,20,0,LOW,14,informational
what does seo mean in real estate,real-estate,real estate seo,20,0,LOW,59,informational
seo services for real estate investors,real-estate,real estate seo,20,0,LOW,7,commercial
best law firm website design awards,law,law firm website design,20,0,,7,commercial
law firm website design awards,law,law firm website design,20,0,MEDIUM,0,navigational
family law firm website design,law,law firm website design,20,0,LOW,,navigational
justia law firm website design,law,law firm website design,20,0,HIGH,100,navigational
law firm seo strategy,law,law firm seo,20,0,LOW,25,commercial
seo law firm marketing,law,law firm seo,20,0,LOW,46,commercial
website design for roofing company,roofing,roofing website design,20,0,LOW,7,informational
my roofing seo,roofing,roofing seo,20,0,LOW,19,navigational
roofing seo webmasters,roofing,roofing seo,20,71.2,MEDIUM,24,commercial
hvac and plumbing seo,plumbing,plumbing seo,20,30.95,MEDIUM,7,navigational
plumbing and hvac seo reviews,plumbing,plumbing seo,20,0,LOW,,informational
electrician website design agency,electrician,electrician website design,20,0,LOW,0,navigational
seo for electrician,electrician,electrician seo,20,0,LOW,0,commercial
best hvac website design,hvac,hvac website design,20,35.84,MEDIUM,1,informational
hvac seo strategy,hvac,hvac seo,20,0,LOW,0,commercial
hvac local seo,hvac,hvac seo,20,0,LOW,0,commercial
seo audit for hvac,hvac,hvac seo,20,0,LOW,0,commercial
hvac seo strategies,hvac,hvac seo,20,0,LOW,0,informational
hvac seo fort collins,hvac,hvac seo,20,0,LOW,0,navigational
local seo services for hvac companies,hvac,hvac seo,20,0,LOW,1,commercial
best seo for hvac companies,hvac,hvac seo,20,0,LOW,4,informational
hvac seo webmasters,hvac,hvac seo,20,0,,15,navigational
painting contractor website design,contractor,contractor website design,20,0,LOW,0,navigational
contractor website design company,contractor,contractor website design,20,0,LOW,27,navigational
modern construction website design,contractor,construction website design,20,6.29,MEDIUM,0,navigational
restaurant menu design website,restaurant,restaurant website design,20,0,LOW,49,commercial
sample restaurant website design,restaurant,restaurant website design,20,3.28,MEDIUM,2,informational
restaurant website design examples,restaurant,restaurant website design,20,3.28,MEDIUM,1,informational
website restaurant menu design,restaurant,restaurant website design,20,0,LOW,43,informational
restaurant website menu design,restaurant,restaurant website design,20,0,LOW,24,informational
restaurant website seo,restaurant,restaurant seo,20,0,LOW,,commercial
best seo agency for manufacturing,manufacturing,manufacturing seo,20,0,LOW,4,commercial
marketing agency for home services,home-services,home services marketing agency,20,22.07,MEDIUM,19,navigational
