domain,intersections,their_organic_kw,their_etv
factoryjet.com,89,89,101.2
youtube.com,79,79,98.5
clutch.co,46,46,82.5
semrush.com,44,44,76.9
reddit.com,43,43,29.9
designrush.com,43,43,74.1
yelp.com,39,39,60.9
thriveagency.com,37,37,70.0
quora.com,36,36,26.3
webfx.com,36,36,22.3
themanifest.com,34,34,52.7
upwork.com,33,33,16.3
moonfruit.com,33,33,63.1
goodfirms.co,33,33,72.9
linkedin.com,33,33,39.7
facebook.com,31,31,20.0
outerboxdesign.com,29,29,14.0
expertise.com,27,27,33.5
localspark.com,27,27,44.1
forbes.com,25,25,11.7
shopify.com,25,25,11.7
elementor.com,25,25,11.7
trustworthyseocompany.com,25,25,56.0
wix.com,25,25,11.7
godaddy.com,25,25,11.7
blacksmith.agency,24,24,11.8
squarespace.com,24,24,11.5
tooltester.com,23,23,11.4
themeisle.com,23,23,7.5
analytify.io,23,23,11.3
krowdbase.com,23,23,41.9
pagecloud.com,22,22,11.3
prontomarketing.com,22,22,11.2
leadpages.com,22,22,11.0
sayenkodesign.com,22,22,10.9
hubspot.com,22,22,11.4
talo.com,21,21,10.8
letswebsitebuild.com,20,20,10.8
seo.co,20,20,49.8
websitebuilderexpert.com,20,20,11.1
business.com,20,20,11.2
hollerdigital.com,20,20,11.1
jimdo.com,20,20,10.6
monsterinsights.com,20,20,9.1
mayple.com,20,20,22.2
sitethreesixty.com,20,20,10.2
fiverr.com,20,20,9.5
thewebsitearchitect.com,19,19,9.7
startups.co.uk,19,19,10.1
expertmarket.com,19,19,10.1
