keyword,position,search_volume,kd,url
mobile only,12,140,3,https://factoryjet.com/blog/mobile-only-design-strategy
seo lincoln ne,12,70,0,https://factoryjet.com/lincoln/seo
charlotte seo company,17,880,16,https://factoryjet.com/us/charlotte/seo
sioux falls seo company,17,20,0,https://factoryjet.com/us/sioux-falls/seo
seo lincoln,18,70,0,https://factoryjet.com/lincoln/seo
charlotte seo companies,19,880,16,https://factoryjet.com/us/charlotte/seo
seo cleveland ohio,19,320,9,https://factoryjet.com/us/cleveland/seo
seo services nashville tn,19,260,4,https://factoryjet.com/us/nashville/seo
how much does a good website cost,20,40,17,https://factoryjet.com/us/website-cost
seo charlotte,21,390,12,https://factoryjet.com/us/charlotte/seo
nashville seo services,21,260,17,https://factoryjet.com/us/nashville/seo
seo company in austin texas,21,20,0,https://factoryjet.com/us/austin/seo
austin seo agency,22,4400,4,https://factoryjet.com/us/austin/seo
seo services in nashville,22,260,0,https://factoryjet.com/us/nashville/seo
seo services nashville,22,260,13,https://factoryjet.com/us/nashville/seo
seo nashville,25,480,0,https://factoryjet.com/us/nashville/seo
cleveland seo experts,26,110,12,https://factoryjet.com/cleveland/seo
seo firm austin,26,90,4,https://factoryjet.com/austin/seo
what is webflow,27,1600,29,https://factoryjet.com/blog/what-is-webflow
seo companies charlotte,27,880,21,https://factoryjet.com/us/charlotte/seo
seo services in austin,28,90,9,https://factoryjet.com/austin/seo
seo companies in austin,29,4400,9,https://factoryjet.com/us/austin/seo
colorado springs seo companies,30,4400,18,https://factoryjet.com/us/colorado-springs/seo
seo agencies charlotte nc,30,880,21,https://factoryjet.com/us/charlotte/seo
seo companies charlotte nc,30,880,32,https://factoryjet.com/us/charlotte/seo
cleveland seo,30,320,16,https://factoryjet.com/us/cleveland/seo
charlotte nc seo,31,320,5,https://factoryjet.com/us/charlotte/seo
creator jet,31,50,2,https://factoryjet.com/us
seo company charlotte,32,1000,12,https://factoryjet.com/us/charlotte/seo
seo agencies charlotte,32,880,12,https://factoryjet.com/us/charlotte/seo
jet commerce,33,110,14,https://factoryjet.com/
seo services franklin,33,30,0,https://factoryjet.com/us/nashville/seo
web cleveland,34,210,24,https://factoryjet.com/us/cleveland/web-design
react vs wordpress,36,30,0,https://factoryjet.com/blog/react-vs-wordpress
cost of a website per year,37,40,14,https://factoryjet.com/us/website-cost
best seo services uk,38,1000,22,https://factoryjet.com/blog/best-seo-agencies-uk
how much should i charge for making a website,38,260,5,https://factoryjet.com/us/website-cost
web page design in miami,39,1300,31,https://factoryjet.com/us/miami/web-design
cleveland seo services,39,170,11,https://factoryjet.com/cleveland/seo
seo companies in charlotte nc,41,880,13,https://factoryjet.com/us/charlotte/seo
what does webflow do,41,110,37,https://factoryjet.com/blog/what-is-webflow
how much to get website made,41,30,30,https://factoryjet.com/us/website-cost
web designers in charlotte nc,42,320,36,https://factoryjet.com/us/charlotte/web-design
what is webflow.com,42,50,15,https://factoryjet.com/blog/what-is-webflow
agency jet,43,140,30,https://factoryjet.com/
web designer in charlotte nc,44,320,37,https://factoryjet.com/us/charlotte/web-design
portland web design firm,44,90,68,https://factoryjet.com/portland/web-design
how much does it cost to publish a website,44,50,24,https://factoryjet.com/us/website-cost
boise seo company,45,390,5,https://factoryjet.com/boise/seo
portland web design company,45,90,70,https://factoryjet.com/portland/web-design
studio490,45,20,7,https://factoryjet.com/us/charlotte/seo
how much does it cost to run a website,50,320,14,https://factoryjet.com/us/website-cost
