category,keyword,search_volume,cpc,competition
Dental Practices & Clinics,dental ai receptionist,170,152.07,UNKNOWN
Healthcare & Medical Clinics,ai medical receptionist,140,203.7,UNKNOWN
Healthcare & Medical Clinics,ai voice agent for healthcare,110,55.24,UNKNOWN
Healthcare & Medical Clinics,ai receptionist for medical office,90,100.89,UNKNOWN
Food & Beverage & Hospitality,ai voice agent for restaurant,70,42.56,UNKNOWN
Manufacturing & Industrial,ai agents for manufacturing,70,27.78,UNKNOWN
Manufacturing & Industrial,ai agent for manufacturing,70,27.78,UNKNOWN
Dental Practices & Clinics,ai receptionist for dental office,40,293.09,UNKNOWN
Healthcare & Medical Clinics,hipaa compliant ai receptionist,40,91.11,UNKNOWN
"Roofing, Plumbing, HVAC & Electricians",ai receptionist for hvac,40,25.88,UNKNOWN
Wholesale Distribution & Supply Chain,ai agent for supply chain,40,9.8,UNKNOWN
Dental Practices & Clinics,ai receptionist dental,30,122.48,UNKNOWN
Healthcare & Medical Clinics,medical ai receptionist,30,38.95,UNKNOWN
Manufacturing & Industrial,ai automation in manufacturing,30,27.23,UNKNOWN
Construction & General Contractors,ai for general contractors,30,5.33,UNKNOWN
Healthcare & Medical Clinics,ai patient scheduling,30,0.0,UNKNOWN
Food & Beverage & Hospitality,ai phone answering for restaurants,20,57.67,UNKNOWN
Construction & General Contractors,ai receptionist for contractors,10,40.76,UNKNOWN
Wholesale Distribution & Supply Chain,ai in wholesale distribution,10,21.07,UNKNOWN
Healthcare & Medical Clinics,ai receptionist medical,10,0.0,UNKNOWN
Healthcare & Medical Clinics,ai receptionist for clinic,10,0.0,UNKNOWN
Manufacturing & Industrial,ai for manufacturing quality control,10,0.0,UNKNOWN
Healthcare & Medical Clinics,ai answering service for medical practices,0,0.0,UNKNOWN
Healthcare & Medical Clinics,hipaa compliant ai voice agent,0,0.0,UNKNOWN
Healthcare & Medical Clinics,ai for medical practice,0,0.0,UNKNOWN
Healthcare & Medical Clinics,virtual medical receptionist ai,0,0.0,UNKNOWN
Healthcare & Medical Clinics,healthcare workflow automation ai,0,0.0,UNKNOWN
Dental Practices & Clinics,ai answering service for dental office,0,0.0,UNKNOWN
Dental Practices & Clinics,dental office virtual receptionist ai,0,0.0,UNKNOWN
Dental Practices & Clinics,dental appointment scheduling ai,0,0.0,UNKNOWN
Dental Practices & Clinics,ai phone answering for dentists,0,0.0,UNKNOWN
Chiropractors & Independent Practitioners,ai receptionist for chiropractor,0,0.0,UNKNOWN
Chiropractors & Independent Practitioners,chiropractic ai receptionist,0,0.0,UNKNOWN
Chiropractors & Independent Practitioners,ai answering service for chiropractors,0,0.0,UNKNOWN
Chiropractors & Independent Practitioners,ai for independent medical practices,0,0.0,UNKNOWN
Chiropractors & Independent Practitioners,physical therapy ai receptionist,0,0.0,UNKNOWN
Construction & General Contractors,ai answering service for contractors,0,0.0,UNKNOWN
Construction & General Contractors,construction workflow automation ai,0,0.0,UNKNOWN
Construction & General Contractors,ai estimating for general contractors,0,0.0,UNKNOWN
Construction & General Contractors,contractor lead qualification ai,0,0.0,UNKNOWN
Construction & General Contractors,construction ai voice agent,0,0.0,UNKNOWN
"Roofing, Plumbing, HVAC & Electricians",ai receptionist for roofing company,0,0.0,UNKNOWN
"Roofing, Plumbing, HVAC & Electricians",roofing ai receptionist,0,0.0,UNKNOWN
"Roofing, Plumbing, HVAC & Electricians",ai answering service for roofers,0,0.0,UNKNOWN
"Roofing, Plumbing, HVAC & Electricians",ai phone agent for plumbers,0,0.0,UNKNOWN
"Roofing, Plumbing, HVAC & Electricians",ai answering service for plumbers,0,0.0,UNKNOWN
"Roofing, Plumbing, HVAC & Electricians",plumbing ai receptionist,0,0.0,UNKNOWN
"Roofing, Plumbing, HVAC & Electricians",ai answering service for hvac,0,0.0,UNKNOWN
"Roofing, Plumbing, HVAC & Electricians",hvac ai voice agent,0,0.0,UNKNOWN
"Roofing, Plumbing, HVAC & Electricians",ai answering service for electricians,0,0.0,UNKNOWN
"Roofing, Plumbing, HVAC & Electricians",electrician ai receptionist,0,0.0,UNKNOWN
"Roofing, Plumbing, HVAC & Electricians",home services ai phone agent,0,0.0,UNKNOWN
Manufacturing & Industrial,ai in manufacturing operations,0,0.0,UNKNOWN
Manufacturing & Industrial,manufacturing workflow automation ai,0,0.0,UNKNOWN
Manufacturing & Industrial,industrial ai automation,0,0.0,UNKNOWN
Manufacturing & Industrial,ai rfq automation manufacturing,0,0.0,UNKNOWN
Manufacturing & Industrial,predictive maintenance ai agent,0,0.0,UNKNOWN
Wholesale Distribution & Supply Chain,b2b wholesale ai automation,0,0.0,UNKNOWN
Wholesale Distribution & Supply Chain,edi automation ai,0,0.0,UNKNOWN
Wholesale Distribution & Supply Chain,purchase order automation ai,0,0.0,UNKNOWN
Wholesale Distribution & Supply Chain,logistics ai workflow automation,0,0.0,UNKNOWN
Wholesale Distribution & Supply Chain,supply chain orchestration ai,0,0.0,UNKNOWN
Wholesale Distribution & Supply Chain,automated quotation ai b2b,0,0.0,UNKNOWN
"Automotive, Dealerships & Spare Parts",car dealership ai voice agent,0,0.0,UNKNOWN
"Automotive, Dealerships & Spare Parts",ai answering service for auto repair,0,0.0,UNKNOWN
"Automotive, Dealerships & Spare Parts",dealership service booking ai,0,0.0,UNKNOWN
"Automotive, Dealerships & Spare Parts",auto parts catalog ai,0,0.0,UNKNOWN
"Automotive, Dealerships & Spare Parts",automotive ai receptionist,0,0.0,UNKNOWN
"Automotive, Dealerships & Spare Parts",car dealer ai bdc,0,0.0,UNKNOWN
"Automotive, Dealerships & Spare Parts",auto body shop ai answering,0,0.0,UNKNOWN
"Chemicals, Biotech & Pharmaceuticals",ai for pharma compliance,0,0.0,UNKNOWN
"Chemicals, Biotech & Pharmaceuticals",pharmaceutical manufacturing ai automation,0,0.0,UNKNOWN
"Chemicals, Biotech & Pharmaceuticals",regulatory compliance ai agent,0,0.0,UNKNOWN
"Chemicals, Biotech & Pharmaceuticals",chemical batch record automation ai,0,0.0,UNKNOWN
"Chemicals, Biotech & Pharmaceuticals",biotech regulatory automation ai,0,0.0,UNKNOWN
Food & Beverage & Hospitality,restaurant ai phone agent,0,0.0,UNKNOWN
Food & Beverage & Hospitality,restaurant reservation ai agent,0,0.0,UNKNOWN
Food & Beverage & Hospitality,food manufacturing ai automation,0,0.0,UNKNOWN
Food & Beverage & Hospitality,hospitality ai concierge agent,0,0.0,UNKNOWN
Retail & Fashion / Lifestyle,retail ai customer service agent,0,0.0,UNKNOWN
Retail & Fashion / Lifestyle,fashion ecommerce ai agent,0,0.0,UNKNOWN
Retail & Fashion / Lifestyle,ai shopping assistant for retail,0,0.0,UNKNOWN
Retail & Fashion / Lifestyle,ecommerce return automation ai,0,0.0,UNKNOWN
Retail & Fashion / Lifestyle,retail inventory replenishment ai,0,0.0,UNKNOWN
Agriculture & Farming,ai in agriculture automation,0,0.0,UNKNOWN
Agriculture & Farming,farming workflow automation ai,0,0.0,UNKNOWN
Agriculture & Farming,agritech ai automation,0,0.0,UNKNOWN
